filepath,filename,width,height,mode
/content/elpv-dataset/src/elpv_dataset/data/images/cell0608.png,cell0608.png,300,300,L
/content/elpv-dataset/src/elpv_dataset/data/images/cell0385.png,cell0385.png,300,300,L
/content/elpv-dataset/src/elpv_dataset/data/images/cell1030.png,cell1030.png,300,300,L
/content/elpv-dataset/src/elpv_dataset/data/images/cell2223.png,cell2223.png,300,300,L
/content/elpv-dataset/src/elpv_dataset/data/images/cell1013.png,cell1013.png,300,300,L
/content/elpv-dataset/src/elpv_dataset/data/images/cell0046.png,cell0046.png,300,300,L
/content/elpv-dataset/src/elpv_dataset/data/images/cell2364.png,cell2364.png,300,300,L
/content/elpv-dataset/src/elpv_dataset/data/images/cell2624.png,cell2624.png,300,300,L
/content/elpv-dataset/src/elpv_dataset/data/images/cell1944.png,cell1944.png,300,300,L
/content/elpv-dataset/src/elpv_dataset/data/images/cell0943.png,cell0943.png,300,300,L
/content/elpv-dataset/src/elpv_dataset/data/images/cell1806.png,cell1806.png,300,300,L
/content/elpv-dataset/src/elpv_dataset/data/images/cell1406.png,cell1406.png,300,300,L
/content/elpv-dataset/src/elpv_dataset/data/images/cell1051.png,cell1051.png,300,300,L
/content/elpv-dataset/src/elpv_dataset/data/images/cell1764.png,cell1764.png,300,300,L
/content/elpv-dataset/src/elpv_dataset/data/images/cell1338.png,cell1338.png,300,300,L
/content/elpv-dataset/src/elpv_dataset/data/images/cell2286.png,cell2286.png,300,300,L
/content/elpv-dataset/src/elpv_dataset/data/images/cell0578.png,cell0578.png,300,300,L
/content/elpv-dataset/src/elpv_dataset/data/images/cell1218.png,cell1218.png,300,300,L
/content/elpv-dataset/src/elpv_dataset/data/images/cell0545.png,cell0545.png,300,300,L
/content/elpv-dataset/src/elpv_dataset/data/images/cell0194.png,cell0194.png,300,300,L
/content/elpv-dataset/src/elpv_dataset/data/images/cell1711.png,cell1711.png,300,300,L
/content/elpv-dataset/src/elpv_dataset/data/images/cell1742.png,cell1742.png,300,300,L
/content/elpv-dataset/src/elpv_dataset/data/images/cell0765.png,cell0765.png,300,300,L
/content/elpv-dataset/src/elpv_dataset/data/images/cell1123.png,cell1123.png,300,300,L
/content/elpv-dataset/src/elpv_dataset/data/images/cell0469.png,cell0469.png,300,300,L
/content/elpv-dataset/src/elpv_dataset/data/images/cell0775.png,cell0775.png,300,300,L
/content/elpv-dataset/src/elpv_dataset/data/images/cell1353.png,cell1353.png,300,300,L
/content/elpv-dataset/src/elpv_dataset/data/images/cell2597.png,cell2597.png,300,300,L
/content/elpv-dataset/src/elpv_dataset/data/images/cell2017.png,cell2017.png,300,300,L
/content/elpv-dataset/src/elpv_dataset/data/images/cell1991.png,cell1991.png,300,300,L
/content/elpv-dataset/src/elpv_dataset/data/images/cell1544.png,cell1544.png,300,300,L
/content/elpv-dataset/src/elpv_dataset/data/images/cell0746.png,cell0746.png,300,300,L
/content/elpv-dataset/src/elpv_dataset/data/images/cell0623.png,cell0623.png,300,300,L
/content/elpv-dataset/src/elpv_dataset/data/images/cell2124.png,cell2124.png,300,300,L
/content/elpv-dataset/src/elpv_dataset/data/images/cell0212.png,cell0212.png,300,300,L
/content/elpv-dataset/src/elpv_dataset/data/images/cell1978.png,cell1978.png,300,300,L
/content/elpv-dataset/src/elpv_dataset/data/images/cell1250.png,cell1250.png,300,300,L
/content/elpv-dataset/src/elpv_dataset/data/images/cell0313.png,cell0313.png,300,300,L
/content/elpv-dataset/src/elpv_dataset/data/images/cell2004.png,cell2004.png,300,300,L
/content/elpv-dataset/src/elpv_dataset/data/images/cell2388.png,cell2388.png,300,300,L
/content/elpv-dataset/src/elpv_dataset/data/images/cell2357.png,cell2357.png,300,300,L
/content/elpv-dataset/src/elpv_dataset/data/images/cell0073.png,cell0073.png,300,300,L
/content/elpv-dataset/src/elpv_dataset/data/images/cell2499.png,cell2499.png,300,300,L
/content/elpv-dataset/src/elpv_dataset/data/images/cell0361.png,cell0361.png,300,300,L
/content/elpv-dataset/src/elpv_dataset/data/images/cell2066.png,cell2066.png,300,300,L
/content/elpv-dataset/src/elpv_dataset/data/images/cell1518.png,cell1518.png,300,300,L
/content/elpv-dataset/src/elpv_dataset/data/images/cell1712.png,cell1712.png,300,300,L
/content/elpv-dataset/src/elpv_dataset/data/images/cell2301.png,cell2301.png,300,300,L
/content/elpv-dataset/src/elpv_dataset/data/images/cell0763.png,cell0763.png,300,300,L
/content/elpv-dataset/src/elpv_dataset/data/images/cell0436.png,cell0436.png,300,300,L
/content/elpv-dataset/src/elpv_dataset/data/images/cell2414.png,cell2414.png,300,300,L
/content/elpv-dataset/src/elpv_dataset/data/images/cell2137.png,cell2137.png,300,300,L
/content/elpv-dataset/src/elpv_dataset/data/images/cell0694.png,cell0694.png,300,300,L
/content/elpv-dataset/src/elpv_dataset/data/images/cell2317.png,cell2317.png,300,300,L
/content/elpv-dataset/src/elpv_dataset/data/images/cell1170.png,cell1170.png,300,300,L
/content/elpv-dataset/src/elpv_dataset/data/images/cell1283.png,cell1283.png,300,300,L
/content/elpv-dataset/src/elpv_dataset/data/images/cell1769.png,cell1769.png,300,300,L
/content/elpv-dataset/src/elpv_dataset/data/images/cell0588.png,cell0588.png,300,300,L
/content/elpv-dataset/src/elpv_dataset/data/images/cell1286.png,cell1286.png,300,300,L
/content/elpv-dataset/src/elpv_dataset/data/images/cell2236.png,cell2236.png,300,300,L
/content/elpv-dataset/src/elpv_dataset/data/images/cell0910.png,cell0910.png,300,300,L
/content/elpv-dataset/src/elpv_dataset/data/images/cell0225.png,cell0225.png,300,300,L
/content/elpv-dataset/src/elpv_dataset/data/images/cell2063.png,cell2063.png,300,300,L
/content/elpv-dataset/src/elpv_dataset/data/images/cell0165.png,cell0165.png,300,300,L
/content/elpv-dataset/src/elpv_dataset/data/images/cell0112.png,cell0112.png,300,300,L
/content/elpv-dataset/src/elpv_dataset/data/images/cell0573.png,cell0573.png,300,300,L
/content/elpv-dataset/src/elpv_dataset/data/images/cell2496.png,cell2496.png,300,300,L
/content/elpv-dataset/src/elpv_dataset/data/images/cell1047.png,cell1047.png,300,300,L
/content/elpv-dataset/src/elpv_dataset/data/images/cell0154.png,cell0154.png,300,300,L
/content/elpv-dataset/src/elpv_dataset/data/images/cell2475.png,cell2475.png,300,300,L
/content/elpv-dataset/src/elpv_dataset/data/images/cell1845.png,cell1845.png,300,300,L
/content/elpv-dataset/src/elpv_dataset/data/images/cell0438.png,cell0438.png,300,300,L
/content/elpv-dataset/src/elpv_dataset/data/images/cell1934.png,cell1934.png,300,300,L
/content/elpv-dataset/src/elpv_dataset/data/images/cell1993.png,cell1993.png,300,300,L
/content/elpv-dataset/src/elpv_dataset/data/images/cell2623.png,cell2623.png,300,300,L
/content/elpv-dataset/src/elpv_dataset/data/images/cell1979.png,cell1979.png,300,300,L
/content/elpv-dataset/src/elpv_dataset/data/images/cell2039.png,cell2039.png,300,300,L
/content/elpv-dataset/src/elpv_dataset/data/images/cell1970.png,cell1970.png,300,300,L
/content/elpv-dataset/src/elpv_dataset/data/images/cell0389.png,cell0389.png,300,300,L
/content/elpv-dataset/src/elpv_dataset/data/images/cell0807.png,cell0807.png,300,300,L
/content/elpv-dataset/src/elpv_dataset/data/images/cell0685.png,cell0685.png,300,300,L
/content/elpv-dataset/src/elpv_dataset/data/images/cell1439.png,cell1439.png,300,300,L
/content/elpv-dataset/src/elpv_dataset/data/images/cell1615.png,cell1615.png,300,300,L
/content/elpv-dataset/src/elpv_dataset/data/images/cell2274.png,cell2274.png,300,300,L
/content/elpv-dataset/src/elpv_dataset/data/images/cell2008.png,cell2008.png,300,300,L
/content/elpv-dataset/src/elpv_dataset/data/images/cell1227.png,cell1227.png,300,300,L
/content/elpv-dataset/src/elpv_dataset/data/images/cell0846.png,cell0846.png,300,300,L
/content/elpv-dataset/src/elpv_dataset/data/images/cell0516.png,cell0516.png,300,300,L
/content/elpv-dataset/src/elpv_dataset/data/images/cell2332.png,cell2332.png,300,300,L
/content/elpv-dataset/src/elpv_dataset/data/images/cell1038.png,cell1038.png,300,300,L
/content/elpv-dataset/src/elpv_dataset/data/images/cell1811.png,cell1811.png,300,300,L
/content/elpv-dataset/src/elpv_dataset/data/images/cell0336.png,cell0336.png,300,300,L
/content/elpv-dataset/src/elpv_dataset/data/images/cell2555.png,cell2555.png,300,300,L
/content/elpv-dataset/src/elpv_dataset/data/images/cell2578.png,cell2578.png,300,300,L
/content/elpv-dataset/src/elpv_dataset/data/images/cell0923.png,cell0923.png,300,300,L
/content/elpv-dataset/src/elpv_dataset/data/images/cell2607.png,cell2607.png,300,300,L
/content/elpv-dataset/src/elpv_dataset/data/images/cell0208.png,cell0208.png,300,300,L
/content/elpv-dataset/src/elpv_dataset/data/images/cell0985.png,cell0985.png,300,300,L
/content/elpv-dataset/src/elpv_dataset/data/images/cell1538.png,cell1538.png,300,300,L
/content/elpv-dataset/src/elpv_dataset/data/images/cell2271.png,cell2271.png,300,300,L
/content/elpv-dataset/src/elpv_dataset/data/images/cell1140.png,cell1140.png,300,300,L
/content/elpv-dataset/src/elpv_dataset/data/images/cell0386.png,cell0386.png,300,300,L
/content/elpv-dataset/src/elpv_dataset/data/images/cell0678.png,cell0678.png,300,300,L
/content/elpv-dataset/src/elpv_dataset/data/images/cell0318.png,cell0318.png,300,300,L
/content/elpv-dataset/src/elpv_dataset/data/images/cell1114.png,cell1114.png,300,300,L
/content/elpv-dataset/src/elpv_dataset/data/images/cell0725.png,cell0725.png,300,300,L
/content/elpv-dataset/src/elpv_dataset/data/images/cell1973.png,cell1973.png,300,300,L
/content/elpv-dataset/src/elpv_dataset/data/images/cell1705.png,cell1705.png,300,300,L
/content/elpv-dataset/src/elpv_dataset/data/images/cell0018.png,cell0018.png,300,300,L
/content/elpv-dataset/src/elpv_dataset/data/images/cell1446.png,cell1446.png,300,300,L
/content/elpv-dataset/src/elpv_dataset/data/images/cell0178.png,cell0178.png,300,300,L
/content/elpv-dataset/src/elpv_dataset/data/images/cell0150.png,cell0150.png,300,300,L
/content/elpv-dataset/src/elpv_dataset/data/images/cell2108.png,cell2108.png,300,300,L
/content/elpv-dataset/src/elpv_dataset/data/images/cell0167.png,cell0167.png,300,300,L
/content/elpv-dataset/src/elpv_dataset/data/images/cell1567.png,cell1567.png,300,300,L
/content/elpv-dataset/src/elpv_dataset/data/images/cell0940.png,cell0940.png,300,300,L
/content/elpv-dataset/src/elpv_dataset/data/images/cell0450.png,cell0450.png,300,300,L
/content/elpv-dataset/src/elpv_dataset/data/images/cell0861.png,cell0861.png,300,300,L
/content/elpv-dataset/src/elpv_dataset/data/images/cell0944.png,cell0944.png,300,300,L
/content/elpv-dataset/src/elpv_dataset/data/images/cell2154.png,cell2154.png,300,300,L
/content/elpv-dataset/src/elpv_dataset/data/images/cell1409.png,cell1409.png,300,300,L
/content/elpv-dataset/src/elpv_dataset/data/images/cell1584.png,cell1584.png,300,300,L
/content/elpv-dataset/src/elpv_dataset/data/images/cell1260.png,cell1260.png,300,300,L
/content/elpv-dataset/src/elpv_dataset/data/images/cell2060.png,cell2060.png,300,300,L
/content/elpv-dataset/src/elpv_dataset/data/images/cell2444.png,cell2444.png,300,300,L
/content/elpv-dataset/src/elpv_dataset/data/images/cell0635.png,cell0635.png,300,300,L
/content/elpv-dataset/src/elpv_dataset/data/images/cell0007.png,cell0007.png,300,300,L
/content/elpv-dataset/src/elpv_dataset/data/images/cell0856.png,cell0856.png,300,300,L
/content/elpv-dataset/src/elpv_dataset/data/images/cell2298.png,cell2298.png,300,300,L
/content/elpv-dataset/src/elpv_dataset/data/images/cell1601.png,cell1601.png,300,300,L
/content/elpv-dataset/src/elpv_dataset/data/images/cell0417.png,cell0417.png,300,300,L
/content/elpv-dataset/src/elpv_dataset/data/images/cell0182.png,cell0182.png,300,300,L
/content/elpv-dataset/src/elpv_dataset/data/images/cell1591.png,cell1591.png,300,300,L
/content/elpv-dataset/src/elpv_dataset/data/images/cell1223.png,cell1223.png,300,300,L
/content/elpv-dataset/src/elpv_dataset/data/images/cell1943.png,cell1943.png,300,300,L
/content/elpv-dataset/src/elpv_dataset/data/images/cell1817.png,cell1817.png,300,300,L
/content/elpv-dataset/src/elpv_dataset/data/images/cell0918.png,cell0918.png,300,300,L
/content/elpv-dataset/src/elpv_dataset/data/images/cell0344.png,cell0344.png,300,300,L
/content/elpv-dataset/src/elpv_dataset/data/images/cell0907.png,cell0907.png,300,300,L
/content/elpv-dataset/src/elpv_dataset/data/images/cell0053.png,cell0053.png,300,300,L
/content/elpv-dataset/src/elpv_dataset/data/images/cell2617.png,cell2617.png,300,300,L
/content/elpv-dataset/src/elpv_dataset/data/images/cell1292.png,cell1292.png,300,300,L
/content/elpv-dataset/src/elpv_dataset/data/images/cell1540.png,cell1540.png,300,300,L
/content/elpv-dataset/src/elpv_dataset/data/images/cell0207.png,cell0207.png,300,300,L
/content/elpv-dataset/src/elpv_dataset/data/images/cell1858.png,cell1858.png,300,300,L
/content/elpv-dataset/src/elpv_dataset/data/images/cell1186.png,cell1186.png,300,300,L
/content/elpv-dataset/src/elpv_dataset/data/images/cell0429.png,cell0429.png,300,300,L
/content/elpv-dataset/src/elpv_dataset/data/images/cell1689.png,cell1689.png,300,300,L
/content/elpv-dataset/src/elpv_dataset/data/images/cell1708.png,cell1708.png,300,300,L
/content/elpv-dataset/src/elpv_dataset/data/images/cell2476.png,cell2476.png,300,300,L
/content/elpv-dataset/src/elpv_dataset/data/images/cell0444.png,cell0444.png,300,300,L
/content/elpv-dataset/src/elpv_dataset/data/images/cell1941.png,cell1941.png,300,300,L
/content/elpv-dataset/src/elpv_dataset/data/images/cell0976.png,cell0976.png,300,300,L
/content/elpv-dataset/src/elpv_dataset/data/images/cell2157.png,cell2157.png,300,300,L
/content/elpv-dataset/src/elpv_dataset/data/images/cell1191.png,cell1191.png,300,300,L
/content/elpv-dataset/src/elpv_dataset/data/images/cell0156.png,cell0156.png,300,300,L
/content/elpv-dataset/src/elpv_dataset/data/images/cell1120.png,cell1120.png,300,300,L
/content/elpv-dataset/src/elpv_dataset/data/images/cell1484.png,cell1484.png,300,300,L
/content/elpv-dataset/src/elpv_dataset/data/images/cell2450.png,cell2450.png,300,300,L
/content/elpv-dataset/src/elpv_dataset/data/images/cell2305.png,cell2305.png,300,300,L
/content/elpv-dataset/src/elpv_dataset/data/images/cell1478.png,cell1478.png,300,300,L
/content/elpv-dataset/src/elpv_dataset/data/images/cell1135.png,cell1135.png,300,300,L
/content/elpv-dataset/src/elpv_dataset/data/images/cell1893.png,cell1893.png,300,300,L
/content/elpv-dataset/src/elpv_dataset/data/images/cell0559.png,cell0559.png,300,300,L
/content/elpv-dataset/src/elpv_dataset/data/images/cell1721.png,cell1721.png,300,300,L
/content/elpv-dataset/src/elpv_dataset/data/images/cell2452.png,cell2452.png,300,300,L
/content/elpv-dataset/src/elpv_dataset/data/images/cell1254.png,cell1254.png,300,300,L
/content/elpv-dataset/src/elpv_dataset/data/images/cell0327.png,cell0327.png,300,300,L
/content/elpv-dataset/src/elpv_dataset/data/images/cell2102.png,cell2102.png,300,300,L
/content/elpv-dataset/src/elpv_dataset/data/images/cell0369.png,cell0369.png,300,300,L
/content/elpv-dataset/src/elpv_dataset/data/images/cell1287.png,cell1287.png,300,300,L
/content/elpv-dataset/src/elpv_dataset/data/images/cell1185.png,cell1185.png,300,300,L
/content/elpv-dataset/src/elpv_dataset/data/images/cell1744.png,cell1744.png,300,300,L
/content/elpv-dataset/src/elpv_dataset/data/images/cell0916.png,cell0916.png,300,300,L
/content/elpv-dataset/src/elpv_dataset/data/images/cell0988.png,cell0988.png,300,300,L
/content/elpv-dataset/src/elpv_dataset/data/images/cell1239.png,cell1239.png,300,300,L
/content/elpv-dataset/src/elpv_dataset/data/images/cell0415.png,cell0415.png,300,300,L
/content/elpv-dataset/src/elpv_dataset/data/images/cell0636.png,cell0636.png,300,300,L
/content/elpv-dataset/src/elpv_dataset/data/images/cell1165.png,cell1165.png,300,300,L
/content/elpv-dataset/src/elpv_dataset/data/images/cell1350.png,cell1350.png,300,300,L
/content/elpv-dataset/src/elpv_dataset/data/images/cell0580.png,cell0580.png,300,300,L
/content/elpv-dataset/src/elpv_dataset/data/images/cell0886.png,cell0886.png,300,300,L
/content/elpv-dataset/src/elpv_dataset/data/images/cell0800.png,cell0800.png,300,300,L
/content/elpv-dataset/src/elpv_dataset/data/images/cell0448.png,cell0448.png,300,300,L
/content/elpv-dataset/src/elpv_dataset/data/images/cell0080.png,cell0080.png,300,300,L
/content/elpv-dataset/src/elpv_dataset/data/images/cell1395.png,cell1395.png,300,300,L
/content/elpv-dataset/src/elpv_dataset/data/images/cell2457.png,cell2457.png,300,300,L
/content/elpv-dataset/src/elpv_dataset/data/images/cell2397.png,cell2397.png,300,300,L
/content/elpv-dataset/src/elpv_dataset/data/images/cell1303.png,cell1303.png,300,300,L
/content/elpv-dataset/src/elpv_dataset/data/images/cell0051.png,cell0051.png,300,300,L
/content/elpv-dataset/src/elpv_dataset/data/images/cell0426.png,cell0426.png,300,300,L
/content/elpv-dataset/src/elpv_dataset/data/images/cell2254.png,cell2254.png,300,300,L
/content/elpv-dataset/src/elpv_dataset/data/images/cell0741.png,cell0741.png,300,300,L
/content/elpv-dataset/src/elpv_dataset/data/images/cell2458.png,cell2458.png,300,300,L
/content/elpv-dataset/src/elpv_dataset/data/images/cell2544.png,cell2544.png,300,300,L
/content/elpv-dataset/src/elpv_dataset/data/images/cell0510.png,cell0510.png,300,300,L
/content/elpv-dataset/src/elpv_dataset/data/images/cell1204.png,cell1204.png,300,300,L
/content/elpv-dataset/src/elpv_dataset/data/images/cell0959.png,cell0959.png,300,300,L
/content/elpv-dataset/src/elpv_dataset/data/images/cell1554.png,cell1554.png,300,300,L
/content/elpv-dataset/src/elpv_dataset/data/images/cell1079.png,cell1079.png,300,300,L
/content/elpv-dataset/src/elpv_dataset/data/images/cell0576.png,cell0576.png,300,300,L
/content/elpv-dataset/src/elpv_dataset/data/images/cell0481.png,cell0481.png,300,300,L
/content/elpv-dataset/src/elpv_dataset/data/images/cell2421.png,cell2421.png,300,300,L
/content/elpv-dataset/src/elpv_dataset/data/images/cell0772.png,cell0772.png,300,300,L
/content/elpv-dataset/src/elpv_dataset/data/images/cell0979.png,cell0979.png,300,300,L
/content/elpv-dataset/src/elpv_dataset/data/images/cell2518.png,cell2518.png,300,300,L
/content/elpv-dataset/src/elpv_dataset/data/images/cell1664.png,cell1664.png,300,300,L
/content/elpv-dataset/src/elpv_dataset/data/images/cell1590.png,cell1590.png,300,300,L
/content/elpv-dataset/src/elpv_dataset/data/images/cell2162.png,cell2162.png,300,300,L
/content/elpv-dataset/src/elpv_dataset/data/images/cell1754.png,cell1754.png,300,300,L
/content/elpv-dataset/src/elpv_dataset/data/images/cell1392.png,cell1392.png,300,300,L
/content/elpv-dataset/src/elpv_dataset/data/images/cell1958.png,cell1958.png,300,300,L
/content/elpv-dataset/src/elpv_dataset/data/images/cell2238.png,cell2238.png,300,300,L
/content/elpv-dataset/src/elpv_dataset/data/images/cell0396.png,cell0396.png,300,300,L
/content/elpv-dataset/src/elpv_dataset/data/images/cell1595.png,cell1595.png,300,300,L
/content/elpv-dataset/src/elpv_dataset/data/images/cell1129.png,cell1129.png,300,300,L
/content/elpv-dataset/src/elpv_dataset/data/images/cell0357.png,cell0357.png,300,300,L
/content/elpv-dataset/src/elpv_dataset/data/images/cell0955.png,cell0955.png,300,300,L
/content/elpv-dataset/src/elpv_dataset/data/images/cell1425.png,cell1425.png,300,300,L
/content/elpv-dataset/src/elpv_dataset/data/images/cell1532.png,cell1532.png,300,300,L
/content/elpv-dataset/src/elpv_dataset/data/images/cell1609.png,cell1609.png,300,300,L
/content/elpv-dataset/src/elpv_dataset/data/images/cell0939.png,cell0939.png,300,300,L
/content/elpv-dataset/src/elpv_dataset/data/images/cell0858.png,cell0858.png,300,300,L
/content/elpv-dataset/src/elpv_dataset/data/images/cell2291.png,cell2291.png,300,300,L
/content/elpv-dataset/src/elpv_dataset/data/images/cell1605.png,cell1605.png,300,300,L
/content/elpv-dataset/src/elpv_dataset/data/images/cell0617.png,cell0617.png,300,300,L
/content/elpv-dataset/src/elpv_dataset/data/images/cell0582.png,cell0582.png,300,300,L
/content/elpv-dataset/src/elpv_dataset/data/images/cell0247.png,cell0247.png,300,300,L
/content/elpv-dataset/src/elpv_dataset/data/images/cell0812.png,cell0812.png,300,300,L
/content/elpv-dataset/src/elpv_dataset/data/images/cell0877.png,cell0877.png,300,300,L
/content/elpv-dataset/src/elpv_dataset/data/images/cell0633.png,cell0633.png,300,300,L
/content/elpv-dataset/src/elpv_dataset/data/images/cell0474.png,cell0474.png,300,300,L
/content/elpv-dataset/src/elpv_dataset/data/images/cell1658.png,cell1658.png,300,300,L
/content/elpv-dataset/src/elpv_dataset/data/images/cell1211.png,cell1211.png,300,300,L
/content/elpv-dataset/src/elpv_dataset/data/images/cell2044.png,cell2044.png,300,300,L
/content/elpv-dataset/src/elpv_dataset/data/images/cell2306.png,cell2306.png,300,300,L
/content/elpv-dataset/src/elpv_dataset/data/images/cell0105.png,cell0105.png,300,300,L
/content/elpv-dataset/src/elpv_dataset/data/images/cell2001.png,cell2001.png,300,300,L
/content/elpv-dataset/src/elpv_dataset/data/images/cell1612.png,cell1612.png,300,300,L
/content/elpv-dataset/src/elpv_dataset/data/images/cell2185.png,cell2185.png,300,300,L
/content/elpv-dataset/src/elpv_dataset/data/images/cell1243.png,cell1243.png,300,300,L
/content/elpv-dataset/src/elpv_dataset/data/images/cell1657.png,cell1657.png,300,300,L
/content/elpv-dataset/src/elpv_dataset/data/images/cell0414.png,cell0414.png,300,300,L
/content/elpv-dataset/src/elpv_dataset/data/images/cell0383.png,cell0383.png,300,300,L
/content/elpv-dataset/src/elpv_dataset/data/images/cell2465.png,cell2465.png,300,300,L
/content/elpv-dataset/src/elpv_dataset/data/images/cell2248.png,cell2248.png,300,300,L
/content/elpv-dataset/src/elpv_dataset/data/images/cell2314.png,cell2314.png,300,300,L
/content/elpv-dataset/src/elpv_dataset/data/images/cell1365.png,cell1365.png,300,300,L
/content/elpv-dataset/src/elpv_dataset/data/images/cell0198.png,cell0198.png,300,300,L
/content/elpv-dataset/src/elpv_dataset/data/images/cell1354.png,cell1354.png,300,300,L
/content/elpv-dataset/src/elpv_dataset/data/images/cell1148.png,cell1148.png,300,300,L
/content/elpv-dataset/src/elpv_dataset/data/images/cell0770.png,cell0770.png,300,300,L
/content/elpv-dataset/src/elpv_dataset/data/images/cell1008.png,cell1008.png,300,300,L
/content/elpv-dataset/src/elpv_dataset/data/images/cell1869.png,cell1869.png,300,300,L
/content/elpv-dataset/src/elpv_dataset/data/images/cell0579.png,cell0579.png,300,300,L
/content/elpv-dataset/src/elpv_dataset/data/images/cell2003.png,cell2003.png,300,300,L
/content/elpv-dataset/src/elpv_dataset/data/images/cell2278.png,cell2278.png,300,300,L
/content/elpv-dataset/src/elpv_dataset/data/images/cell1400.png,cell1400.png,300,300,L
/content/elpv-dataset/src/elpv_dataset/data/images/cell1715.png,cell1715.png,300,300,L
/content/elpv-dataset/src/elpv_dataset/data/images/cell2165.png,cell2165.png,300,300,L
/content/elpv-dataset/src/elpv_dataset/data/images/cell2581.png,cell2581.png,300,300,L
/content/elpv-dataset/src/elpv_dataset/data/images/cell0495.png,cell0495.png,300,300,L
/content/elpv-dataset/src/elpv_dataset/data/images/cell2307.png,cell2307.png,300,300,L
/content/elpv-dataset/src/elpv_dataset/data/images/cell1740.png,cell1740.png,300,300,L
/content/elpv-dataset/src/elpv_dataset/data/images/cell2113.png,cell2113.png,300,300,L
/content/elpv-dataset/src/elpv_dataset/data/images/cell2040.png,cell2040.png,300,300,L
/content/elpv-dataset/src/elpv_dataset/data/images/cell2552.png,cell2552.png,300,300,L
/content/elpv-dataset/src/elpv_dataset/data/images/cell0897.png,cell0897.png,300,300,L
/content/elpv-dataset/src/elpv_dataset/data/images/cell2080.png,cell2080.png,300,300,L
/content/elpv-dataset/src/elpv_dataset/data/images/cell1951.png,cell1951.png,300,300,L
/content/elpv-dataset/src/elpv_dataset/data/images/cell2365.png,cell2365.png,300,300,L
/content/elpv-dataset/src/elpv_dataset/data/images/cell0226.png,cell0226.png,300,300,L
/content/elpv-dataset/src/elpv_dataset/data/images/cell0420.png,cell0420.png,300,300,L
/content/elpv-dataset/src/elpv_dataset/data/images/cell0115.png,cell0115.png,300,300,L
/content/elpv-dataset/src/elpv_dataset/data/images/cell0333.png,cell0333.png,300,300,L
/content/elpv-dataset/src/elpv_dataset/data/images/cell1670.png,cell1670.png,300,300,L
/content/elpv-dataset/src/elpv_dataset/data/images/cell1738.png,cell1738.png,300,300,L
/content/elpv-dataset/src/elpv_dataset/data/images/cell2296.png,cell2296.png,300,300,L
/content/elpv-dataset/src/elpv_dataset/data/images/cell2126.png,cell2126.png,300,300,L
/content/elpv-dataset/src/elpv_dataset/data/images/cell1988.png,cell1988.png,300,300,L
/content/elpv-dataset/src/elpv_dataset/data/images/cell0645.png,cell0645.png,300,300,L
/content/elpv-dataset/src/elpv_dataset/data/images/cell0308.png,cell0308.png,300,300,L
/content/elpv-dataset/src/elpv_dataset/data/images/cell1636.png,cell1636.png,300,300,L
/content/elpv-dataset/src/elpv_dataset/data/images/cell1940.png,cell1940.png,300,300,L
/content/elpv-dataset/src/elpv_dataset/data/images/cell1037.png,cell1037.png,300,300,L
/content/elpv-dataset/src/elpv_dataset/data/images/cell1169.png,cell1169.png,300,300,L
/content/elpv-dataset/src/elpv_dataset/data/images/cell2514.png,cell2514.png,300,300,L
/content/elpv-dataset/src/elpv_dataset/data/images/cell0089.png,cell0089.png,300,300,L
/content/elpv-dataset/src/elpv_dataset/data/images/cell0734.png,cell0734.png,300,300,L
/content/elpv-dataset/src/elpv_dataset/data/images/cell0363.png,cell0363.png,300,300,L
/content/elpv-dataset/src/elpv_dataset/data/images/cell0406.png,cell0406.png,300,300,L
/content/elpv-dataset/src/elpv_dataset/data/images/cell1006.png,cell1006.png,300,300,L
/content/elpv-dataset/src/elpv_dataset/data/images/cell1672.png,cell1672.png,300,300,L
/content/elpv-dataset/src/elpv_dataset/data/images/cell2175.png,cell2175.png,300,300,L
/content/elpv-dataset/src/elpv_dataset/data/images/cell0860.png,cell0860.png,300,300,L
/content/elpv-dataset/src/elpv_dataset/data/images/cell1644.png,cell1644.png,300,300,L
/content/elpv-dataset/src/elpv_dataset/data/images/cell0166.png,cell0166.png,300,300,L
/content/elpv-dataset/src/elpv_dataset/data/images/cell1246.png,cell1246.png,300,300,L
/content/elpv-dataset/src/elpv_dataset/data/images/cell0445.png,cell0445.png,300,300,L
/content/elpv-dataset/src/elpv_dataset/data/images/cell0374.png,cell0374.png,300,300,L
/content/elpv-dataset/src/elpv_dataset/data/images/cell1359.png,cell1359.png,300,300,L
/content/elpv-dataset/src/elpv_dataset/data/images/cell1041.png,cell1041.png,300,300,L
/content/elpv-dataset/src/elpv_dataset/data/images/cell0536.png,cell0536.png,300,300,L
/content/elpv-dataset/src/elpv_dataset/data/images/cell1050.png,cell1050.png,300,300,L
/content/elpv-dataset/src/elpv_dataset/data/images/cell0494.png,cell0494.png,300,300,L
/content/elpv-dataset/src/elpv_dataset/data/images/cell0870.png,cell0870.png,300,300,L
/content/elpv-dataset/src/elpv_dataset/data/images/cell0587.png,cell0587.png,300,300,L
/content/elpv-dataset/src/elpv_dataset/data/images/cell0410.png,cell0410.png,300,300,L
/content/elpv-dataset/src/elpv_dataset/data/images/cell2161.png,cell2161.png,300,300,L
/content/elpv-dataset/src/elpv_dataset/data/images/cell2225.png,cell2225.png,300,300,L
/content/elpv-dataset/src/elpv_dataset/data/images/cell1695.png,cell1695.png,300,300,L
/content/elpv-dataset/src/elpv_dataset/data/images/cell0175.png,cell0175.png,300,300,L
/content/elpv-dataset/src/elpv_dataset/data/images/cell2348.png,cell2348.png,300,300,L
/content/elpv-dataset/src/elpv_dataset/data/images/cell0630.png,cell0630.png,300,300,L
/content/elpv-dataset/src/elpv_dataset/data/images/cell1508.png,cell1508.png,300,300,L
/content/elpv-dataset/src/elpv_dataset/data/images/cell0319.png,cell0319.png,300,300,L
/content/elpv-dataset/src/elpv_dataset/data/images/cell1709.png,cell1709.png,300,300,L
/content/elpv-dataset/src/elpv_dataset/data/images/cell0563.png,cell0563.png,300,300,L
/content/elpv-dataset/src/elpv_dataset/data/images/cell0996.png,cell0996.png,300,300,L
/content/elpv-dataset/src/elpv_dataset/data/images/cell1897.png,cell1897.png,300,300,L
/content/elpv-dataset/src/elpv_dataset/data/images/cell2463.png,cell2463.png,300,300,L
/content/elpv-dataset/src/elpv_dataset/data/images/cell0884.png,cell0884.png,300,300,L
/content/elpv-dataset/src/elpv_dataset/data/images/cell0945.png,cell0945.png,300,300,L
/content/elpv-dataset/src/elpv_dataset/data/images/cell0301.png,cell0301.png,300,300,L
/content/elpv-dataset/src/elpv_dataset/data/images/cell1394.png,cell1394.png,300,300,L
/content/elpv-dataset/src/elpv_dataset/data/images/cell0548.png,cell0548.png,300,300,L
/content/elpv-dataset/src/elpv_dataset/data/images/cell1313.png,cell1313.png,300,300,L
/content/elpv-dataset/src/elpv_dataset/data/images/cell0248.png,cell0248.png,300,300,L
/content/elpv-dataset/src/elpv_dataset/data/images/cell1623.png,cell1623.png,300,300,L
/content/elpv-dataset/src/elpv_dataset/data/images/cell0686.png,cell0686.png,300,300,L
/content/elpv-dataset/src/elpv_dataset/data/images/cell0441.png,cell0441.png,300,300,L
/content/elpv-dataset/src/elpv_dataset/data/images/cell2186.png,cell2186.png,300,300,L
/content/elpv-dataset/src/elpv_dataset/data/images/cell0181.png,cell0181.png,300,300,L
/content/elpv-dataset/src/elpv_dataset/data/images/cell1215.png,cell1215.png,300,300,L
/content/elpv-dataset/src/elpv_dataset/data/images/cell2213.png,cell2213.png,300,300,L
/content/elpv-dataset/src/elpv_dataset/data/images/cell1180.png,cell1180.png,300,300,L
/content/elpv-dataset/src/elpv_dataset/data/images/cell2410.png,cell2410.png,300,300,L
/content/elpv-dataset/src/elpv_dataset/data/images/cell0605.png,cell0605.png,300,300,L
/content/elpv-dataset/src/elpv_dataset/data/images/cell2156.png,cell2156.png,300,300,L
/content/elpv-dataset/src/elpv_dataset/data/images/cell0728.png,cell0728.png,300,300,L
/content/elpv-dataset/src/elpv_dataset/data/images/cell1271.png,cell1271.png,300,300,L
/content/elpv-dataset/src/elpv_dataset/data/images/cell2372.png,cell2372.png,300,300,L
/content/elpv-dataset/src/elpv_dataset/data/images/cell1076.png,cell1076.png,300,300,L
/content/elpv-dataset/src/elpv_dataset/data/images/cell0776.png,cell0776.png,300,300,L
/content/elpv-dataset/src/elpv_dataset/data/images/cell1771.png,cell1771.png,300,300,L
/content/elpv-dataset/src/elpv_dataset/data/images/cell2576.png,cell2576.png,300,300,L
/content/elpv-dataset/src/elpv_dataset/data/images/cell0716.png,cell0716.png,300,300,L
/content/elpv-dataset/src/elpv_dataset/data/images/cell0614.png,cell0614.png,300,300,L
/content/elpv-dataset/src/elpv_dataset/data/images/cell2506.png,cell2506.png,300,300,L
/content/elpv-dataset/src/elpv_dataset/data/images/cell1987.png,cell1987.png,300,300,L
/content/elpv-dataset/src/elpv_dataset/data/images/cell2148.png,cell2148.png,300,300,L
/content/elpv-dataset/src/elpv_dataset/data/images/cell1982.png,cell1982.png,300,300,L
/content/elpv-dataset/src/elpv_dataset/data/images/cell0549.png,cell0549.png,300,300,L
/content/elpv-dataset/src/elpv_dataset/data/images/cell1528.png,cell1528.png,300,300,L
/content/elpv-dataset/src/elpv_dataset/data/images/cell1682.png,cell1682.png,300,300,L
/content/elpv-dataset/src/elpv_dataset/data/images/cell1671.png,cell1671.png,300,300,L
/content/elpv-dataset/src/elpv_dataset/data/images/cell0077.png,cell0077.png,300,300,L
/content/elpv-dataset/src/elpv_dataset/data/images/cell0376.png,cell0376.png,300,300,L
/content/elpv-dataset/src/elpv_dataset/data/images/cell1677.png,cell1677.png,300,300,L
/content/elpv-dataset/src/elpv_dataset/data/images/cell1272.png,cell1272.png,300,300,L
/content/elpv-dataset/src/elpv_dataset/data/images/cell1696.png,cell1696.png,300,300,L
/content/elpv-dataset/src/elpv_dataset/data/images/cell1476.png,cell1476.png,300,300,L
/content/elpv-dataset/src/elpv_dataset/data/images/cell2398.png,cell2398.png,300,300,L
/content/elpv-dataset/src/elpv_dataset/data/images/cell0306.png,cell0306.png,300,300,L
/content/elpv-dataset/src/elpv_dataset/data/images/cell2025.png,cell2025.png,300,300,L
/content/elpv-dataset/src/elpv_dataset/data/images/cell1288.png,cell1288.png,300,300,L
/content/elpv-dataset/src/elpv_dataset/data/images/cell1062.png,cell1062.png,300,300,L
/content/elpv-dataset/src/elpv_dataset/data/images/cell2337.png,cell2337.png,300,300,L
/content/elpv-dataset/src/elpv_dataset/data/images/cell1915.png,cell1915.png,300,300,L
/content/elpv-dataset/src/elpv_dataset/data/images/cell0364.png,cell0364.png,300,300,L
/content/elpv-dataset/src/elpv_dataset/data/images/cell1841.png,cell1841.png,300,300,L
/content/elpv-dataset/src/elpv_dataset/data/images/cell0503.png,cell0503.png,300,300,L
/content/elpv-dataset/src/elpv_dataset/data/images/cell2241.png,cell2241.png,300,300,L
/content/elpv-dataset/src/elpv_dataset/data/images/cell0202.png,cell0202.png,300,300,L
/content/elpv-dataset/src/elpv_dataset/data/images/cell0281.png,cell0281.png,300,300,L
/content/elpv-dataset/src/elpv_dataset/data/images/cell0102.png,cell0102.png,300,300,L
/content/elpv-dataset/src/elpv_dataset/data/images/cell2525.png,cell2525.png,300,300,L
/content/elpv-dataset/src/elpv_dataset/data/images/cell0815.png,cell0815.png,300,300,L
/content/elpv-dataset/src/elpv_dataset/data/images/cell1086.png,cell1086.png,300,300,L
/content/elpv-dataset/src/elpv_dataset/data/images/cell0610.png,cell0610.png,300,300,L
/content/elpv-dataset/src/elpv_dataset/data/images/cell0737.png,cell0737.png,300,300,L
/content/elpv-dataset/src/elpv_dataset/data/images/cell0642.png,cell0642.png,300,300,L
/content/elpv-dataset/src/elpv_dataset/data/images/cell0803.png,cell0803.png,300,300,L
/content/elpv-dataset/src/elpv_dataset/data/images/cell2229.png,cell2229.png,300,300,L
/content/elpv-dataset/src/elpv_dataset/data/images/cell2505.png,cell2505.png,300,300,L
/content/elpv-dataset/src/elpv_dataset/data/images/cell1949.png,cell1949.png,300,300,L
/content/elpv-dataset/src/elpv_dataset/data/images/cell0061.png,cell0061.png,300,300,L
/content/elpv-dataset/src/elpv_dataset/data/images/cell2171.png,cell2171.png,300,300,L
/content/elpv-dataset/src/elpv_dataset/data/images/cell0554.png,cell0554.png,300,300,L
/content/elpv-dataset/src/elpv_dataset/data/images/cell0378.png,cell0378.png,300,300,L
/content/elpv-dataset/src/elpv_dataset/data/images/cell1160.png,cell1160.png,300,300,L
/content/elpv-dataset/src/elpv_dataset/data/images/cell2010.png,cell2010.png,300,300,L
/content/elpv-dataset/src/elpv_dataset/data/images/cell0525.png,cell0525.png,300,300,L
/content/elpv-dataset/src/elpv_dataset/data/images/cell0784.png,cell0784.png,300,300,L
/content/elpv-dataset/src/elpv_dataset/data/images/cell1763.png,cell1763.png,300,300,L
/content/elpv-dataset/src/elpv_dataset/data/images/cell2335.png,cell2335.png,300,300,L
/content/elpv-dataset/src/elpv_dataset/data/images/cell2231.png,cell2231.png,300,300,L
/content/elpv-dataset/src/elpv_dataset/data/images/cell2267.png,cell2267.png,300,300,L
/content/elpv-dataset/src/elpv_dataset/data/images/cell0387.png,cell0387.png,300,300,L
/content/elpv-dataset/src/elpv_dataset/data/images/cell0864.png,cell0864.png,300,300,L
/content/elpv-dataset/src/elpv_dataset/data/images/cell0138.png,cell0138.png,300,300,L
/content/elpv-dataset/src/elpv_dataset/data/images/cell0523.png,cell0523.png,300,300,L
/content/elpv-dataset/src/elpv_dataset/data/images/cell1507.png,cell1507.png,300,300,L
/content/elpv-dataset/src/elpv_dataset/data/images/cell1519.png,cell1519.png,300,300,L
/content/elpv-dataset/src/elpv_dataset/data/images/cell1931.png,cell1931.png,300,300,L
/content/elpv-dataset/src/elpv_dataset/data/images/cell2424.png,cell2424.png,300,300,L
/content/elpv-dataset/src/elpv_dataset/data/images/cell0237.png,cell0237.png,300,300,L
/content/elpv-dataset/src/elpv_dataset/data/images/cell1818.png,cell1818.png,300,300,L
/content/elpv-dataset/src/elpv_dataset/data/images/cell2079.png,cell2079.png,300,300,L
/content/elpv-dataset/src/elpv_dataset/data/images/cell0626.png,cell0626.png,300,300,L
/content/elpv-dataset/src/elpv_dataset/data/images/cell1217.png,cell1217.png,300,300,L
/content/elpv-dataset/src/elpv_dataset/data/images/cell1932.png,cell1932.png,300,300,L
/content/elpv-dataset/src/elpv_dataset/data/images/cell0082.png,cell0082.png,300,300,L
/content/elpv-dataset/src/elpv_dataset/data/images/cell2456.png,cell2456.png,300,300,L
/content/elpv-dataset/src/elpv_dataset/data/images/cell1306.png,cell1306.png,300,300,L
/content/elpv-dataset/src/elpv_dataset/data/images/cell1159.png,cell1159.png,300,300,L
/content/elpv-dataset/src/elpv_dataset/data/images/cell0618.png,cell0618.png,300,300,L
/content/elpv-dataset/src/elpv_dataset/data/images/cell0050.png,cell0050.png,300,300,L
/content/elpv-dataset/src/elpv_dataset/data/images/cell0001.png,cell0001.png,300,300,L
/content/elpv-dataset/src/elpv_dataset/data/images/cell1456.png,cell1456.png,300,300,L
/content/elpv-dataset/src/elpv_dataset/data/images/cell2494.png,cell2494.png,300,300,L
/content/elpv-dataset/src/elpv_dataset/data/images/cell2047.png,cell2047.png,300,300,L
/content/elpv-dataset/src/elpv_dataset/data/images/cell2078.png,cell2078.png,300,300,L
/content/elpv-dataset/src/elpv_dataset/data/images/cell1081.png,cell1081.png,300,300,L
/content/elpv-dataset/src/elpv_dataset/data/images/cell2419.png,cell2419.png,300,300,L
/content/elpv-dataset/src/elpv_dataset/data/images/cell1832.png,cell1832.png,300,300,L
/content/elpv-dataset/src/elpv_dataset/data/images/cell2383.png,cell2383.png,300,300,L
/content/elpv-dataset/src/elpv_dataset/data/images/cell1242.png,cell1242.png,300,300,L
/content/elpv-dataset/src/elpv_dataset/data/images/cell1617.png,cell1617.png,300,300,L
/content/elpv-dataset/src/elpv_dataset/data/images/cell0037.png,cell0037.png,300,300,L
/content/elpv-dataset/src/elpv_dataset/data/images/cell1999.png,cell1999.png,300,300,L
/content/elpv-dataset/src/elpv_dataset/data/images/cell1775.png,cell1775.png,300,300,L
/content/elpv-dataset/src/elpv_dataset/data/images/cell0332.png,cell0332.png,300,300,L
/content/elpv-dataset/src/elpv_dataset/data/images/cell1044.png,cell1044.png,300,300,L
/content/elpv-dataset/src/elpv_dataset/data/images/cell1727.png,cell1727.png,300,300,L
/content/elpv-dataset/src/elpv_dataset/data/images/cell0136.png,cell0136.png,300,300,L
/content/elpv-dataset/src/elpv_dataset/data/images/cell2394.png,cell2394.png,300,300,L
/content/elpv-dataset/src/elpv_dataset/data/images/cell2413.png,cell2413.png,300,300,L
/content/elpv-dataset/src/elpv_dataset/data/images/cell2548.png,cell2548.png,300,300,L
/content/elpv-dataset/src/elpv_dataset/data/images/cell1890.png,cell1890.png,300,300,L
/content/elpv-dataset/src/elpv_dataset/data/images/cell2539.png,cell2539.png,300,300,L
/content/elpv-dataset/src/elpv_dataset/data/images/cell0880.png,cell0880.png,300,300,L
/content/elpv-dataset/src/elpv_dataset/data/images/cell2121.png,cell2121.png,300,300,L
/content/elpv-dataset/src/elpv_dataset/data/images/cell2313.png,cell2313.png,300,300,L
/content/elpv-dataset/src/elpv_dataset/data/images/cell1853.png,cell1853.png,300,300,L
/content/elpv-dataset/src/elpv_dataset/data/images/cell1436.png,cell1436.png,300,300,L
/content/elpv-dataset/src/elpv_dataset/data/images/cell0499.png,cell0499.png,300,300,L
/content/elpv-dataset/src/elpv_dataset/data/images/cell1447.png,cell1447.png,300,300,L
/content/elpv-dataset/src/elpv_dataset/data/images/cell2345.png,cell2345.png,300,300,L
/content/elpv-dataset/src/elpv_dataset/data/images/cell1147.png,cell1147.png,300,300,L
/content/elpv-dataset/src/elpv_dataset/data/images/cell1056.png,cell1056.png,300,300,L
/content/elpv-dataset/src/elpv_dataset/data/images/cell0731.png,cell0731.png,300,300,L
/content/elpv-dataset/src/elpv_dataset/data/images/cell1967.png,cell1967.png,300,300,L
/content/elpv-dataset/src/elpv_dataset/data/images/cell0170.png,cell0170.png,300,300,L
/content/elpv-dataset/src/elpv_dataset/data/images/cell2037.png,cell2037.png,300,300,L
/content/elpv-dataset/src/elpv_dataset/data/images/cell2083.png,cell2083.png,300,300,L
/content/elpv-dataset/src/elpv_dataset/data/images/cell1143.png,cell1143.png,300,300,L
/content/elpv-dataset/src/elpv_dataset/data/images/cell0821.png,cell0821.png,300,300,L
/content/elpv-dataset/src/elpv_dataset/data/images/cell0296.png,cell0296.png,300,300,L
/content/elpv-dataset/src/elpv_dataset/data/images/cell0754.png,cell0754.png,300,300,L
/content/elpv-dataset/src/elpv_dataset/data/images/cell1290.png,cell1290.png,300,300,L
/content/elpv-dataset/src/elpv_dataset/data/images/cell0530.png,cell0530.png,300,300,L
/content/elpv-dataset/src/elpv_dataset/data/images/cell1568.png,cell1568.png,300,300,L
/content/elpv-dataset/src/elpv_dataset/data/images/cell1414.png,cell1414.png,300,300,L
/content/elpv-dataset/src/elpv_dataset/data/images/cell2142.png,cell2142.png,300,300,L
/content/elpv-dataset/src/elpv_dataset/data/images/cell0854.png,cell0854.png,300,300,L
/content/elpv-dataset/src/elpv_dataset/data/images/cell1073.png,cell1073.png,300,300,L
/content/elpv-dataset/src/elpv_dataset/data/images/cell0927.png,cell0927.png,300,300,L
/content/elpv-dataset/src/elpv_dataset/data/images/cell0936.png,cell0936.png,300,300,L
/content/elpv-dataset/src/elpv_dataset/data/images/cell1876.png,cell1876.png,300,300,L
/content/elpv-dataset/src/elpv_dataset/data/images/cell2111.png,cell2111.png,300,300,L
/content/elpv-dataset/src/elpv_dataset/data/images/cell0881.png,cell0881.png,300,300,L
/content/elpv-dataset/src/elpv_dataset/data/images/cell1965.png,cell1965.png,300,300,L
/content/elpv-dataset/src/elpv_dataset/data/images/cell0732.png,cell0732.png,300,300,L
/content/elpv-dataset/src/elpv_dataset/data/images/cell0125.png,cell0125.png,300,300,L
/content/elpv-dataset/src/elpv_dataset/data/images/cell1552.png,cell1552.png,300,300,L
/content/elpv-dataset/src/elpv_dataset/data/images/cell0011.png,cell0011.png,300,300,L
/content/elpv-dataset/src/elpv_dataset/data/images/cell0164.png,cell0164.png,300,300,L
/content/elpv-dataset/src/elpv_dataset/data/images/cell2114.png,cell2114.png,300,300,L
/content/elpv-dataset/src/elpv_dataset/data/images/cell0908.png,cell0908.png,300,300,L
/content/elpv-dataset/src/elpv_dataset/data/images/cell0271.png,cell0271.png,300,300,L
/content/elpv-dataset/src/elpv_dataset/data/images/cell0826.png,cell0826.png,300,300,L
/content/elpv-dataset/src/elpv_dataset/data/images/cell0562.png,cell0562.png,300,300,L
/content/elpv-dataset/src/elpv_dataset/data/images/cell0430.png,cell0430.png,300,300,L
/content/elpv-dataset/src/elpv_dataset/data/images/cell2395.png,cell2395.png,300,300,L
/content/elpv-dataset/src/elpv_dataset/data/images/cell0498.png,cell0498.png,300,300,L
/content/elpv-dataset/src/elpv_dataset/data/images/cell2478.png,cell2478.png,300,300,L
/content/elpv-dataset/src/elpv_dataset/data/images/cell0479.png,cell0479.png,300,300,L
/content/elpv-dataset/src/elpv_dataset/data/images/cell0705.png,cell0705.png,300,300,L
/content/elpv-dataset/src/elpv_dataset/data/images/cell1093.png,cell1093.png,300,300,L
/content/elpv-dataset/src/elpv_dataset/data/images/cell1648.png,cell1648.png,300,300,L
/content/elpv-dataset/src/elpv_dataset/data/images/cell1589.png,cell1589.png,300,300,L
/content/elpv-dataset/src/elpv_dataset/data/images/cell2532.png,cell2532.png,300,300,L
/content/elpv-dataset/src/elpv_dataset/data/images/cell1277.png,cell1277.png,300,300,L
/content/elpv-dataset/src/elpv_dataset/data/images/cell0738.png,cell0738.png,300,300,L
/content/elpv-dataset/src/elpv_dataset/data/images/cell0235.png,cell0235.png,300,300,L
/content/elpv-dataset/src/elpv_dataset/data/images/cell1719.png,cell1719.png,300,300,L
/content/elpv-dataset/src/elpv_dataset/data/images/cell2521.png,cell2521.png,300,300,L
/content/elpv-dataset/src/elpv_dataset/data/images/cell1451.png,cell1451.png,300,300,L
/content/elpv-dataset/src/elpv_dataset/data/images/cell0744.png,cell0744.png,300,300,L
/content/elpv-dataset/src/elpv_dataset/data/images/cell0402.png,cell0402.png,300,300,L
/content/elpv-dataset/src/elpv_dataset/data/images/cell2422.png,cell2422.png,300,300,L
/content/elpv-dataset/src/elpv_dataset/data/images/cell0393.png,cell0393.png,300,300,L
/content/elpv-dataset/src/elpv_dataset/data/images/cell2470.png,cell2470.png,300,300,L
/content/elpv-dataset/src/elpv_dataset/data/images/cell2504.png,cell2504.png,300,300,L
/content/elpv-dataset/src/elpv_dataset/data/images/cell0771.png,cell0771.png,300,300,L
/content/elpv-dataset/src/elpv_dataset/data/images/cell0871.png,cell0871.png,300,300,L
/content/elpv-dataset/src/elpv_dataset/data/images/cell0669.png,cell0669.png,300,300,L
/content/elpv-dataset/src/elpv_dataset/data/images/cell0995.png,cell0995.png,300,300,L
/content/elpv-dataset/src/elpv_dataset/data/images/cell2035.png,cell2035.png,300,300,L
/content/elpv-dataset/src/elpv_dataset/data/images/cell1713.png,cell1713.png,300,300,L
/content/elpv-dataset/src/elpv_dataset/data/images/cell1510.png,cell1510.png,300,300,L
/content/elpv-dataset/src/elpv_dataset/data/images/cell0403.png,cell0403.png,300,300,L
/content/elpv-dataset/src/elpv_dataset/data/images/cell1618.png,cell1618.png,300,300,L
/content/elpv-dataset/src/elpv_dataset/data/images/cell0090.png,cell0090.png,300,300,L
/content/elpv-dataset/src/elpv_dataset/data/images/cell1634.png,cell1634.png,300,300,L
/content/elpv-dataset/src/elpv_dataset/data/images/cell0113.png,cell0113.png,300,300,L
/content/elpv-dataset/src/elpv_dataset/data/images/cell0337.png,cell0337.png,300,300,L
/content/elpv-dataset/src/elpv_dataset/data/images/cell0107.png,cell0107.png,300,300,L
/content/elpv-dataset/src/elpv_dataset/data/images/cell0322.png,cell0322.png,300,300,L
/content/elpv-dataset/src/elpv_dataset/data/images/cell0452.png,cell0452.png,300,300,L
/content/elpv-dataset/src/elpv_dataset/data/images/cell1748.png,cell1748.png,300,300,L
/content/elpv-dataset/src/elpv_dataset/data/images/cell2350.png,cell2350.png,300,300,L
/content/elpv-dataset/src/elpv_dataset/data/images/cell1995.png,cell1995.png,300,300,L
/content/elpv-dataset/src/elpv_dataset/data/images/cell2606.png,cell2606.png,300,300,L
/content/elpv-dataset/src/elpv_dataset/data/images/cell1551.png,cell1551.png,300,300,L
/content/elpv-dataset/src/elpv_dataset/data/images/cell2183.png,cell2183.png,300,300,L
/content/elpv-dataset/src/elpv_dataset/data/images/cell1813.png,cell1813.png,300,300,L
/content/elpv-dataset/src/elpv_dataset/data/images/cell0060.png,cell0060.png,300,300,L
/content/elpv-dataset/src/elpv_dataset/data/images/cell2551.png,cell2551.png,300,300,L
/content/elpv-dataset/src/elpv_dataset/data/images/cell0792.png,cell0792.png,300,300,L
/content/elpv-dataset/src/elpv_dataset/data/images/cell2340.png,cell2340.png,300,300,L
/content/elpv-dataset/src/elpv_dataset/data/images/cell1688.png,cell1688.png,300,300,L
/content/elpv-dataset/src/elpv_dataset/data/images/cell1562.png,cell1562.png,300,300,L
/content/elpv-dataset/src/elpv_dataset/data/images/cell1082.png,cell1082.png,300,300,L
/content/elpv-dataset/src/elpv_dataset/data/images/cell1251.png,cell1251.png,300,300,L
/content/elpv-dataset/src/elpv_dataset/data/images/cell0920.png,cell0920.png,300,300,L
/content/elpv-dataset/src/elpv_dataset/data/images/cell0649.png,cell0649.png,300,300,L
/content/elpv-dataset/src/elpv_dataset/data/images/cell0890.png,cell0890.png,300,300,L
/content/elpv-dataset/src/elpv_dataset/data/images/cell0769.png,cell0769.png,300,300,L
/content/elpv-dataset/src/elpv_dataset/data/images/cell2152.png,cell2152.png,300,300,L
/content/elpv-dataset/src/elpv_dataset/data/images/cell1626.png,cell1626.png,300,300,L
/content/elpv-dataset/src/elpv_dataset/data/images/cell2412.png,cell2412.png,300,300,L
/content/elpv-dataset/src/elpv_dataset/data/images/cell2302.png,cell2302.png,300,300,L
/content/elpv-dataset/src/elpv_dataset/data/images/cell1553.png,cell1553.png,300,300,L
/content/elpv-dataset/src/elpv_dataset/data/images/cell1652.png,cell1652.png,300,300,L
/content/elpv-dataset/src/elpv_dataset/data/images/cell2336.png,cell2336.png,300,300,L
/content/elpv-dataset/src/elpv_dataset/data/images/cell1005.png,cell1005.png,300,300,L
/content/elpv-dataset/src/elpv_dataset/data/images/cell1355.png,cell1355.png,300,300,L
/content/elpv-dataset/src/elpv_dataset/data/images/cell2249.png,cell2249.png,300,300,L
/content/elpv-dataset/src/elpv_dataset/data/images/cell2191.png,cell2191.png,300,300,L
/content/elpv-dataset/src/elpv_dataset/data/images/cell2601.png,cell2601.png,300,300,L
/content/elpv-dataset/src/elpv_dataset/data/images/cell1762.png,cell1762.png,300,300,L
/content/elpv-dataset/src/elpv_dataset/data/images/cell1357.png,cell1357.png,300,300,L
/content/elpv-dataset/src/elpv_dataset/data/images/cell2373.png,cell2373.png,300,300,L
/content/elpv-dataset/src/elpv_dataset/data/images/cell2418.png,cell2418.png,300,300,L
/content/elpv-dataset/src/elpv_dataset/data/images/cell1555.png,cell1555.png,300,300,L
/content/elpv-dataset/src/elpv_dataset/data/images/cell1750.png,cell1750.png,300,300,L
/content/elpv-dataset/src/elpv_dataset/data/images/cell2614.png,cell2614.png,300,300,L
/content/elpv-dataset/src/elpv_dataset/data/images/cell2443.png,cell2443.png,300,300,L
/content/elpv-dataset/src/elpv_dataset/data/images/cell1174.png,cell1174.png,300,300,L
/content/elpv-dataset/src/elpv_dataset/data/images/cell1778.png,cell1778.png,300,300,L
/content/elpv-dataset/src/elpv_dataset/data/images/cell0709.png,cell0709.png,300,300,L
/content/elpv-dataset/src/elpv_dataset/data/images/cell1257.png,cell1257.png,300,300,L
/content/elpv-dataset/src/elpv_dataset/data/images/cell0866.png,cell0866.png,300,300,L
/content/elpv-dataset/src/elpv_dataset/data/images/cell0409.png,cell0409.png,300,300,L
/content/elpv-dataset/src/elpv_dataset/data/images/cell0189.png,cell0189.png,300,300,L
/content/elpv-dataset/src/elpv_dataset/data/images/cell1780.png,cell1780.png,300,300,L
/content/elpv-dataset/src/elpv_dataset/data/images/cell1819.png,cell1819.png,300,300,L
/content/elpv-dataset/src/elpv_dataset/data/images/cell2380.png,cell2380.png,300,300,L
/content/elpv-dataset/src/elpv_dataset/data/images/cell2093.png,cell2093.png,300,300,L
/content/elpv-dataset/src/elpv_dataset/data/images/cell1428.png,cell1428.png,300,300,L
/content/elpv-dataset/src/elpv_dataset/data/images/cell0663.png,cell0663.png,300,300,L
/content/elpv-dataset/src/elpv_dataset/data/images/cell2376.png,cell2376.png,300,300,L
/content/elpv-dataset/src/elpv_dataset/data/images/cell0777.png,cell0777.png,300,300,L
/content/elpv-dataset/src/elpv_dataset/data/images/cell0785.png,cell0785.png,300,300,L
/content/elpv-dataset/src/elpv_dataset/data/images/cell0650.png,cell0650.png,300,300,L
/content/elpv-dataset/src/elpv_dataset/data/images/cell0236.png,cell0236.png,300,300,L
/content/elpv-dataset/src/elpv_dataset/data/images/cell1948.png,cell1948.png,300,300,L
/content/elpv-dataset/src/elpv_dataset/data/images/cell1835.png,cell1835.png,300,300,L
/content/elpv-dataset/src/elpv_dataset/data/images/cell1034.png,cell1034.png,300,300,L
/content/elpv-dataset/src/elpv_dataset/data/images/cell1521.png,cell1521.png,300,300,L
/content/elpv-dataset/src/elpv_dataset/data/images/cell1091.png,cell1091.png,300,300,L
/content/elpv-dataset/src/elpv_dataset/data/images/cell1885.png,cell1885.png,300,300,L
/content/elpv-dataset/src/elpv_dataset/data/images/cell0824.png,cell0824.png,300,300,L
/content/elpv-dataset/src/elpv_dataset/data/images/cell0152.png,cell0152.png,300,300,L
/content/elpv-dataset/src/elpv_dataset/data/images/cell2527.png,cell2527.png,300,300,L
/content/elpv-dataset/src/elpv_dataset/data/images/cell0367.png,cell0367.png,300,300,L
/content/elpv-dataset/src/elpv_dataset/data/images/cell0581.png,cell0581.png,300,300,L
/content/elpv-dataset/src/elpv_dataset/data/images/cell1279.png,cell1279.png,300,300,L
/content/elpv-dataset/src/elpv_dataset/data/images/cell1578.png,cell1578.png,300,300,L
/content/elpv-dataset/src/elpv_dataset/data/images/cell0925.png,cell0925.png,300,300,L
/content/elpv-dataset/src/elpv_dataset/data/images/cell0703.png,cell0703.png,300,300,L
/content/elpv-dataset/src/elpv_dataset/data/images/cell1222.png,cell1222.png,300,300,L
/content/elpv-dataset/src/elpv_dataset/data/images/cell0660.png,cell0660.png,300,300,L
/content/elpv-dataset/src/elpv_dataset/data/images/cell0594.png,cell0594.png,300,300,L
/content/elpv-dataset/src/elpv_dataset/data/images/cell1386.png,cell1386.png,300,300,L
/content/elpv-dataset/src/elpv_dataset/data/images/cell2281.png,cell2281.png,300,300,L
/content/elpv-dataset/src/elpv_dataset/data/images/cell1810.png,cell1810.png,300,300,L
/content/elpv-dataset/src/elpv_dataset/data/images/cell1084.png,cell1084.png,300,300,L
/content/elpv-dataset/src/elpv_dataset/data/images/cell1166.png,cell1166.png,300,300,L
/content/elpv-dataset/src/elpv_dataset/data/images/cell0712.png,cell0712.png,300,300,L
/content/elpv-dataset/src/elpv_dataset/data/images/cell1520.png,cell1520.png,300,300,L
/content/elpv-dataset/src/elpv_dataset/data/images/cell2139.png,cell2139.png,300,300,L
/content/elpv-dataset/src/elpv_dataset/data/images/cell2401.png,cell2401.png,300,300,L
/content/elpv-dataset/src/elpv_dataset/data/images/cell1667.png,cell1667.png,300,300,L
/content/elpv-dataset/src/elpv_dataset/data/images/cell2209.png,cell2209.png,300,300,L
/content/elpv-dataset/src/elpv_dataset/data/images/cell0067.png,cell0067.png,300,300,L
/content/elpv-dataset/src/elpv_dataset/data/images/cell0074.png,cell0074.png,300,300,L
/content/elpv-dataset/src/elpv_dataset/data/images/cell0651.png,cell0651.png,300,300,L
/content/elpv-dataset/src/elpv_dataset/data/images/cell0211.png,cell0211.png,300,300,L
/content/elpv-dataset/src/elpv_dataset/data/images/cell2390.png,cell2390.png,300,300,L
/content/elpv-dataset/src/elpv_dataset/data/images/cell2415.png,cell2415.png,300,300,L
/content/elpv-dataset/src/elpv_dataset/data/images/cell0601.png,cell0601.png,300,300,L
/content/elpv-dataset/src/elpv_dataset/data/images/cell1776.png,cell1776.png,300,300,L
/content/elpv-dataset/src/elpv_dataset/data/images/cell2149.png,cell2149.png,300,300,L
/content/elpv-dataset/src/elpv_dataset/data/images/cell1352.png,cell1352.png,300,300,L
/content/elpv-dataset/src/elpv_dataset/data/images/cell2170.png,cell2170.png,300,300,L
/content/elpv-dataset/src/elpv_dataset/data/images/cell2349.png,cell2349.png,300,300,L
/content/elpv-dataset/src/elpv_dataset/data/images/cell2387.png,cell2387.png,300,300,L
/content/elpv-dataset/src/elpv_dataset/data/images/cell0033.png,cell0033.png,300,300,L
/content/elpv-dataset/src/elpv_dataset/data/images/cell2591.png,cell2591.png,300,300,L
/content/elpv-dataset/src/elpv_dataset/data/images/cell0783.png,cell0783.png,300,300,L
/content/elpv-dataset/src/elpv_dataset/data/images/cell2584.png,cell2584.png,300,300,L
/content/elpv-dataset/src/elpv_dataset/data/images/cell1023.png,cell1023.png,300,300,L
/content/elpv-dataset/src/elpv_dataset/data/images/cell1805.png,cell1805.png,300,300,L
/content/elpv-dataset/src/elpv_dataset/data/images/cell0015.png,cell0015.png,300,300,L
/content/elpv-dataset/src/elpv_dataset/data/images/cell2134.png,cell2134.png,300,300,L
/content/elpv-dataset/src/elpv_dataset/data/images/cell1297.png,cell1297.png,300,300,L
/content/elpv-dataset/src/elpv_dataset/data/images/cell2611.png,cell2611.png,300,300,L
/content/elpv-dataset/src/elpv_dataset/data/images/cell2569.png,cell2569.png,300,300,L
/content/elpv-dataset/src/elpv_dataset/data/images/cell1396.png,cell1396.png,300,300,L
/content/elpv-dataset/src/elpv_dataset/data/images/cell0538.png,cell0538.png,300,300,L
/content/elpv-dataset/src/elpv_dataset/data/images/cell1795.png,cell1795.png,300,300,L
/content/elpv-dataset/src/elpv_dataset/data/images/cell2371.png,cell2371.png,300,300,L
/content/elpv-dataset/src/elpv_dataset/data/images/cell0424.png,cell0424.png,300,300,L
/content/elpv-dataset/src/elpv_dataset/data/images/cell1009.png,cell1009.png,300,300,L
/content/elpv-dataset/src/elpv_dataset/data/images/cell0395.png,cell0395.png,300,300,L
/content/elpv-dataset/src/elpv_dataset/data/images/cell2268.png,cell2268.png,300,300,L
/content/elpv-dataset/src/elpv_dataset/data/images/cell0838.png,cell0838.png,300,300,L
/content/elpv-dataset/src/elpv_dataset/data/images/cell2467.png,cell2467.png,300,300,L
/content/elpv-dataset/src/elpv_dataset/data/images/cell1774.png,cell1774.png,300,300,L
/content/elpv-dataset/src/elpv_dataset/data/images/cell1872.png,cell1872.png,300,300,L
/content/elpv-dataset/src/elpv_dataset/data/images/cell0216.png,cell0216.png,300,300,L
/content/elpv-dataset/src/elpv_dataset/data/images/cell2097.png,cell2097.png,300,300,L
/content/elpv-dataset/src/elpv_dataset/data/images/cell1919.png,cell1919.png,300,300,L
/content/elpv-dataset/src/elpv_dataset/data/images/cell0714.png,cell0714.png,300,300,L
/content/elpv-dataset/src/elpv_dataset/data/images/cell0193.png,cell0193.png,300,300,L
/content/elpv-dataset/src/elpv_dataset/data/images/cell1790.png,cell1790.png,300,300,L
/content/elpv-dataset/src/elpv_dataset/data/images/cell0527.png,cell0527.png,300,300,L
/content/elpv-dataset/src/elpv_dataset/data/images/cell1115.png,cell1115.png,300,300,L
/content/elpv-dataset/src/elpv_dataset/data/images/cell2070.png,cell2070.png,300,300,L
/content/elpv-dataset/src/elpv_dataset/data/images/cell2129.png,cell2129.png,300,300,L
/content/elpv-dataset/src/elpv_dataset/data/images/cell1731.png,cell1731.png,300,300,L
/content/elpv-dataset/src/elpv_dataset/data/images/cell2312.png,cell2312.png,300,300,L
/content/elpv-dataset/src/elpv_dataset/data/images/cell0276.png,cell0276.png,300,300,L
/content/elpv-dataset/src/elpv_dataset/data/images/cell0845.png,cell0845.png,300,300,L
/content/elpv-dataset/src/elpv_dataset/data/images/cell1182.png,cell1182.png,300,300,L
/content/elpv-dataset/src/elpv_dataset/data/images/cell1274.png,cell1274.png,300,300,L
/content/elpv-dataset/src/elpv_dataset/data/images/cell2275.png,cell2275.png,300,300,L
/content/elpv-dataset/src/elpv_dataset/data/images/cell0666.png,cell0666.png,300,300,L
/content/elpv-dataset/src/elpv_dataset/data/images/cell1188.png,cell1188.png,300,300,L
/content/elpv-dataset/src/elpv_dataset/data/images/cell0758.png,cell0758.png,300,300,L
/content/elpv-dataset/src/elpv_dataset/data/images/cell1565.png,cell1565.png,300,300,L
/content/elpv-dataset/src/elpv_dataset/data/images/cell1992.png,cell1992.png,300,300,L
/content/elpv-dataset/src/elpv_dataset/data/images/cell0597.png,cell0597.png,300,300,L
/content/elpv-dataset/src/elpv_dataset/data/images/cell1745.png,cell1745.png,300,300,L
/content/elpv-dataset/src/elpv_dataset/data/images/cell0963.png,cell0963.png,300,300,L
/content/elpv-dataset/src/elpv_dataset/data/images/cell1487.png,cell1487.png,300,300,L
/content/elpv-dataset/src/elpv_dataset/data/images/cell1642.png,cell1642.png,300,300,L
/content/elpv-dataset/src/elpv_dataset/data/images/cell1202.png,cell1202.png,300,300,L
/content/elpv-dataset/src/elpv_dataset/data/images/cell0231.png,cell0231.png,300,300,L
/content/elpv-dataset/src/elpv_dataset/data/images/cell0254.png,cell0254.png,300,300,L
/content/elpv-dataset/src/elpv_dataset/data/images/cell1235.png,cell1235.png,300,300,L
/content/elpv-dataset/src/elpv_dataset/data/images/cell0558.png,cell0558.png,300,300,L
/content/elpv-dataset/src/elpv_dataset/data/images/cell0174.png,cell0174.png,300,300,L
/content/elpv-dataset/src/elpv_dataset/data/images/cell2196.png,cell2196.png,300,300,L
/content/elpv-dataset/src/elpv_dataset/data/images/cell2184.png,cell2184.png,300,300,L
/content/elpv-dataset/src/elpv_dataset/data/images/cell0517.png,cell0517.png,300,300,L
/content/elpv-dataset/src/elpv_dataset/data/images/cell0048.png,cell0048.png,300,300,L
/content/elpv-dataset/src/elpv_dataset/data/images/cell2210.png,cell2210.png,300,300,L
/content/elpv-dataset/src/elpv_dataset/data/images/cell1898.png,cell1898.png,300,300,L
/content/elpv-dataset/src/elpv_dataset/data/images/cell0496.png,cell0496.png,300,300,L
/content/elpv-dataset/src/elpv_dataset/data/images/cell2285.png,cell2285.png,300,300,L
/content/elpv-dataset/src/elpv_dataset/data/images/cell1259.png,cell1259.png,300,300,L
/content/elpv-dataset/src/elpv_dataset/data/images/cell2423.png,cell2423.png,300,300,L
/content/elpv-dataset/src/elpv_dataset/data/images/cell0219.png,cell0219.png,300,300,L
/content/elpv-dataset/src/elpv_dataset/data/images/cell0329.png,cell0329.png,300,300,L
/content/elpv-dataset/src/elpv_dataset/data/images/cell1213.png,cell1213.png,300,300,L
/content/elpv-dataset/src/elpv_dataset/data/images/cell0206.png,cell0206.png,300,300,L
/content/elpv-dataset/src/elpv_dataset/data/images/cell2163.png,cell2163.png,300,300,L
/content/elpv-dataset/src/elpv_dataset/data/images/cell0644.png,cell0644.png,300,300,L
/content/elpv-dataset/src/elpv_dataset/data/images/cell2431.png,cell2431.png,300,300,L
/content/elpv-dataset/src/elpv_dataset/data/images/cell2522.png,cell2522.png,300,300,L
/content/elpv-dataset/src/elpv_dataset/data/images/cell2048.png,cell2048.png,300,300,L
/content/elpv-dataset/src/elpv_dataset/data/images/cell0749.png,cell0749.png,300,300,L
/content/elpv-dataset/src/elpv_dataset/data/images/cell1610.png,cell1610.png,300,300,L
/content/elpv-dataset/src/elpv_dataset/data/images/cell1112.png,cell1112.png,300,300,L
/content/elpv-dataset/src/elpv_dataset/data/images/cell0020.png,cell0020.png,300,300,L
/content/elpv-dataset/src/elpv_dataset/data/images/cell1011.png,cell1011.png,300,300,L
/content/elpv-dataset/src/elpv_dataset/data/images/cell1179.png,cell1179.png,300,300,L
/content/elpv-dataset/src/elpv_dataset/data/images/cell0190.png,cell0190.png,300,300,L
/content/elpv-dataset/src/elpv_dataset/data/images/cell1220.png,cell1220.png,300,300,L
/content/elpv-dataset/src/elpv_dataset/data/images/cell1747.png,cell1747.png,300,300,L
/content/elpv-dataset/src/elpv_dataset/data/images/cell1489.png,cell1489.png,300,300,L
/content/elpv-dataset/src/elpv_dataset/data/images/cell2202.png,cell2202.png,300,300,L
/content/elpv-dataset/src/elpv_dataset/data/images/cell2297.png,cell2297.png,300,300,L
/content/elpv-dataset/src/elpv_dataset/data/images/cell0006.png,cell0006.png,300,300,L
/content/elpv-dataset/src/elpv_dataset/data/images/cell1032.png,cell1032.png,300,300,L
/content/elpv-dataset/src/elpv_dataset/data/images/cell1925.png,cell1925.png,300,300,L
/content/elpv-dataset/src/elpv_dataset/data/images/cell1481.png,cell1481.png,300,300,L
/content/elpv-dataset/src/elpv_dataset/data/images/cell0252.png,cell0252.png,300,300,L
/content/elpv-dataset/src/elpv_dataset/data/images/cell1977.png,cell1977.png,300,300,L
/content/elpv-dataset/src/elpv_dataset/data/images/cell0849.png,cell0849.png,300,300,L
/content/elpv-dataset/src/elpv_dataset/data/images/cell0432.png,cell0432.png,300,300,L
/content/elpv-dataset/src/elpv_dataset/data/images/cell0662.png,cell0662.png,300,300,L
/content/elpv-dataset/src/elpv_dataset/data/images/cell1985.png,cell1985.png,300,300,L
/content/elpv-dataset/src/elpv_dataset/data/images/cell2389.png,cell2389.png,300,300,L
/content/elpv-dataset/src/elpv_dataset/data/images/cell1922.png,cell1922.png,300,300,L
/content/elpv-dataset/src/elpv_dataset/data/images/cell1710.png,cell1710.png,300,300,L
/content/elpv-dataset/src/elpv_dataset/data/images/cell1042.png,cell1042.png,300,300,L
/content/elpv-dataset/src/elpv_dataset/data/images/cell0818.png,cell0818.png,300,300,L
/content/elpv-dataset/src/elpv_dataset/data/images/cell2602.png,cell2602.png,300,300,L
/content/elpv-dataset/src/elpv_dataset/data/images/cell0407.png,cell0407.png,300,300,L
/content/elpv-dataset/src/elpv_dataset/data/images/cell1983.png,cell1983.png,300,300,L
/content/elpv-dataset/src/elpv_dataset/data/images/cell0859.png,cell0859.png,300,300,L
/content/elpv-dataset/src/elpv_dataset/data/images/cell2434.png,cell2434.png,300,300,L
/content/elpv-dataset/src/elpv_dataset/data/images/cell0059.png,cell0059.png,300,300,L
/content/elpv-dataset/src/elpv_dataset/data/images/cell2479.png,cell2479.png,300,300,L
/content/elpv-dataset/src/elpv_dataset/data/images/cell0654.png,cell0654.png,300,300,L
/content/elpv-dataset/src/elpv_dataset/data/images/cell1128.png,cell1128.png,300,300,L
/content/elpv-dataset/src/elpv_dataset/data/images/cell1203.png,cell1203.png,300,300,L
/content/elpv-dataset/src/elpv_dataset/data/images/cell1504.png,cell1504.png,300,300,L
/content/elpv-dataset/src/elpv_dataset/data/images/cell2366.png,cell2366.png,300,300,L
/content/elpv-dataset/src/elpv_dataset/data/images/cell2427.png,cell2427.png,300,300,L
/content/elpv-dataset/src/elpv_dataset/data/images/cell0717.png,cell0717.png,300,300,L
/content/elpv-dataset/src/elpv_dataset/data/images/cell0833.png,cell0833.png,300,300,L
/content/elpv-dataset/src/elpv_dataset/data/images/cell0187.png,cell0187.png,300,300,L
/content/elpv-dataset/src/elpv_dataset/data/images/cell0177.png,cell0177.png,300,300,L
/content/elpv-dataset/src/elpv_dataset/data/images/cell1860.png,cell1860.png,300,300,L
/content/elpv-dataset/src/elpv_dataset/data/images/cell1681.png,cell1681.png,300,300,L
/content/elpv-dataset/src/elpv_dataset/data/images/cell2472.png,cell2472.png,300,300,L
/content/elpv-dataset/src/elpv_dataset/data/images/cell1210.png,cell1210.png,300,300,L
/content/elpv-dataset/src/elpv_dataset/data/images/cell0921.png,cell0921.png,300,300,L
/content/elpv-dataset/src/elpv_dataset/data/images/cell2384.png,cell2384.png,300,300,L
/content/elpv-dataset/src/elpv_dataset/data/images/cell1755.png,cell1755.png,300,300,L
/content/elpv-dataset/src/elpv_dataset/data/images/cell0882.png,cell0882.png,300,300,L
/content/elpv-dataset/src/elpv_dataset/data/images/cell0019.png,cell0019.png,300,300,L
/content/elpv-dataset/src/elpv_dataset/data/images/cell1707.png,cell1707.png,300,300,L
/content/elpv-dataset/src/elpv_dataset/data/images/cell0366.png,cell0366.png,300,300,L
/content/elpv-dataset/src/elpv_dataset/data/images/cell1847.png,cell1847.png,300,300,L
/content/elpv-dataset/src/elpv_dataset/data/images/cell1546.png,cell1546.png,300,300,L
/content/elpv-dataset/src/elpv_dataset/data/images/cell1986.png,cell1986.png,300,300,L
/content/elpv-dataset/src/elpv_dataset/data/images/cell1238.png,cell1238.png,300,300,L
/content/elpv-dataset/src/elpv_dataset/data/images/cell0196.png,cell0196.png,300,300,L
/content/elpv-dataset/src/elpv_dataset/data/images/cell0294.png,cell0294.png,300,300,L
/content/elpv-dataset/src/elpv_dataset/data/images/cell1072.png,cell1072.png,300,300,L
/content/elpv-dataset/src/elpv_dataset/data/images/cell1859.png,cell1859.png,300,300,L
/content/elpv-dataset/src/elpv_dataset/data/images/cell0242.png,cell0242.png,300,300,L
/content/elpv-dataset/src/elpv_dataset/data/images/cell1674.png,cell1674.png,300,300,L
/content/elpv-dataset/src/elpv_dataset/data/images/cell1732.png,cell1732.png,300,300,L
/content/elpv-dataset/src/elpv_dataset/data/images/cell2562.png,cell2562.png,300,300,L
/content/elpv-dataset/src/elpv_dataset/data/images/cell1164.png,cell1164.png,300,300,L
/content/elpv-dataset/src/elpv_dataset/data/images/cell0477.png,cell0477.png,300,300,L
/content/elpv-dataset/src/elpv_dataset/data/images/cell1408.png,cell1408.png,300,300,L
/content/elpv-dataset/src/elpv_dataset/data/images/cell1229.png,cell1229.png,300,300,L
/content/elpv-dataset/src/elpv_dataset/data/images/cell1296.png,cell1296.png,300,300,L
/content/elpv-dataset/src/elpv_dataset/data/images/cell1055.png,cell1055.png,300,300,L
/content/elpv-dataset/src/elpv_dataset/data/images/cell0699.png,cell0699.png,300,300,L
/content/elpv-dataset/src/elpv_dataset/data/images/cell2214.png,cell2214.png,300,300,L
/content/elpv-dataset/src/elpv_dataset/data/images/cell0653.png,cell0653.png,300,300,L
/content/elpv-dataset/src/elpv_dataset/data/images/cell1033.png,cell1033.png,300,300,L
/content/elpv-dataset/src/elpv_dataset/data/images/cell2571.png,cell2571.png,300,300,L
/content/elpv-dataset/src/elpv_dataset/data/images/cell2140.png,cell2140.png,300,300,L
/content/elpv-dataset/src/elpv_dataset/data/images/cell1080.png,cell1080.png,300,300,L
/content/elpv-dataset/src/elpv_dataset/data/images/cell2064.png,cell2064.png,300,300,L
/content/elpv-dataset/src/elpv_dataset/data/images/cell0324.png,cell0324.png,300,300,L
/content/elpv-dataset/src/elpv_dataset/data/images/cell0865.png,cell0865.png,300,300,L
/content/elpv-dataset/src/elpv_dataset/data/images/cell0275.png,cell0275.png,300,300,L
/content/elpv-dataset/src/elpv_dataset/data/images/cell1150.png,cell1150.png,300,300,L
/content/elpv-dataset/src/elpv_dataset/data/images/cell0034.png,cell0034.png,300,300,L
/content/elpv-dataset/src/elpv_dataset/data/images/cell0968.png,cell0968.png,300,300,L
/content/elpv-dataset/src/elpv_dataset/data/images/cell0887.png,cell0887.png,300,300,L
/content/elpv-dataset/src/elpv_dataset/data/images/cell0909.png,cell0909.png,300,300,L
/content/elpv-dataset/src/elpv_dataset/data/images/cell2321.png,cell2321.png,300,300,L
/content/elpv-dataset/src/elpv_dataset/data/images/cell1533.png,cell1533.png,300,300,L
/content/elpv-dataset/src/elpv_dataset/data/images/cell2531.png,cell2531.png,300,300,L
/content/elpv-dataset/src/elpv_dataset/data/images/cell2474.png,cell2474.png,300,300,L
/content/elpv-dataset/src/elpv_dataset/data/images/cell2258.png,cell2258.png,300,300,L
/content/elpv-dataset/src/elpv_dataset/data/images/cell0512.png,cell0512.png,300,300,L
/content/elpv-dataset/src/elpv_dataset/data/images/cell0782.png,cell0782.png,300,300,L
/content/elpv-dataset/src/elpv_dataset/data/images/cell2230.png,cell2230.png,300,300,L
/content/elpv-dataset/src/elpv_dataset/data/images/cell1499.png,cell1499.png,300,300,L
/content/elpv-dataset/src/elpv_dataset/data/images/cell1491.png,cell1491.png,300,300,L
/content/elpv-dataset/src/elpv_dataset/data/images/cell0552.png,cell0552.png,300,300,L
/content/elpv-dataset/src/elpv_dataset/data/images/cell2615.png,cell2615.png,300,300,L
/content/elpv-dataset/src/elpv_dataset/data/images/cell2133.png,cell2133.png,300,300,L
/content/elpv-dataset/src/elpv_dataset/data/images/cell1171.png,cell1171.png,300,300,L
/content/elpv-dataset/src/elpv_dataset/data/images/cell0433.png,cell0433.png,300,300,L
/content/elpv-dataset/src/elpv_dataset/data/images/cell1293.png,cell1293.png,300,300,L
/content/elpv-dataset/src/elpv_dataset/data/images/cell1680.png,cell1680.png,300,300,L
/content/elpv-dataset/src/elpv_dataset/data/images/cell0157.png,cell0157.png,300,300,L
/content/elpv-dataset/src/elpv_dataset/data/images/cell1692.png,cell1692.png,300,300,L
/content/elpv-dataset/src/elpv_dataset/data/images/cell0405.png,cell0405.png,300,300,L
/content/elpv-dataset/src/elpv_dataset/data/images/cell0905.png,cell0905.png,300,300,L
/content/elpv-dataset/src/elpv_dataset/data/images/cell1391.png,cell1391.png,300,300,L
/content/elpv-dataset/src/elpv_dataset/data/images/cell0349.png,cell0349.png,300,300,L
/content/elpv-dataset/src/elpv_dataset/data/images/cell0519.png,cell0519.png,300,300,L
/content/elpv-dataset/src/elpv_dataset/data/images/cell1839.png,cell1839.png,300,300,L
/content/elpv-dataset/src/elpv_dataset/data/images/cell0885.png,cell0885.png,300,300,L
/content/elpv-dataset/src/elpv_dataset/data/images/cell0124.png,cell0124.png,300,300,L
/content/elpv-dataset/src/elpv_dataset/data/images/cell1966.png,cell1966.png,300,300,L
/content/elpv-dataset/src/elpv_dataset/data/images/cell1010.png,cell1010.png,300,300,L
/content/elpv-dataset/src/elpv_dataset/data/images/cell1341.png,cell1341.png,300,300,L
/content/elpv-dataset/src/elpv_dataset/data/images/cell0948.png,cell0948.png,300,300,L
/content/elpv-dataset/src/elpv_dataset/data/images/cell2370.png,cell2370.png,300,300,L
/content/elpv-dataset/src/elpv_dataset/data/images/cell1281.png,cell1281.png,300,300,L
/content/elpv-dataset/src/elpv_dataset/data/images/cell1512.png,cell1512.png,300,300,L
/content/elpv-dataset/src/elpv_dataset/data/images/cell0619.png,cell0619.png,300,300,L
/content/elpv-dataset/src/elpv_dataset/data/images/cell2541.png,cell2541.png,300,300,L
/content/elpv-dataset/src/elpv_dataset/data/images/cell2242.png,cell2242.png,300,300,L
/content/elpv-dataset/src/elpv_dataset/data/images/cell2320.png,cell2320.png,300,300,L
/content/elpv-dataset/src/elpv_dataset/data/images/cell0054.png,cell0054.png,300,300,L
/content/elpv-dataset/src/elpv_dataset/data/images/cell0204.png,cell0204.png,300,300,L
/content/elpv-dataset/src/elpv_dataset/data/images/cell2208.png,cell2208.png,300,300,L
/content/elpv-dataset/src/elpv_dataset/data/images/cell1040.png,cell1040.png,300,300,L
/content/elpv-dataset/src/elpv_dataset/data/images/cell0291.png,cell0291.png,300,300,L
/content/elpv-dataset/src/elpv_dataset/data/images/cell0585.png,cell0585.png,300,300,L
/content/elpv-dataset/src/elpv_dataset/data/images/cell0546.png,cell0546.png,300,300,L
/content/elpv-dataset/src/elpv_dataset/data/images/cell2138.png,cell2138.png,300,300,L
/content/elpv-dataset/src/elpv_dataset/data/images/cell0345.png,cell0345.png,300,300,L
/content/elpv-dataset/src/elpv_dataset/data/images/cell2554.png,cell2554.png,300,300,L
/content/elpv-dataset/src/elpv_dataset/data/images/cell1723.png,cell1723.png,300,300,L
/content/elpv-dataset/src/elpv_dataset/data/images/cell1153.png,cell1153.png,300,300,L
/content/elpv-dataset/src/elpv_dataset/data/images/cell1117.png,cell1117.png,300,300,L
/content/elpv-dataset/src/elpv_dataset/data/images/cell0788.png,cell0788.png,300,300,L
/content/elpv-dataset/src/elpv_dataset/data/images/cell0241.png,cell0241.png,300,300,L
/content/elpv-dataset/src/elpv_dataset/data/images/cell2009.png,cell2009.png,300,300,L
/content/elpv-dataset/src/elpv_dataset/data/images/cell1926.png,cell1926.png,300,300,L
/content/elpv-dataset/src/elpv_dataset/data/images/cell1909.png,cell1909.png,300,300,L
/content/elpv-dataset/src/elpv_dataset/data/images/cell2583.png,cell2583.png,300,300,L
/content/elpv-dataset/src/elpv_dataset/data/images/cell0991.png,cell0991.png,300,300,L
/content/elpv-dataset/src/elpv_dataset/data/images/cell1014.png,cell1014.png,300,300,L
/content/elpv-dataset/src/elpv_dataset/data/images/cell1975.png,cell1975.png,300,300,L
/content/elpv-dataset/src/elpv_dataset/data/images/cell1146.png,cell1146.png,300,300,L
/content/elpv-dataset/src/elpv_dataset/data/images/cell0010.png,cell0010.png,300,300,L
/content/elpv-dataset/src/elpv_dataset/data/images/cell1144.png,cell1144.png,300,300,L
/content/elpv-dataset/src/elpv_dataset/data/images/cell1460.png,cell1460.png,300,300,L
/content/elpv-dataset/src/elpv_dataset/data/images/cell0786.png,cell0786.png,300,300,L
/content/elpv-dataset/src/elpv_dataset/data/images/cell0014.png,cell0014.png,300,300,L
/content/elpv-dataset/src/elpv_dataset/data/images/cell0994.png,cell0994.png,300,300,L
/content/elpv-dataset/src/elpv_dataset/data/images/cell2489.png,cell2489.png,300,300,L
/content/elpv-dataset/src/elpv_dataset/data/images/cell0742.png,cell0742.png,300,300,L
/content/elpv-dataset/src/elpv_dataset/data/images/cell0283.png,cell0283.png,300,300,L
/content/elpv-dataset/src/elpv_dataset/data/images/cell1412.png,cell1412.png,300,300,L
/content/elpv-dataset/src/elpv_dataset/data/images/cell0232.png,cell0232.png,300,300,L
/content/elpv-dataset/src/elpv_dataset/data/images/cell0980.png,cell0980.png,300,300,L
/content/elpv-dataset/src/elpv_dataset/data/images/cell0323.png,cell0323.png,300,300,L
/content/elpv-dataset/src/elpv_dataset/data/images/cell1364.png,cell1364.png,300,300,L
/content/elpv-dataset/src/elpv_dataset/data/images/cell1432.png,cell1432.png,300,300,L
/content/elpv-dataset/src/elpv_dataset/data/images/cell2533.png,cell2533.png,300,300,L
/content/elpv-dataset/src/elpv_dataset/data/images/cell0978.png,cell0978.png,300,300,L
/content/elpv-dataset/src/elpv_dataset/data/images/cell1342.png,cell1342.png,300,300,L
/content/elpv-dataset/src/elpv_dataset/data/images/cell2579.png,cell2579.png,300,300,L
/content/elpv-dataset/src/elpv_dataset/data/images/cell2262.png,cell2262.png,300,300,L
/content/elpv-dataset/src/elpv_dataset/data/images/cell1787.png,cell1787.png,300,300,L
/content/elpv-dataset/src/elpv_dataset/data/images/cell2077.png,cell2077.png,300,300,L
/content/elpv-dataset/src/elpv_dataset/data/images/cell0031.png,cell0031.png,300,300,L
/content/elpv-dataset/src/elpv_dataset/data/images/cell1526.png,cell1526.png,300,300,L
/content/elpv-dataset/src/elpv_dataset/data/images/cell0269.png,cell0269.png,300,300,L
/content/elpv-dataset/src/elpv_dataset/data/images/cell2442.png,cell2442.png,300,300,L
/content/elpv-dataset/src/elpv_dataset/data/images/cell2564.png,cell2564.png,300,300,L
/content/elpv-dataset/src/elpv_dataset/data/images/cell0973.png,cell0973.png,300,300,L
/content/elpv-dataset/src/elpv_dataset/data/images/cell2402.png,cell2402.png,300,300,L
/content/elpv-dataset/src/elpv_dataset/data/images/cell0326.png,cell0326.png,300,300,L
/content/elpv-dataset/src/elpv_dataset/data/images/cell1673.png,cell1673.png,300,300,L
/content/elpv-dataset/src/elpv_dataset/data/images/cell1679.png,cell1679.png,300,300,L
/content/elpv-dataset/src/elpv_dataset/data/images/cell1572.png,cell1572.png,300,300,L
/content/elpv-dataset/src/elpv_dataset/data/images/cell1385.png,cell1385.png,300,300,L
/content/elpv-dataset/src/elpv_dataset/data/images/cell0522.png,cell0522.png,300,300,L
/content/elpv-dataset/src/elpv_dataset/data/images/cell0300.png,cell0300.png,300,300,L
/content/elpv-dataset/src/elpv_dataset/data/images/cell0729.png,cell0729.png,300,300,L
/content/elpv-dataset/src/elpv_dataset/data/images/cell2609.png,cell2609.png,300,300,L
/content/elpv-dataset/src/elpv_dataset/data/images/cell1994.png,cell1994.png,300,300,L
/content/elpv-dataset/src/elpv_dataset/data/images/cell2500.png,cell2500.png,300,300,L
/content/elpv-dataset/src/elpv_dataset/data/images/cell1388.png,cell1388.png,300,300,L
/content/elpv-dataset/src/elpv_dataset/data/images/cell2547.png,cell2547.png,300,300,L
/content/elpv-dataset/src/elpv_dataset/data/images/cell0005.png,cell0005.png,300,300,L
/content/elpv-dataset/src/elpv_dataset/data/images/cell0876.png,cell0876.png,300,300,L
/content/elpv-dataset/src/elpv_dataset/data/images/cell1289.png,cell1289.png,300,300,L
/content/elpv-dataset/src/elpv_dataset/data/images/cell1619.png,cell1619.png,300,300,L
/content/elpv-dataset/src/elpv_dataset/data/images/cell1477.png,cell1477.png,300,300,L
/content/elpv-dataset/src/elpv_dataset/data/images/cell1536.png,cell1536.png,300,300,L
/content/elpv-dataset/src/elpv_dataset/data/images/cell1569.png,cell1569.png,300,300,L
/content/elpv-dataset/src/elpv_dataset/data/images/cell0072.png,cell0072.png,300,300,L
/content/elpv-dataset/src/elpv_dataset/data/images/cell0825.png,cell0825.png,300,300,L
/content/elpv-dataset/src/elpv_dataset/data/images/cell1019.png,cell1019.png,300,300,L
/content/elpv-dataset/src/elpv_dataset/data/images/cell1347.png,cell1347.png,300,300,L
/content/elpv-dataset/src/elpv_dataset/data/images/cell0427.png,cell0427.png,300,300,L
/content/elpv-dataset/src/elpv_dataset/data/images/cell2560.png,cell2560.png,300,300,L
/content/elpv-dataset/src/elpv_dataset/data/images/cell1531.png,cell1531.png,300,300,L
/content/elpv-dataset/src/elpv_dataset/data/images/cell0093.png,cell0093.png,300,300,L
/content/elpv-dataset/src/elpv_dataset/data/images/cell2610.png,cell2610.png,300,300,L
/content/elpv-dataset/src/elpv_dataset/data/images/cell1060.png,cell1060.png,300,300,L
/content/elpv-dataset/src/elpv_dataset/data/images/cell1264.png,cell1264.png,300,300,L
/content/elpv-dataset/src/elpv_dataset/data/images/cell1549.png,cell1549.png,300,300,L
/content/elpv-dataset/src/elpv_dataset/data/images/cell1685.png,cell1685.png,300,300,L
/content/elpv-dataset/src/elpv_dataset/data/images/cell1855.png,cell1855.png,300,300,L
/content/elpv-dataset/src/elpv_dataset/data/images/cell2253.png,cell2253.png,300,300,L
/content/elpv-dataset/src/elpv_dataset/data/images/cell0339.png,cell0339.png,300,300,L
/content/elpv-dataset/src/elpv_dataset/data/images/cell0950.png,cell0950.png,300,300,L
/content/elpv-dataset/src/elpv_dataset/data/images/cell2158.png,cell2158.png,300,300,L
/content/elpv-dataset/src/elpv_dataset/data/images/cell2034.png,cell2034.png,300,300,L
/content/elpv-dataset/src/elpv_dataset/data/images/cell2309.png,cell2309.png,300,300,L
/content/elpv-dataset/src/elpv_dataset/data/images/cell1603.png,cell1603.png,300,300,L
/content/elpv-dataset/src/elpv_dataset/data/images/cell0195.png,cell0195.png,300,300,L
/content/elpv-dataset/src/elpv_dataset/data/images/cell1397.png,cell1397.png,300,300,L
/content/elpv-dataset/src/elpv_dataset/data/images/cell1027.png,cell1027.png,300,300,L
/content/elpv-dataset/src/elpv_dataset/data/images/cell0071.png,cell0071.png,300,300,L
/content/elpv-dataset/src/elpv_dataset/data/images/cell2535.png,cell2535.png,300,300,L
/content/elpv-dataset/src/elpv_dataset/data/images/cell0358.png,cell0358.png,300,300,L
/content/elpv-dataset/src/elpv_dataset/data/images/cell2466.png,cell2466.png,300,300,L
/content/elpv-dataset/src/elpv_dataset/data/images/cell1054.png,cell1054.png,300,300,L
/content/elpv-dataset/src/elpv_dataset/data/images/cell1349.png,cell1349.png,300,300,L
/content/elpv-dataset/src/elpv_dataset/data/images/cell2511.png,cell2511.png,300,300,L
/content/elpv-dataset/src/elpv_dataset/data/images/cell1262.png,cell1262.png,300,300,L
/content/elpv-dataset/src/elpv_dataset/data/images/cell0485.png,cell0485.png,300,300,L
/content/elpv-dataset/src/elpv_dataset/data/images/cell0547.png,cell0547.png,300,300,L
/content/elpv-dataset/src/elpv_dataset/data/images/cell0974.png,cell0974.png,300,300,L
/content/elpv-dataset/src/elpv_dataset/data/images/cell1942.png,cell1942.png,300,300,L
/content/elpv-dataset/src/elpv_dataset/data/images/cell0646.png,cell0646.png,300,300,L
/content/elpv-dataset/src/elpv_dataset/data/images/cell2107.png,cell2107.png,300,300,L
/content/elpv-dataset/src/elpv_dataset/data/images/cell0529.png,cell0529.png,300,300,L
/content/elpv-dataset/src/elpv_dataset/data/images/cell0260.png,cell0260.png,300,300,L
/content/elpv-dataset/src/elpv_dataset/data/images/cell0599.png,cell0599.png,300,300,L
/content/elpv-dataset/src/elpv_dataset/data/images/cell0811.png,cell0811.png,300,300,L
/content/elpv-dataset/src/elpv_dataset/data/images/cell2481.png,cell2481.png,300,300,L
/content/elpv-dataset/src/elpv_dataset/data/images/cell2234.png,cell2234.png,300,300,L
/content/elpv-dataset/src/elpv_dataset/data/images/cell1718.png,cell1718.png,300,300,L
/content/elpv-dataset/src/elpv_dataset/data/images/cell1273.png,cell1273.png,300,300,L
/content/elpv-dataset/src/elpv_dataset/data/images/cell2432.png,cell2432.png,300,300,L
/content/elpv-dataset/src/elpv_dataset/data/images/cell0638.png,cell0638.png,300,300,L
/content/elpv-dataset/src/elpv_dataset/data/images/cell0620.png,cell0620.png,300,300,L
/content/elpv-dataset/src/elpv_dataset/data/images/cell0901.png,cell0901.png,300,300,L
/content/elpv-dataset/src/elpv_dataset/data/images/cell1106.png,cell1106.png,300,300,L
/content/elpv-dataset/src/elpv_dataset/data/images/cell1369.png,cell1369.png,300,300,L
/content/elpv-dataset/src/elpv_dataset/data/images/cell0356.png,cell0356.png,300,300,L
/content/elpv-dataset/src/elpv_dataset/data/images/cell1529.png,cell1529.png,300,300,L
/content/elpv-dataset/src/elpv_dataset/data/images/cell1639.png,cell1639.png,300,300,L
/content/elpv-dataset/src/elpv_dataset/data/images/cell2280.png,cell2280.png,300,300,L
/content/elpv-dataset/src/elpv_dataset/data/images/cell1899.png,cell1899.png,300,300,L
/content/elpv-dataset/src/elpv_dataset/data/images/cell1308.png,cell1308.png,300,300,L
/content/elpv-dataset/src/elpv_dataset/data/images/cell1930.png,cell1930.png,300,300,L
/content/elpv-dataset/src/elpv_dataset/data/images/cell2100.png,cell2100.png,300,300,L
/content/elpv-dataset/src/elpv_dataset/data/images/cell0087.png,cell0087.png,300,300,L
/content/elpv-dataset/src/elpv_dataset/data/images/cell0828.png,cell0828.png,300,300,L
/content/elpv-dataset/src/elpv_dataset/data/images/cell1779.png,cell1779.png,300,300,L
/content/elpv-dataset/src/elpv_dataset/data/images/cell0392.png,cell0392.png,300,300,L
/content/elpv-dataset/src/elpv_dataset/data/images/cell1304.png,cell1304.png,300,300,L
/content/elpv-dataset/src/elpv_dataset/data/images/cell0030.png,cell0030.png,300,300,L
/content/elpv-dataset/src/elpv_dataset/data/images/cell2316.png,cell2316.png,300,300,L
/content/elpv-dataset/src/elpv_dataset/data/images/cell1361.png,cell1361.png,300,300,L
/content/elpv-dataset/src/elpv_dataset/data/images/cell0413.png,cell0413.png,300,300,L
/content/elpv-dataset/src/elpv_dataset/data/images/cell2076.png,cell2076.png,300,300,L
/content/elpv-dataset/src/elpv_dataset/data/images/cell0365.png,cell0365.png,300,300,L
/content/elpv-dataset/src/elpv_dataset/data/images/cell0279.png,cell0279.png,300,300,L
/content/elpv-dataset/src/elpv_dataset/data/images/cell1602.png,cell1602.png,300,300,L
/content/elpv-dataset/src/elpv_dataset/data/images/cell2207.png,cell2207.png,300,300,L
/content/elpv-dataset/src/elpv_dataset/data/images/cell1870.png,cell1870.png,300,300,L
/content/elpv-dataset/src/elpv_dataset/data/images/cell0475.png,cell0475.png,300,300,L
/content/elpv-dataset/src/elpv_dataset/data/images/cell1450.png,cell1450.png,300,300,L
/content/elpv-dataset/src/elpv_dataset/data/images/cell1823.png,cell1823.png,300,300,L
/content/elpv-dataset/src/elpv_dataset/data/images/cell0793.png,cell0793.png,300,300,L
/content/elpv-dataset/src/elpv_dataset/data/images/cell0829.png,cell0829.png,300,300,L
/content/elpv-dataset/src/elpv_dataset/data/images/cell1299.png,cell1299.png,300,300,L
/content/elpv-dataset/src/elpv_dataset/data/images/cell0989.png,cell0989.png,300,300,L
/content/elpv-dataset/src/elpv_dataset/data/images/cell1971.png,cell1971.png,300,300,L
/content/elpv-dataset/src/elpv_dataset/data/images/cell1108.png,cell1108.png,300,300,L
/content/elpv-dataset/src/elpv_dataset/data/images/cell2486.png,cell2486.png,300,300,L
/content/elpv-dataset/src/elpv_dataset/data/images/cell2245.png,cell2245.png,300,300,L
/content/elpv-dataset/src/elpv_dataset/data/images/cell2197.png,cell2197.png,300,300,L
/content/elpv-dataset/src/elpv_dataset/data/images/cell0186.png,cell0186.png,300,300,L
/content/elpv-dataset/src/elpv_dataset/data/images/cell2128.png,cell2128.png,300,300,L
/content/elpv-dataset/src/elpv_dataset/data/images/cell1430.png,cell1430.png,300,300,L
/content/elpv-dataset/src/elpv_dataset/data/images/cell1571.png,cell1571.png,300,300,L
/content/elpv-dataset/src/elpv_dataset/data/images/cell0341.png,cell0341.png,300,300,L
/content/elpv-dataset/src/elpv_dataset/data/images/cell2117.png,cell2117.png,300,300,L
/content/elpv-dataset/src/elpv_dataset/data/images/cell0421.png,cell0421.png,300,300,L
/content/elpv-dataset/src/elpv_dataset/data/images/cell0293.png,cell0293.png,300,300,L
/content/elpv-dataset/src/elpv_dataset/data/images/cell2067.png,cell2067.png,300,300,L
/content/elpv-dataset/src/elpv_dataset/data/images/cell2445.png,cell2445.png,300,300,L
/content/elpv-dataset/src/elpv_dataset/data/images/cell1363.png,cell1363.png,300,300,L
/content/elpv-dataset/src/elpv_dataset/data/images/cell0840.png,cell0840.png,300,300,L
/content/elpv-dataset/src/elpv_dataset/data/images/cell0658.png,cell0658.png,300,300,L
/content/elpv-dataset/src/elpv_dataset/data/images/cell0069.png,cell0069.png,300,300,L
/content/elpv-dataset/src/elpv_dataset/data/images/cell0524.png,cell0524.png,300,300,L
/content/elpv-dataset/src/elpv_dataset/data/images/cell1587.png,cell1587.png,300,300,L
/content/elpv-dataset/src/elpv_dataset/data/images/cell0984.png,cell0984.png,300,300,L
/content/elpv-dataset/src/elpv_dataset/data/images/cell1884.png,cell1884.png,300,300,L
/content/elpv-dataset/src/elpv_dataset/data/images/cell0899.png,cell0899.png,300,300,L
/content/elpv-dataset/src/elpv_dataset/data/images/cell2038.png,cell2038.png,300,300,L
/content/elpv-dataset/src/elpv_dataset/data/images/cell2016.png,cell2016.png,300,300,L
/content/elpv-dataset/src/elpv_dataset/data/images/cell2052.png,cell2052.png,300,300,L
/content/elpv-dataset/src/elpv_dataset/data/images/cell0819.png,cell0819.png,300,300,L
/content/elpv-dataset/src/elpv_dataset/data/images/cell0023.png,cell0023.png,300,300,L
/content/elpv-dataset/src/elpv_dataset/data/images/cell0464.png,cell0464.png,300,300,L
/content/elpv-dataset/src/elpv_dataset/data/images/cell0735.png,cell0735.png,300,300,L
/content/elpv-dataset/src/elpv_dataset/data/images/cell1756.png,cell1756.png,300,300,L
/content/elpv-dataset/src/elpv_dataset/data/images/cell0400.png,cell0400.png,300,300,L
/content/elpv-dataset/src/elpv_dataset/data/images/cell1728.png,cell1728.png,300,300,L
/content/elpv-dataset/src/elpv_dataset/data/images/cell1827.png,cell1827.png,300,300,L
/content/elpv-dataset/src/elpv_dataset/data/images/cell0382.png,cell0382.png,300,300,L
/content/elpv-dataset/src/elpv_dataset/data/images/cell1936.png,cell1936.png,300,300,L
/content/elpv-dataset/src/elpv_dataset/data/images/cell0511.png,cell0511.png,300,300,L
/content/elpv-dataset/src/elpv_dataset/data/images/cell1888.png,cell1888.png,300,300,L
/content/elpv-dataset/src/elpv_dataset/data/images/cell0947.png,cell0947.png,300,300,L
/content/elpv-dataset/src/elpv_dataset/data/images/cell0622.png,cell0622.png,300,300,L
/content/elpv-dataset/src/elpv_dataset/data/images/cell1000.png,cell1000.png,300,300,L
/content/elpv-dataset/src/elpv_dataset/data/images/cell0655.png,cell0655.png,300,300,L
/content/elpv-dataset/src/elpv_dataset/data/images/cell0508.png,cell0508.png,300,300,L
/content/elpv-dataset/src/elpv_dataset/data/images/cell0408.png,cell0408.png,300,300,L
/content/elpv-dataset/src/elpv_dataset/data/images/cell1793.png,cell1793.png,300,300,L
/content/elpv-dataset/src/elpv_dataset/data/images/cell0641.png,cell0641.png,300,300,L
/content/elpv-dataset/src/elpv_dataset/data/images/cell1236.png,cell1236.png,300,300,L
/content/elpv-dataset/src/elpv_dataset/data/images/cell1704.png,cell1704.png,300,300,L
/content/elpv-dataset/src/elpv_dataset/data/images/cell2220.png,cell2220.png,300,300,L
/content/elpv-dataset/src/elpv_dataset/data/images/cell0613.png,cell0613.png,300,300,L
/content/elpv-dataset/src/elpv_dataset/data/images/cell0372.png,cell0372.png,300,300,L
/content/elpv-dataset/src/elpv_dataset/data/images/cell0607.png,cell0607.png,300,300,L
/content/elpv-dataset/src/elpv_dataset/data/images/cell0148.png,cell0148.png,300,300,L
/content/elpv-dataset/src/elpv_dataset/data/images/cell0320.png,cell0320.png,300,300,L
/content/elpv-dataset/src/elpv_dataset/data/images/cell1301.png,cell1301.png,300,300,L
/content/elpv-dataset/src/elpv_dataset/data/images/cell2433.png,cell2433.png,300,300,L
/content/elpv-dataset/src/elpv_dataset/data/images/cell1856.png,cell1856.png,300,300,L
/content/elpv-dataset/src/elpv_dataset/data/images/cell0566.png,cell0566.png,300,300,L
/content/elpv-dataset/src/elpv_dataset/data/images/cell2201.png,cell2201.png,300,300,L
/content/elpv-dataset/src/elpv_dataset/data/images/cell0282.png,cell0282.png,300,300,L
/content/elpv-dataset/src/elpv_dataset/data/images/cell1381.png,cell1381.png,300,300,L
/content/elpv-dataset/src/elpv_dataset/data/images/cell1187.png,cell1187.png,300,300,L
/content/elpv-dataset/src/elpv_dataset/data/images/cell0330.png,cell0330.png,300,300,L
/content/elpv-dataset/src/elpv_dataset/data/images/cell0371.png,cell0371.png,300,300,L
/content/elpv-dataset/src/elpv_dataset/data/images/cell2382.png,cell2382.png,300,300,L
/content/elpv-dataset/src/elpv_dataset/data/images/cell0120.png,cell0120.png,300,300,L
/content/elpv-dataset/src/elpv_dataset/data/images/cell2616.png,cell2616.png,300,300,L
/content/elpv-dataset/src/elpv_dataset/data/images/cell0914.png,cell0914.png,300,300,L
/content/elpv-dataset/src/elpv_dataset/data/images/cell0628.png,cell0628.png,300,300,L
/content/elpv-dataset/src/elpv_dataset/data/images/cell1021.png,cell1021.png,300,300,L
/content/elpv-dataset/src/elpv_dataset/data/images/cell1765.png,cell1765.png,300,300,L
/content/elpv-dataset/src/elpv_dataset/data/images/cell2224.png,cell2224.png,300,300,L
/content/elpv-dataset/src/elpv_dataset/data/images/cell1604.png,cell1604.png,300,300,L
/content/elpv-dataset/src/elpv_dataset/data/images/cell0004.png,cell0004.png,300,300,L
/content/elpv-dataset/src/elpv_dataset/data/images/cell0817.png,cell0817.png,300,300,L
/content/elpv-dataset/src/elpv_dataset/data/images/cell2344.png,cell2344.png,300,300,L
/content/elpv-dataset/src/elpv_dataset/data/images/cell0540.png,cell0540.png,300,300,L
/content/elpv-dataset/src/elpv_dataset/data/images/cell1574.png,cell1574.png,300,300,L
/content/elpv-dataset/src/elpv_dataset/data/images/cell2585.png,cell2585.png,300,300,L
/content/elpv-dataset/src/elpv_dataset/data/images/cell0331.png,cell0331.png,300,300,L
/content/elpv-dataset/src/elpv_dataset/data/images/cell1380.png,cell1380.png,300,300,L
/content/elpv-dataset/src/elpv_dataset/data/images/cell2143.png,cell2143.png,300,300,L
/content/elpv-dataset/src/elpv_dataset/data/images/cell1917.png,cell1917.png,300,300,L
/content/elpv-dataset/src/elpv_dataset/data/images/cell1867.png,cell1867.png,300,300,L
/content/elpv-dataset/src/elpv_dataset/data/images/cell2385.png,cell2385.png,300,300,L
/content/elpv-dataset/src/elpv_dataset/data/images/cell1276.png,cell1276.png,300,300,L
/content/elpv-dataset/src/elpv_dataset/data/images/cell0084.png,cell0084.png,300,300,L
/content/elpv-dataset/src/elpv_dataset/data/images/cell0264.png,cell0264.png,300,300,L
/content/elpv-dataset/src/elpv_dataset/data/images/cell1607.png,cell1607.png,300,300,L
/content/elpv-dataset/src/elpv_dataset/data/images/cell0569.png,cell0569.png,300,300,L
/content/elpv-dataset/src/elpv_dataset/data/images/cell1298.png,cell1298.png,300,300,L
/content/elpv-dataset/src/elpv_dataset/data/images/cell1759.png,cell1759.png,300,300,L
/content/elpv-dataset/src/elpv_dataset/data/images/cell2540.png,cell2540.png,300,300,L
/content/elpv-dataset/src/elpv_dataset/data/images/cell2045.png,cell2045.png,300,300,L
/content/elpv-dataset/src/elpv_dataset/data/images/cell1702.png,cell1702.png,300,300,L
/content/elpv-dataset/src/elpv_dataset/data/images/cell0727.png,cell0727.png,300,300,L
/content/elpv-dataset/src/elpv_dataset/data/images/cell0913.png,cell0913.png,300,300,L
/content/elpv-dataset/src/elpv_dataset/data/images/cell1741.png,cell1741.png,300,300,L
/content/elpv-dataset/src/elpv_dataset/data/images/cell0491.png,cell0491.png,300,300,L
/content/elpv-dataset/src/elpv_dataset/data/images/cell2565.png,cell2565.png,300,300,L
/content/elpv-dataset/src/elpv_dataset/data/images/cell0340.png,cell0340.png,300,300,L
/content/elpv-dataset/src/elpv_dataset/data/images/cell1294.png,cell1294.png,300,300,L
/content/elpv-dataset/src/elpv_dataset/data/images/cell0577.png,cell0577.png,300,300,L
/content/elpv-dataset/src/elpv_dataset/data/images/cell2491.png,cell2491.png,300,300,L
/content/elpv-dataset/src/elpv_dataset/data/images/cell1816.png,cell1816.png,300,300,L
/content/elpv-dataset/src/elpv_dataset/data/images/cell1194.png,cell1194.png,300,300,L
/content/elpv-dataset/src/elpv_dataset/data/images/cell1737.png,cell1737.png,300,300,L
/content/elpv-dataset/src/elpv_dataset/data/images/cell2392.png,cell2392.png,300,300,L
/content/elpv-dataset/src/elpv_dataset/data/images/cell1312.png,cell1312.png,300,300,L
/content/elpv-dataset/src/elpv_dataset/data/images/cell1543.png,cell1543.png,300,300,L
/content/elpv-dataset/src/elpv_dataset/data/images/cell0706.png,cell0706.png,300,300,L
/content/elpv-dataset/src/elpv_dataset/data/images/cell0539.png,cell0539.png,300,300,L
/content/elpv-dataset/src/elpv_dataset/data/images/cell2005.png,cell2005.png,300,300,L
/content/elpv-dataset/src/elpv_dataset/data/images/cell0930.png,cell0930.png,300,300,L
/content/elpv-dataset/src/elpv_dataset/data/images/cell2270.png,cell2270.png,300,300,L
/content/elpv-dataset/src/elpv_dataset/data/images/cell0042.png,cell0042.png,300,300,L
/content/elpv-dataset/src/elpv_dataset/data/images/cell1797.png,cell1797.png,300,300,L
/content/elpv-dataset/src/elpv_dataset/data/images/cell0012.png,cell0012.png,300,300,L
/content/elpv-dataset/src/elpv_dataset/data/images/cell1310.png,cell1310.png,300,300,L
/content/elpv-dataset/src/elpv_dataset/data/images/cell0379.png,cell0379.png,300,300,L
/content/elpv-dataset/src/elpv_dataset/data/images/cell1758.png,cell1758.png,300,300,L
/content/elpv-dataset/src/elpv_dataset/data/images/cell2086.png,cell2086.png,300,300,L
/content/elpv-dataset/src/elpv_dataset/data/images/cell0176.png,cell0176.png,300,300,L
/content/elpv-dataset/src/elpv_dataset/data/images/cell0172.png,cell0172.png,300,300,L
/content/elpv-dataset/src/elpv_dataset/data/images/cell2355.png,cell2355.png,300,300,L
/content/elpv-dataset/src/elpv_dataset/data/images/cell1556.png,cell1556.png,300,300,L
/content/elpv-dataset/src/elpv_dataset/data/images/cell1996.png,cell1996.png,300,300,L
/content/elpv-dataset/src/elpv_dataset/data/images/cell1405.png,cell1405.png,300,300,L
/content/elpv-dataset/src/elpv_dataset/data/images/cell2453.png,cell2453.png,300,300,L
/content/elpv-dataset/src/elpv_dataset/data/images/cell1458.png,cell1458.png,300,300,L
/content/elpv-dataset/src/elpv_dataset/data/images/cell1058.png,cell1058.png,300,300,L
/content/elpv-dataset/src/elpv_dataset/data/images/cell1506.png,cell1506.png,300,300,L
/content/elpv-dataset/src/elpv_dataset/data/images/cell0575.png,cell0575.png,300,300,L
/content/elpv-dataset/src/elpv_dataset/data/images/cell0596.png,cell0596.png,300,300,L
/content/elpv-dataset/src/elpv_dataset/data/images/cell1957.png,cell1957.png,300,300,L
/content/elpv-dataset/src/elpv_dataset/data/images/cell0780.png,cell0780.png,300,300,L
/content/elpv-dataset/src/elpv_dataset/data/images/cell0969.png,cell0969.png,300,300,L
/content/elpv-dataset/src/elpv_dataset/data/images/cell1433.png,cell1433.png,300,300,L
/content/elpv-dataset/src/elpv_dataset/data/images/cell0286.png,cell0286.png,300,300,L
/content/elpv-dataset/src/elpv_dataset/data/images/cell0794.png,cell0794.png,300,300,L
/content/elpv-dataset/src/elpv_dataset/data/images/cell0440.png,cell0440.png,300,300,L
/content/elpv-dataset/src/elpv_dataset/data/images/cell2520.png,cell2520.png,300,300,L
/content/elpv-dataset/src/elpv_dataset/data/images/cell0081.png,cell0081.png,300,300,L
/content/elpv-dataset/src/elpv_dataset/data/images/cell0466.png,cell0466.png,300,300,L
/content/elpv-dataset/src/elpv_dataset/data/images/cell1838.png,cell1838.png,300,300,L
/content/elpv-dataset/src/elpv_dataset/data/images/cell1384.png,cell1384.png,300,300,L
/content/elpv-dataset/src/elpv_dataset/data/images/cell0338.png,cell0338.png,300,300,L
/content/elpv-dataset/src/elpv_dataset/data/images/cell0977.png,cell0977.png,300,300,L
/content/elpv-dataset/src/elpv_dataset/data/images/cell0095.png,cell0095.png,300,300,L
/content/elpv-dataset/src/elpv_dataset/data/images/cell1788.png,cell1788.png,300,300,L
/content/elpv-dataset/src/elpv_dataset/data/images/cell2233.png,cell2233.png,300,300,L
/content/elpv-dataset/src/elpv_dataset/data/images/cell0535.png,cell0535.png,300,300,L
/content/elpv-dataset/src/elpv_dataset/data/images/cell1937.png,cell1937.png,300,300,L
/content/elpv-dataset/src/elpv_dataset/data/images/cell1099.png,cell1099.png,300,300,L
/content/elpv-dataset/src/elpv_dataset/data/images/cell0490.png,cell0490.png,300,300,L
/content/elpv-dataset/src/elpv_dataset/data/images/cell0616.png,cell0616.png,300,300,L
/content/elpv-dataset/src/elpv_dataset/data/images/cell0591.png,cell0591.png,300,300,L
/content/elpv-dataset/src/elpv_dataset/data/images/cell2600.png,cell2600.png,300,300,L
/content/elpv-dataset/src/elpv_dataset/data/images/cell1116.png,cell1116.png,300,300,L
/content/elpv-dataset/src/elpv_dataset/data/images/cell1802.png,cell1802.png,300,300,L
/content/elpv-dataset/src/elpv_dataset/data/images/cell2447.png,cell2447.png,300,300,L
/content/elpv-dataset/src/elpv_dataset/data/images/cell2543.png,cell2543.png,300,300,L
/content/elpv-dataset/src/elpv_dataset/data/images/cell1176.png,cell1176.png,300,300,L
/content/elpv-dataset/src/elpv_dataset/data/images/cell0637.png,cell0637.png,300,300,L
/content/elpv-dataset/src/elpv_dataset/data/images/cell1457.png,cell1457.png,300,300,L
/content/elpv-dataset/src/elpv_dataset/data/images/cell0748.png,cell0748.png,300,300,L
/content/elpv-dataset/src/elpv_dataset/data/images/cell2075.png,cell2075.png,300,300,L
/content/elpv-dataset/src/elpv_dataset/data/images/cell1268.png,cell1268.png,300,300,L
/content/elpv-dataset/src/elpv_dataset/data/images/cell1398.png,cell1398.png,300,300,L
/content/elpv-dataset/src/elpv_dataset/data/images/cell0855.png,cell0855.png,300,300,L
/content/elpv-dataset/src/elpv_dataset/data/images/cell1961.png,cell1961.png,300,300,L
/content/elpv-dataset/src/elpv_dataset/data/images/cell1559.png,cell1559.png,300,300,L
/content/elpv-dataset/src/elpv_dataset/data/images/cell0879.png,cell0879.png,300,300,L
/content/elpv-dataset/src/elpv_dataset/data/images/cell0681.png,cell0681.png,300,300,L
/content/elpv-dataset/src/elpv_dataset/data/images/cell1912.png,cell1912.png,300,300,L
/content/elpv-dataset/src/elpv_dataset/data/images/cell0561.png,cell0561.png,300,300,L
/content/elpv-dataset/src/elpv_dataset/data/images/cell0459.png,cell0459.png,300,300,L
/content/elpv-dataset/src/elpv_dataset/data/images/cell0288.png,cell0288.png,300,300,L
/content/elpv-dataset/src/elpv_dataset/data/images/cell1840.png,cell1840.png,300,300,L
/content/elpv-dataset/src/elpv_dataset/data/images/cell0795.png,cell0795.png,300,300,L
/content/elpv-dataset/src/elpv_dataset/data/images/cell1003.png,cell1003.png,300,300,L
/content/elpv-dataset/src/elpv_dataset/data/images/cell2109.png,cell2109.png,300,300,L
/content/elpv-dataset/src/elpv_dataset/data/images/cell0878.png,cell0878.png,300,300,L
/content/elpv-dataset/src/elpv_dataset/data/images/cell0704.png,cell0704.png,300,300,L
/content/elpv-dataset/src/elpv_dataset/data/images/cell1321.png,cell1321.png,300,300,L
/content/elpv-dataset/src/elpv_dataset/data/images/cell1267.png,cell1267.png,300,300,L
/content/elpv-dataset/src/elpv_dataset/data/images/cell2082.png,cell2082.png,300,300,L
/content/elpv-dataset/src/elpv_dataset/data/images/cell0609.png,cell0609.png,300,300,L
/content/elpv-dataset/src/elpv_dataset/data/images/cell0740.png,cell0740.png,300,300,L
/content/elpv-dataset/src/elpv_dataset/data/images/cell0868.png,cell0868.png,300,300,L
/content/elpv-dataset/src/elpv_dataset/data/images/cell1001.png,cell1001.png,300,300,L
/content/elpv-dataset/src/elpv_dataset/data/images/cell2250.png,cell2250.png,300,300,L
/content/elpv-dataset/src/elpv_dataset/data/images/cell1075.png,cell1075.png,300,300,L
/content/elpv-dataset/src/elpv_dataset/data/images/cell1990.png,cell1990.png,300,300,L
/content/elpv-dataset/src/elpv_dataset/data/images/cell1804.png,cell1804.png,300,300,L
/content/elpv-dataset/src/elpv_dataset/data/images/cell1461.png,cell1461.png,300,300,L
/content/elpv-dataset/src/elpv_dataset/data/images/cell0696.png,cell0696.png,300,300,L
/content/elpv-dataset/src/elpv_dataset/data/images/cell0302.png,cell0302.png,300,300,L
/content/elpv-dataset/src/elpv_dataset/data/images/cell1580.png,cell1580.png,300,300,L
/content/elpv-dataset/src/elpv_dataset/data/images/cell0044.png,cell0044.png,300,300,L
/content/elpv-dataset/src/elpv_dataset/data/images/cell2391.png,cell2391.png,300,300,L
/content/elpv-dataset/src/elpv_dataset/data/images/cell1826.png,cell1826.png,300,300,L
/content/elpv-dataset/src/elpv_dataset/data/images/cell0398.png,cell0398.png,300,300,L
/content/elpv-dataset/src/elpv_dataset/data/images/cell1635.png,cell1635.png,300,300,L
/content/elpv-dataset/src/elpv_dataset/data/images/cell1904.png,cell1904.png,300,300,L
/content/elpv-dataset/src/elpv_dataset/data/images/cell1889.png,cell1889.png,300,300,L
/content/elpv-dataset/src/elpv_dataset/data/images/cell0418.png,cell0418.png,300,300,L
/content/elpv-dataset/src/elpv_dataset/data/images/cell2341.png,cell2341.png,300,300,L
/content/elpv-dataset/src/elpv_dataset/data/images/cell0902.png,cell0902.png,300,300,L
/content/elpv-dataset/src/elpv_dataset/data/images/cell1214.png,cell1214.png,300,300,L
/content/elpv-dataset/src/elpv_dataset/data/images/cell0038.png,cell0038.png,300,300,L
/content/elpv-dataset/src/elpv_dataset/data/images/cell0924.png,cell0924.png,300,300,L
/content/elpv-dataset/src/elpv_dataset/data/images/cell1746.png,cell1746.png,300,300,L
/content/elpv-dataset/src/elpv_dataset/data/images/cell2411.png,cell2411.png,300,300,L
/content/elpv-dataset/src/elpv_dataset/data/images/cell0938.png,cell0938.png,300,300,L
/content/elpv-dataset/src/elpv_dataset/data/images/cell1796.png,cell1796.png,300,300,L
/content/elpv-dataset/src/elpv_dataset/data/images/cell2135.png,cell2135.png,300,300,L
/content/elpv-dataset/src/elpv_dataset/data/images/cell1577.png,cell1577.png,300,300,L
/content/elpv-dataset/src/elpv_dataset/data/images/cell0621.png,cell0621.png,300,300,L
/content/elpv-dataset/src/elpv_dataset/data/images/cell0377.png,cell0377.png,300,300,L
/content/elpv-dataset/src/elpv_dataset/data/images/cell1494.png,cell1494.png,300,300,L
/content/elpv-dataset/src/elpv_dataset/data/images/cell1462.png,cell1462.png,300,300,L
/content/elpv-dataset/src/elpv_dataset/data/images/cell0151.png,cell0151.png,300,300,L
/content/elpv-dataset/src/elpv_dataset/data/images/cell0956.png,cell0956.png,300,300,L
/content/elpv-dataset/src/elpv_dataset/data/images/cell1883.png,cell1883.png,300,300,L
/content/elpv-dataset/src/elpv_dataset/data/images/cell2164.png,cell2164.png,300,300,L
/content/elpv-dataset/src/elpv_dataset/data/images/cell2104.png,cell2104.png,300,300,L
/content/elpv-dataset/src/elpv_dataset/data/images/cell1261.png,cell1261.png,300,300,L
/content/elpv-dataset/src/elpv_dataset/data/images/cell0149.png,cell0149.png,300,300,L
/content/elpv-dataset/src/elpv_dataset/data/images/cell2468.png,cell2468.png,300,300,L
/content/elpv-dataset/src/elpv_dataset/data/images/cell0513.png,cell0513.png,300,300,L
/content/elpv-dataset/src/elpv_dataset/data/images/cell2342.png,cell2342.png,300,300,L
/content/elpv-dataset/src/elpv_dataset/data/images/cell2519.png,cell2519.png,300,300,L
/content/elpv-dataset/src/elpv_dataset/data/images/cell0163.png,cell0163.png,300,300,L
/content/elpv-dataset/src/elpv_dataset/data/images/cell2311.png,cell2311.png,300,300,L
/content/elpv-dataset/src/elpv_dataset/data/images/cell1517.png,cell1517.png,300,300,L
/content/elpv-dataset/src/elpv_dataset/data/images/cell2000.png,cell2000.png,300,300,L
/content/elpv-dataset/src/elpv_dataset/data/images/cell0478.png,cell0478.png,300,300,L
/content/elpv-dataset/src/elpv_dataset/data/images/cell1921.png,cell1921.png,300,300,L
/content/elpv-dataset/src/elpv_dataset/data/images/cell1245.png,cell1245.png,300,300,L
/content/elpv-dataset/src/elpv_dataset/data/images/cell1258.png,cell1258.png,300,300,L
/content/elpv-dataset/src/elpv_dataset/data/images/cell1309.png,cell1309.png,300,300,L
/content/elpv-dataset/src/elpv_dataset/data/images/cell0255.png,cell0255.png,300,300,L
/content/elpv-dataset/src/elpv_dataset/data/images/cell0259.png,cell0259.png,300,300,L
/content/elpv-dataset/src/elpv_dataset/data/images/cell0528.png,cell0528.png,300,300,L
/content/elpv-dataset/src/elpv_dataset/data/images/cell1063.png,cell1063.png,300,300,L
/content/elpv-dataset/src/elpv_dataset/data/images/cell1483.png,cell1483.png,300,300,L
/content/elpv-dataset/src/elpv_dataset/data/images/cell2550.png,cell2550.png,300,300,L
/content/elpv-dataset/src/elpv_dataset/data/images/cell2290.png,cell2290.png,300,300,L
/content/elpv-dataset/src/elpv_dataset/data/images/cell0049.png,cell0049.png,300,300,L
/content/elpv-dataset/src/elpv_dataset/data/images/cell1875.png,cell1875.png,300,300,L
/content/elpv-dataset/src/elpv_dataset/data/images/cell1812.png,cell1812.png,300,300,L
/content/elpv-dataset/src/elpv_dataset/data/images/cell0002.png,cell0002.png,300,300,L
/content/elpv-dataset/src/elpv_dataset/data/images/cell0321.png,cell0321.png,300,300,L
/content/elpv-dataset/src/elpv_dataset/data/images/cell0416.png,cell0416.png,300,300,L
/content/elpv-dataset/src/elpv_dataset/data/images/cell2588.png,cell2588.png,300,300,L
/content/elpv-dataset/src/elpv_dataset/data/images/cell1049.png,cell1049.png,300,300,L
/content/elpv-dataset/src/elpv_dataset/data/images/cell2256.png,cell2256.png,300,300,L
/content/elpv-dataset/src/elpv_dataset/data/images/cell2125.png,cell2125.png,300,300,L
/content/elpv-dataset/src/elpv_dataset/data/images/cell1370.png,cell1370.png,300,300,L
/content/elpv-dataset/src/elpv_dataset/data/images/cell1654.png,cell1654.png,300,300,L
/content/elpv-dataset/src/elpv_dataset/data/images/cell0099.png,cell0099.png,300,300,L
/content/elpv-dataset/src/elpv_dataset/data/images/cell0971.png,cell0971.png,300,300,L
/content/elpv-dataset/src/elpv_dataset/data/images/cell0702.png,cell0702.png,300,300,L
/content/elpv-dataset/src/elpv_dataset/data/images/cell2460.png,cell2460.png,300,300,L
/content/elpv-dataset/src/elpv_dataset/data/images/cell0691.png,cell0691.png,300,300,L
/content/elpv-dataset/src/elpv_dataset/data/images/cell2204.png,cell2204.png,300,300,L
/content/elpv-dataset/src/elpv_dataset/data/images/cell0449.png,cell0449.png,300,300,L
/content/elpv-dataset/src/elpv_dataset/data/images/cell1498.png,cell1498.png,300,300,L
/content/elpv-dataset/src/elpv_dataset/data/images/cell0453.png,cell0453.png,300,300,L
/content/elpv-dataset/src/elpv_dataset/data/images/cell2218.png,cell2218.png,300,300,L
/content/elpv-dataset/src/elpv_dataset/data/images/cell0064.png,cell0064.png,300,300,L
/content/elpv-dataset/src/elpv_dataset/data/images/cell1669.png,cell1669.png,300,300,L
/content/elpv-dataset/src/elpv_dataset/data/images/cell1534.png,cell1534.png,300,300,L
/content/elpv-dataset/src/elpv_dataset/data/images/cell1340.png,cell1340.png,300,300,L
/content/elpv-dataset/src/elpv_dataset/data/images/cell1585.png,cell1585.png,300,300,L
/content/elpv-dataset/src/elpv_dataset/data/images/cell1230.png,cell1230.png,300,300,L
/content/elpv-dataset/src/elpv_dataset/data/images/cell1914.png,cell1914.png,300,300,L
/content/elpv-dataset/src/elpv_dataset/data/images/cell0422.png,cell0422.png,300,300,L
/content/elpv-dataset/src/elpv_dataset/data/images/cell1720.png,cell1720.png,300,300,L
/content/elpv-dataset/src/elpv_dataset/data/images/cell1739.png,cell1739.png,300,300,L
/content/elpv-dataset/src/elpv_dataset/data/images/cell0542.png,cell0542.png,300,300,L
/content/elpv-dataset/src/elpv_dataset/data/images/cell1815.png,cell1815.png,300,300,L
/content/elpv-dataset/src/elpv_dataset/data/images/cell2328.png,cell2328.png,300,300,L
/content/elpv-dataset/src/elpv_dataset/data/images/cell2272.png,cell2272.png,300,300,L
/content/elpv-dataset/src/elpv_dataset/data/images/cell2596.png,cell2596.png,300,300,L
/content/elpv-dataset/src/elpv_dataset/data/images/cell0928.png,cell0928.png,300,300,L
/content/elpv-dataset/src/elpv_dataset/data/images/cell0852.png,cell0852.png,300,300,L
/content/elpv-dataset/src/elpv_dataset/data/images/cell1190.png,cell1190.png,300,300,L
/content/elpv-dataset/src/elpv_dataset/data/images/cell0009.png,cell0009.png,300,300,L
/content/elpv-dataset/src/elpv_dataset/data/images/cell1505.png,cell1505.png,300,300,L
/content/elpv-dataset/src/elpv_dataset/data/images/cell1022.png,cell1022.png,300,300,L
/content/elpv-dataset/src/elpv_dataset/data/images/cell0058.png,cell0058.png,300,300,L
/content/elpv-dataset/src/elpv_dataset/data/images/cell0590.png,cell0590.png,300,300,L
/content/elpv-dataset/src/elpv_dataset/data/images/cell0078.png,cell0078.png,300,300,L
/content/elpv-dataset/src/elpv_dataset/data/images/cell0799.png,cell0799.png,300,300,L
/content/elpv-dataset/src/elpv_dataset/data/images/cell2441.png,cell2441.png,300,300,L
/content/elpv-dataset/src/elpv_dataset/data/images/cell1516.png,cell1516.png,300,300,L
/content/elpv-dataset/src/elpv_dataset/data/images/cell2375.png,cell2375.png,300,300,L
/content/elpv-dataset/src/elpv_dataset/data/images/cell1291.png,cell1291.png,300,300,L
/content/elpv-dataset/src/elpv_dataset/data/images/cell1249.png,cell1249.png,300,300,L
/content/elpv-dataset/src/elpv_dataset/data/images/cell1825.png,cell1825.png,300,300,L
/content/elpv-dataset/src/elpv_dataset/data/images/cell1195.png,cell1195.png,300,300,L
/content/elpv-dataset/src/elpv_dataset/data/images/cell0683.png,cell0683.png,300,300,L
/content/elpv-dataset/src/elpv_dataset/data/images/cell2454.png,cell2454.png,300,300,L
/content/elpv-dataset/src/elpv_dataset/data/images/cell2512.png,cell2512.png,300,300,L
/content/elpv-dataset/src/elpv_dataset/data/images/cell1270.png,cell1270.png,300,300,L
/content/elpv-dataset/src/elpv_dataset/data/images/cell1196.png,cell1196.png,300,300,L
/content/elpv-dataset/src/elpv_dataset/data/images/cell1690.png,cell1690.png,300,300,L
/content/elpv-dataset/src/elpv_dataset/data/images/cell0648.png,cell0648.png,300,300,L
/content/elpv-dataset/src/elpv_dataset/data/images/cell1101.png,cell1101.png,300,300,L
/content/elpv-dataset/src/elpv_dataset/data/images/cell0256.png,cell0256.png,300,300,L
/content/elpv-dataset/src/elpv_dataset/data/images/cell2356.png,cell2356.png,300,300,L
/content/elpv-dataset/src/elpv_dataset/data/images/cell2019.png,cell2019.png,300,300,L
/content/elpv-dataset/src/elpv_dataset/data/images/cell0698.png,cell0698.png,300,300,L
/content/elpv-dataset/src/elpv_dataset/data/images/cell2188.png,cell2188.png,300,300,L
/content/elpv-dataset/src/elpv_dataset/data/images/cell1523.png,cell1523.png,300,300,L
/content/elpv-dataset/src/elpv_dataset/data/images/cell0039.png,cell0039.png,300,300,L
/content/elpv-dataset/src/elpv_dataset/data/images/cell1224.png,cell1224.png,300,300,L
/content/elpv-dataset/src/elpv_dataset/data/images/cell1335.png,cell1335.png,300,300,L
/content/elpv-dataset/src/elpv_dataset/data/images/cell0640.png,cell0640.png,300,300,L
/content/elpv-dataset/src/elpv_dataset/data/images/cell1962.png,cell1962.png,300,300,L
/content/elpv-dataset/src/elpv_dataset/data/images/cell1244.png,cell1244.png,300,300,L
/content/elpv-dataset/src/elpv_dataset/data/images/cell0197.png,cell0197.png,300,300,L
/content/elpv-dataset/src/elpv_dataset/data/images/cell2136.png,cell2136.png,300,300,L
/content/elpv-dataset/src/elpv_dataset/data/images/cell1757.png,cell1757.png,300,300,L
/content/elpv-dataset/src/elpv_dataset/data/images/cell0075.png,cell0075.png,300,300,L
/content/elpv-dataset/src/elpv_dataset/data/images/cell1322.png,cell1322.png,300,300,L
/content/elpv-dataset/src/elpv_dataset/data/images/cell2563.png,cell2563.png,300,300,L
/content/elpv-dataset/src/elpv_dataset/data/images/cell1842.png,cell1842.png,300,300,L
/content/elpv-dataset/src/elpv_dataset/data/images/cell0541.png,cell0541.png,300,300,L
/content/elpv-dataset/src/elpv_dataset/data/images/cell1693.png,cell1693.png,300,300,L
/content/elpv-dataset/src/elpv_dataset/data/images/cell0097.png,cell0097.png,300,300,L
/content/elpv-dataset/src/elpv_dataset/data/images/cell1596.png,cell1596.png,300,300,L
/content/elpv-dataset/src/elpv_dataset/data/images/cell1206.png,cell1206.png,300,300,L
/content/elpv-dataset/src/elpv_dataset/data/images/cell0088.png,cell0088.png,300,300,L
/content/elpv-dataset/src/elpv_dataset/data/images/cell0831.png,cell0831.png,300,300,L
/content/elpv-dataset/src/elpv_dataset/data/images/cell2497.png,cell2497.png,300,300,L
/content/elpv-dataset/src/elpv_dataset/data/images/cell1659.png,cell1659.png,300,300,L
/content/elpv-dataset/src/elpv_dataset/data/images/cell2589.png,cell2589.png,300,300,L
/content/elpv-dataset/src/elpv_dataset/data/images/cell1803.png,cell1803.png,300,300,L
/content/elpv-dataset/src/elpv_dataset/data/images/cell1133.png,cell1133.png,300,300,L
/content/elpv-dataset/src/elpv_dataset/data/images/cell1318.png,cell1318.png,300,300,L
/content/elpv-dataset/src/elpv_dataset/data/images/cell2399.png,cell2399.png,300,300,L
/content/elpv-dataset/src/elpv_dataset/data/images/cell0949.png,cell0949.png,300,300,L
/content/elpv-dataset/src/elpv_dataset/data/images/cell0805.png,cell0805.png,300,300,L
/content/elpv-dataset/src/elpv_dataset/data/images/cell1317.png,cell1317.png,300,300,L
/content/elpv-dataset/src/elpv_dataset/data/images/cell0790.png,cell0790.png,300,300,L
/content/elpv-dataset/src/elpv_dataset/data/images/cell1831.png,cell1831.png,300,300,L
/content/elpv-dataset/src/elpv_dataset/data/images/cell2300.png,cell2300.png,300,300,L
/content/elpv-dataset/src/elpv_dataset/data/images/cell1137.png,cell1137.png,300,300,L
/content/elpv-dataset/src/elpv_dataset/data/images/cell0025.png,cell0025.png,300,300,L
/content/elpv-dataset/src/elpv_dataset/data/images/cell0428.png,cell0428.png,300,300,L
/content/elpv-dataset/src/elpv_dataset/data/images/cell1760.png,cell1760.png,300,300,L
/content/elpv-dataset/src/elpv_dataset/data/images/cell1485.png,cell1485.png,300,300,L
/content/elpv-dataset/src/elpv_dataset/data/images/cell0233.png,cell0233.png,300,300,L
/content/elpv-dataset/src/elpv_dataset/data/images/cell1087.png,cell1087.png,300,300,L
/content/elpv-dataset/src/elpv_dataset/data/images/cell2226.png,cell2226.png,300,300,L
/content/elpv-dataset/src/elpv_dataset/data/images/cell0109.png,cell0109.png,300,300,L
/content/elpv-dataset/src/elpv_dataset/data/images/cell1542.png,cell1542.png,300,300,L
/content/elpv-dataset/src/elpv_dataset/data/images/cell2028.png,cell2028.png,300,300,L
/content/elpv-dataset/src/elpv_dataset/data/images/cell0486.png,cell0486.png,300,300,L
/content/elpv-dataset/src/elpv_dataset/data/images/cell0602.png,cell0602.png,300,300,L
/content/elpv-dataset/src/elpv_dataset/data/images/cell0463.png,cell0463.png,300,300,L
/content/elpv-dataset/src/elpv_dataset/data/images/cell1378.png,cell1378.png,300,300,L
/content/elpv-dataset/src/elpv_dataset/data/images/cell0483.png,cell0483.png,300,300,L
/content/elpv-dataset/src/elpv_dataset/data/images/cell1035.png,cell1035.png,300,300,L
/content/elpv-dataset/src/elpv_dataset/data/images/cell0412.png,cell0412.png,300,300,L
/content/elpv-dataset/src/elpv_dataset/data/images/cell0013.png,cell0013.png,300,300,L
/content/elpv-dataset/src/elpv_dataset/data/images/cell0631.png,cell0631.png,300,300,L
/content/elpv-dataset/src/elpv_dataset/data/images/cell1947.png,cell1947.png,300,300,L
/content/elpv-dataset/src/elpv_dataset/data/images/cell0265.png,cell0265.png,300,300,L
/content/elpv-dataset/src/elpv_dataset/data/images/cell2200.png,cell2200.png,300,300,L
/content/elpv-dataset/src/elpv_dataset/data/images/cell0192.png,cell0192.png,300,300,L
/content/elpv-dataset/src/elpv_dataset/data/images/cell1324.png,cell1324.png,300,300,L
/content/elpv-dataset/src/elpv_dataset/data/images/cell0659.png,cell0659.png,300,300,L
/content/elpv-dataset/src/elpv_dataset/data/images/cell1085.png,cell1085.png,300,300,L
/content/elpv-dataset/src/elpv_dataset/data/images/cell2338.png,cell2338.png,300,300,L
/content/elpv-dataset/src/elpv_dataset/data/images/cell2542.png,cell2542.png,300,300,L
/content/elpv-dataset/src/elpv_dataset/data/images/cell1907.png,cell1907.png,300,300,L
/content/elpv-dataset/src/elpv_dataset/data/images/cell1633.png,cell1633.png,300,300,L
/content/elpv-dataset/src/elpv_dataset/data/images/cell1575.png,cell1575.png,300,300,L
/content/elpv-dataset/src/elpv_dataset/data/images/cell1374.png,cell1374.png,300,300,L
/content/elpv-dataset/src/elpv_dataset/data/images/cell0243.png,cell0243.png,300,300,L
/content/elpv-dataset/src/elpv_dataset/data/images/cell0311.png,cell0311.png,300,300,L
/content/elpv-dataset/src/elpv_dataset/data/images/cell1631.png,cell1631.png,300,300,L
/content/elpv-dataset/src/elpv_dataset/data/images/cell1156.png,cell1156.png,300,300,L
/content/elpv-dataset/src/elpv_dataset/data/images/cell1717.png,cell1717.png,300,300,L
/content/elpv-dataset/src/elpv_dataset/data/images/cell0875.png,cell0875.png,300,300,L
/content/elpv-dataset/src/elpv_dataset/data/images/cell1545.png,cell1545.png,300,300,L
/content/elpv-dataset/src/elpv_dataset/data/images/cell2393.png,cell2393.png,300,300,L
/content/elpv-dataset/src/elpv_dataset/data/images/cell2516.png,cell2516.png,300,300,L
/content/elpv-dataset/src/elpv_dataset/data/images/cell2032.png,cell2032.png,300,300,L
/content/elpv-dataset/src/elpv_dataset/data/images/cell2240.png,cell2240.png,300,300,L
/content/elpv-dataset/src/elpv_dataset/data/images/cell0268.png,cell0268.png,300,300,L
/content/elpv-dataset/src/elpv_dataset/data/images/cell0624.png,cell0624.png,300,300,L
/content/elpv-dataset/src/elpv_dataset/data/images/cell0661.png,cell0661.png,300,300,L
/content/elpv-dataset/src/elpv_dataset/data/images/cell2266.png,cell2266.png,300,300,L
/content/elpv-dataset/src/elpv_dataset/data/images/cell0476.png,cell0476.png,300,300,L
/content/elpv-dataset/src/elpv_dataset/data/images/cell2094.png,cell2094.png,300,300,L
/content/elpv-dataset/src/elpv_dataset/data/images/cell1399.png,cell1399.png,300,300,L
/content/elpv-dataset/src/elpv_dataset/data/images/cell2056.png,cell2056.png,300,300,L
/content/elpv-dataset/src/elpv_dataset/data/images/cell2177.png,cell2177.png,300,300,L
/content/elpv-dataset/src/elpv_dataset/data/images/cell0872.png,cell0872.png,300,300,L
/content/elpv-dataset/src/elpv_dataset/data/images/cell0209.png,cell0209.png,300,300,L
/content/elpv-dataset/src/elpv_dataset/data/images/cell1733.png,cell1733.png,300,300,L
/content/elpv-dataset/src/elpv_dataset/data/images/cell0750.png,cell0750.png,300,300,L
/content/elpv-dataset/src/elpv_dataset/data/images/cell0027.png,cell0027.png,300,300,L
/content/elpv-dataset/src/elpv_dataset/data/images/cell0850.png,cell0850.png,300,300,L
/content/elpv-dataset/src/elpv_dataset/data/images/cell1665.png,cell1665.png,300,300,L
/content/elpv-dataset/src/elpv_dataset/data/images/cell0664.png,cell0664.png,300,300,L
/content/elpv-dataset/src/elpv_dataset/data/images/cell0289.png,cell0289.png,300,300,L
/content/elpv-dataset/src/elpv_dataset/data/images/cell0161.png,cell0161.png,300,300,L
/content/elpv-dataset/src/elpv_dataset/data/images/cell2259.png,cell2259.png,300,300,L
/content/elpv-dataset/src/elpv_dataset/data/images/cell2586.png,cell2586.png,300,300,L
/content/elpv-dataset/src/elpv_dataset/data/images/cell1419.png,cell1419.png,300,300,L
/content/elpv-dataset/src/elpv_dataset/data/images/cell0431.png,cell0431.png,300,300,L
/content/elpv-dataset/src/elpv_dataset/data/images/cell0129.png,cell0129.png,300,300,L
/content/elpv-dataset/src/elpv_dataset/data/images/cell1752.png,cell1752.png,300,300,L
/content/elpv-dataset/src/elpv_dataset/data/images/cell0458.png,cell0458.png,300,300,L
/content/elpv-dataset/src/elpv_dataset/data/images/cell1927.png,cell1927.png,300,300,L
/content/elpv-dataset/src/elpv_dataset/data/images/cell2425.png,cell2425.png,300,300,L
/content/elpv-dataset/src/elpv_dataset/data/images/cell0183.png,cell0183.png,300,300,L
/content/elpv-dataset/src/elpv_dataset/data/images/cell2282.png,cell2282.png,300,300,L
/content/elpv-dataset/src/elpv_dataset/data/images/cell0568.png,cell0568.png,300,300,L
/content/elpv-dataset/src/elpv_dataset/data/images/cell1767.png,cell1767.png,300,300,L
/content/elpv-dataset/src/elpv_dataset/data/images/cell1410.png,cell1410.png,300,300,L
/content/elpv-dataset/src/elpv_dataset/data/images/cell0240.png,cell0240.png,300,300,L
/content/elpv-dataset/src/elpv_dataset/data/images/cell1145.png,cell1145.png,300,300,L
/content/elpv-dataset/src/elpv_dataset/data/images/cell1768.png,cell1768.png,300,300,L
/content/elpv-dataset/src/elpv_dataset/data/images/cell0537.png,cell0537.png,300,300,L
/content/elpv-dataset/src/elpv_dataset/data/images/cell1687.png,cell1687.png,300,300,L
/content/elpv-dataset/src/elpv_dataset/data/images/cell0964.png,cell0964.png,300,300,L
/content/elpv-dataset/src/elpv_dataset/data/images/cell0108.png,cell0108.png,300,300,L
/content/elpv-dataset/src/elpv_dataset/data/images/cell1104.png,cell1104.png,300,300,L
/content/elpv-dataset/src/elpv_dataset/data/images/cell0798.png,cell0798.png,300,300,L
/content/elpv-dataset/src/elpv_dataset/data/images/cell0188.png,cell0188.png,300,300,L
/content/elpv-dataset/src/elpv_dataset/data/images/cell1730.png,cell1730.png,300,300,L
/content/elpv-dataset/src/elpv_dataset/data/images/cell0171.png,cell0171.png,300,300,L
/content/elpv-dataset/src/elpv_dataset/data/images/cell1119.png,cell1119.png,300,300,L
/content/elpv-dataset/src/elpv_dataset/data/images/cell2160.png,cell2160.png,300,300,L
/content/elpv-dataset/src/elpv_dataset/data/images/cell1053.png,cell1053.png,300,300,L
/content/elpv-dataset/src/elpv_dataset/data/images/cell0895.png,cell0895.png,300,300,L
/content/elpv-dataset/src/elpv_dataset/data/images/cell2205.png,cell2205.png,300,300,L
/content/elpv-dataset/src/elpv_dataset/data/images/cell0505.png,cell0505.png,300,300,L
/content/elpv-dataset/src/elpv_dataset/data/images/cell0975.png,cell0975.png,300,300,L
/content/elpv-dataset/src/elpv_dataset/data/images/cell1337.png,cell1337.png,300,300,L
/content/elpv-dataset/src/elpv_dataset/data/images/cell0693.png,cell0693.png,300,300,L
/content/elpv-dataset/src/elpv_dataset/data/images/cell2567.png,cell2567.png,300,300,L
/content/elpv-dataset/src/elpv_dataset/data/images/cell2221.png,cell2221.png,300,300,L
/content/elpv-dataset/src/elpv_dataset/data/images/cell1792.png,cell1792.png,300,300,L
/content/elpv-dataset/src/elpv_dataset/data/images/cell1252.png,cell1252.png,300,300,L
/content/elpv-dataset/src/elpv_dataset/data/images/cell2396.png,cell2396.png,300,300,L
/content/elpv-dataset/src/elpv_dataset/data/images/cell1232.png,cell1232.png,300,300,L
/content/elpv-dataset/src/elpv_dataset/data/images/cell1431.png,cell1431.png,300,300,L
/content/elpv-dataset/src/elpv_dataset/data/images/cell1846.png,cell1846.png,300,300,L
/content/elpv-dataset/src/elpv_dataset/data/images/cell1496.png,cell1496.png,300,300,L
/content/elpv-dataset/src/elpv_dataset/data/images/cell2438.png,cell2438.png,300,300,L
/content/elpv-dataset/src/elpv_dataset/data/images/cell2557.png,cell2557.png,300,300,L
/content/elpv-dataset/src/elpv_dataset/data/images/cell0997.png,cell0997.png,300,300,L
/content/elpv-dataset/src/elpv_dataset/data/images/cell0764.png,cell0764.png,300,300,L
/content/elpv-dataset/src/elpv_dataset/data/images/cell0883.png,cell0883.png,300,300,L
/content/elpv-dataset/src/elpv_dataset/data/images/cell1611.png,cell1611.png,300,300,L
/content/elpv-dataset/src/elpv_dataset/data/images/cell2263.png,cell2263.png,300,300,L
/content/elpv-dataset/src/elpv_dataset/data/images/cell1570.png,cell1570.png,300,300,L
/content/elpv-dataset/src/elpv_dataset/data/images/cell0986.png,cell0986.png,300,300,L
/content/elpv-dataset/src/elpv_dataset/data/images/cell0724.png,cell0724.png,300,300,L
/content/elpv-dataset/src/elpv_dataset/data/images/cell0687.png,cell0687.png,300,300,L
/content/elpv-dataset/src/elpv_dataset/data/images/cell1809.png,cell1809.png,300,300,L
/content/elpv-dataset/src/elpv_dataset/data/images/cell0518.png,cell0518.png,300,300,L
/content/elpv-dataset/src/elpv_dataset/data/images/cell1452.png,cell1452.png,300,300,L
/content/elpv-dataset/src/elpv_dataset/data/images/cell0249.png,cell0249.png,300,300,L
/content/elpv-dataset/src/elpv_dataset/data/images/cell1576.png,cell1576.png,300,300,L
/content/elpv-dataset/src/elpv_dataset/data/images/cell2013.png,cell2013.png,300,300,L
/content/elpv-dataset/src/elpv_dataset/data/images/cell2498.png,cell2498.png,300,300,L
/content/elpv-dataset/src/elpv_dataset/data/images/cell2151.png,cell2151.png,300,300,L
/content/elpv-dataset/src/elpv_dataset/data/images/cell2598.png,cell2598.png,300,300,L
/content/elpv-dataset/src/elpv_dataset/data/images/cell0140.png,cell0140.png,300,300,L
/content/elpv-dataset/src/elpv_dataset/data/images/cell0814.png,cell0814.png,300,300,L
/content/elpv-dataset/src/elpv_dataset/data/images/cell1200.png,cell1200.png,300,300,L
/content/elpv-dataset/src/elpv_dataset/data/images/cell2292.png,cell2292.png,300,300,L
/content/elpv-dataset/src/elpv_dataset/data/images/cell1134.png,cell1134.png,300,300,L
/content/elpv-dataset/src/elpv_dataset/data/images/cell2509.png,cell2509.png,300,300,L
/content/elpv-dataset/src/elpv_dataset/data/images/cell1266.png,cell1266.png,300,300,L
/content/elpv-dataset/src/elpv_dataset/data/images/cell2260.png,cell2260.png,300,300,L
/content/elpv-dataset/src/elpv_dataset/data/images/cell0388.png,cell0388.png,300,300,L
/content/elpv-dataset/src/elpv_dataset/data/images/cell0029.png,cell0029.png,300,300,L
/content/elpv-dataset/src/elpv_dataset/data/images/cell1168.png,cell1168.png,300,300,L
/content/elpv-dataset/src/elpv_dataset/data/images/cell1646.png,cell1646.png,300,300,L
/content/elpv-dataset/src/elpv_dataset/data/images/cell1770.png,cell1770.png,300,300,L
/content/elpv-dataset/src/elpv_dataset/data/images/cell0160.png,cell0160.png,300,300,L
/content/elpv-dataset/src/elpv_dataset/data/images/cell0455.png,cell0455.png,300,300,L
/content/elpv-dataset/src/elpv_dataset/data/images/cell1278.png,cell1278.png,300,300,L
/content/elpv-dataset/src/elpv_dataset/data/images/cell2277.png,cell2277.png,300,300,L
/content/elpv-dataset/src/elpv_dataset/data/images/cell0068.png,cell0068.png,300,300,L
/content/elpv-dataset/src/elpv_dataset/data/images/cell0312.png,cell0312.png,300,300,L
/content/elpv-dataset/src/elpv_dataset/data/images/cell1613.png,cell1613.png,300,300,L
/content/elpv-dataset/src/elpv_dataset/data/images/cell1444.png,cell1444.png,300,300,L
/content/elpv-dataset/src/elpv_dataset/data/images/cell0606.png,cell0606.png,300,300,L
/content/elpv-dataset/src/elpv_dataset/data/images/cell0911.png,cell0911.png,300,300,L
/content/elpv-dataset/src/elpv_dataset/data/images/cell0295.png,cell0295.png,300,300,L
/content/elpv-dataset/src/elpv_dataset/data/images/cell2288.png,cell2288.png,300,300,L
/content/elpv-dataset/src/elpv_dataset/data/images/cell2232.png,cell2232.png,300,300,L
/content/elpv-dataset/src/elpv_dataset/data/images/cell1502.png,cell1502.png,300,300,L
/content/elpv-dataset/src/elpv_dataset/data/images/cell1660.png,cell1660.png,300,300,L
/content/elpv-dataset/src/elpv_dataset/data/images/cell2247.png,cell2247.png,300,300,L
/content/elpv-dataset/src/elpv_dataset/data/images/cell1522.png,cell1522.png,300,300,L
/content/elpv-dataset/src/elpv_dataset/data/images/cell2462.png,cell2462.png,300,300,L
/content/elpv-dataset/src/elpv_dataset/data/images/cell0439.png,cell0439.png,300,300,L
/content/elpv-dataset/src/elpv_dataset/data/images/cell1880.png,cell1880.png,300,300,L
/content/elpv-dataset/src/elpv_dataset/data/images/cell1445.png,cell1445.png,300,300,L
/content/elpv-dataset/src/elpv_dataset/data/images/cell0893.png,cell0893.png,300,300,L
/content/elpv-dataset/src/elpv_dataset/data/images/cell0437.png,cell0437.png,300,300,L
/content/elpv-dataset/src/elpv_dataset/data/images/cell0016.png,cell0016.png,300,300,L
/content/elpv-dataset/src/elpv_dataset/data/images/cell1016.png,cell1016.png,300,300,L
/content/elpv-dataset/src/elpv_dataset/data/images/cell1472.png,cell1472.png,300,300,L
/content/elpv-dataset/src/elpv_dataset/data/images/cell0665.png,cell0665.png,300,300,L
/content/elpv-dataset/src/elpv_dataset/data/images/cell0670.png,cell0670.png,300,300,L
/content/elpv-dataset/src/elpv_dataset/data/images/cell0827.png,cell0827.png,300,300,L
/content/elpv-dataset/src/elpv_dataset/data/images/cell1142.png,cell1142.png,300,300,L
/content/elpv-dataset/src/elpv_dataset/data/images/cell2430.png,cell2430.png,300,300,L
/content/elpv-dataset/src/elpv_dataset/data/images/cell1109.png,cell1109.png,300,300,L
/content/elpv-dataset/src/elpv_dataset/data/images/cell0144.png,cell0144.png,300,300,L
/content/elpv-dataset/src/elpv_dataset/data/images/cell1031.png,cell1031.png,300,300,L
/content/elpv-dataset/src/elpv_dataset/data/images/cell2403.png,cell2403.png,300,300,L
/content/elpv-dataset/src/elpv_dataset/data/images/cell2261.png,cell2261.png,300,300,L
/content/elpv-dataset/src/elpv_dataset/data/images/cell0127.png,cell0127.png,300,300,L
/content/elpv-dataset/src/elpv_dataset/data/images/cell0708.png,cell0708.png,300,300,L
/content/elpv-dataset/src/elpv_dataset/data/images/cell1371.png,cell1371.png,300,300,L
/content/elpv-dataset/src/elpv_dataset/data/images/cell2027.png,cell2027.png,300,300,L
/content/elpv-dataset/src/elpv_dataset/data/images/cell1621.png,cell1621.png,300,300,L
/content/elpv-dataset/src/elpv_dataset/data/images/cell1777.png,cell1777.png,300,300,L
/content/elpv-dataset/src/elpv_dataset/data/images/cell2179.png,cell2179.png,300,300,L
/content/elpv-dataset/src/elpv_dataset/data/images/cell1348.png,cell1348.png,300,300,L
/content/elpv-dataset/src/elpv_dataset/data/images/cell0229.png,cell0229.png,300,300,L
/content/elpv-dataset/src/elpv_dataset/data/images/cell0258.png,cell0258.png,300,300,L
/content/elpv-dataset/src/elpv_dataset/data/images/cell1698.png,cell1698.png,300,300,L
/content/elpv-dataset/src/elpv_dataset/data/images/cell1946.png,cell1946.png,300,300,L
/content/elpv-dataset/src/elpv_dataset/data/images/cell1488.png,cell1488.png,300,300,L
/content/elpv-dataset/src/elpv_dataset/data/images/cell2404.png,cell2404.png,300,300,L
/content/elpv-dataset/src/elpv_dataset/data/images/cell1098.png,cell1098.png,300,300,L
/content/elpv-dataset/src/elpv_dataset/data/images/cell0079.png,cell0079.png,300,300,L
/content/elpv-dataset/src/elpv_dataset/data/images/cell1808.png,cell1808.png,300,300,L
/content/elpv-dataset/src/elpv_dataset/data/images/cell2492.png,cell2492.png,300,300,L
/content/elpv-dataset/src/elpv_dataset/data/images/cell1976.png,cell1976.png,300,300,L
/content/elpv-dataset/src/elpv_dataset/data/images/cell1989.png,cell1989.png,300,300,L
/content/elpv-dataset/src/elpv_dataset/data/images/cell1127.png,cell1127.png,300,300,L
/content/elpv-dataset/src/elpv_dataset/data/images/cell1208.png,cell1208.png,300,300,L
/content/elpv-dataset/src/elpv_dataset/data/images/cell2374.png,cell2374.png,300,300,L
/content/elpv-dataset/src/elpv_dataset/data/images/cell0544.png,cell0544.png,300,300,L
/content/elpv-dataset/src/elpv_dataset/data/images/cell1470.png,cell1470.png,300,300,L
/content/elpv-dataset/src/elpv_dataset/data/images/cell1199.png,cell1199.png,300,300,L
/content/elpv-dataset/src/elpv_dataset/data/images/cell2007.png,cell2007.png,300,300,L
/content/elpv-dataset/src/elpv_dataset/data/images/cell0679.png,cell0679.png,300,300,L
/content/elpv-dataset/src/elpv_dataset/data/images/cell0465.png,cell0465.png,300,300,L
/content/elpv-dataset/src/elpv_dataset/data/images/cell2089.png,cell2089.png,300,300,L
/content/elpv-dataset/src/elpv_dataset/data/images/cell2295.png,cell2295.png,300,300,L
/content/elpv-dataset/src/elpv_dataset/data/images/cell1052.png,cell1052.png,300,300,L
/content/elpv-dataset/src/elpv_dataset/data/images/cell1599.png,cell1599.png,300,300,L
/content/elpv-dataset/src/elpv_dataset/data/images/cell2132.png,cell2132.png,300,300,L
/content/elpv-dataset/src/elpv_dataset/data/images/cell0158.png,cell0158.png,300,300,L
/content/elpv-dataset/src/elpv_dataset/data/images/cell2081.png,cell2081.png,300,300,L
/content/elpv-dataset/src/elpv_dataset/data/images/cell1801.png,cell1801.png,300,300,L
/content/elpv-dataset/src/elpv_dataset/data/images/cell2118.png,cell2118.png,300,300,L
/content/elpv-dataset/src/elpv_dataset/data/images/cell2594.png,cell2594.png,300,300,L
/content/elpv-dataset/src/elpv_dataset/data/images/cell2556.png,cell2556.png,300,300,L
/content/elpv-dataset/src/elpv_dataset/data/images/cell1004.png,cell1004.png,300,300,L
/content/elpv-dataset/src/elpv_dataset/data/images/cell2334.png,cell2334.png,300,300,L
/content/elpv-dataset/src/elpv_dataset/data/images/cell1837.png,cell1837.png,300,300,L
/content/elpv-dataset/src/elpv_dataset/data/images/cell2559.png,cell2559.png,300,300,L
/content/elpv-dataset/src/elpv_dataset/data/images/cell0550.png,cell0550.png,300,300,L
/content/elpv-dataset/src/elpv_dataset/data/images/cell2115.png,cell2115.png,300,300,L
/content/elpv-dataset/src/elpv_dataset/data/images/cell2605.png,cell2605.png,300,300,L
/content/elpv-dataset/src/elpv_dataset/data/images/cell1373.png,cell1373.png,300,300,L
/content/elpv-dataset/src/elpv_dataset/data/images/cell0809.png,cell0809.png,300,300,L
/content/elpv-dataset/src/elpv_dataset/data/images/cell2573.png,cell2573.png,300,300,L
/content/elpv-dataset/src/elpv_dataset/data/images/cell1275.png,cell1275.png,300,300,L
/content/elpv-dataset/src/elpv_dataset/data/images/cell1442.png,cell1442.png,300,300,L
/content/elpv-dataset/src/elpv_dataset/data/images/cell2169.png,cell2169.png,300,300,L
/content/elpv-dataset/src/elpv_dataset/data/images/cell0362.png,cell0362.png,300,300,L
/content/elpv-dataset/src/elpv_dataset/data/images/cell0199.png,cell0199.png,300,300,L
/content/elpv-dataset/src/elpv_dataset/data/images/cell1852.png,cell1852.png,300,300,L
/content/elpv-dataset/src/elpv_dataset/data/images/cell2488.png,cell2488.png,300,300,L
/content/elpv-dataset/src/elpv_dataset/data/images/cell0836.png,cell0836.png,300,300,L
/content/elpv-dataset/src/elpv_dataset/data/images/cell0457.png,cell0457.png,300,300,L
/content/elpv-dataset/src/elpv_dataset/data/images/cell0056.png,cell0056.png,300,300,L
/content/elpv-dataset/src/elpv_dataset/data/images/cell2098.png,cell2098.png,300,300,L
/content/elpv-dataset/src/elpv_dataset/data/images/cell1015.png,cell1015.png,300,300,L
/content/elpv-dataset/src/elpv_dataset/data/images/cell2502.png,cell2502.png,300,300,L
/content/elpv-dataset/src/elpv_dataset/data/images/cell0589.png,cell0589.png,300,300,L
/content/elpv-dataset/src/elpv_dataset/data/images/cell0274.png,cell0274.png,300,300,L
/content/elpv-dataset/src/elpv_dataset/data/images/cell1064.png,cell1064.png,300,300,L
/content/elpv-dataset/src/elpv_dataset/data/images/cell2103.png,cell2103.png,300,300,L
/content/elpv-dataset/src/elpv_dataset/data/images/cell1069.png,cell1069.png,300,300,L
/content/elpv-dataset/src/elpv_dataset/data/images/cell0200.png,cell0200.png,300,300,L
/content/elpv-dataset/src/elpv_dataset/data/images/cell0222.png,cell0222.png,300,300,L
/content/elpv-dataset/src/elpv_dataset/data/images/cell0647.png,cell0647.png,300,300,L
/content/elpv-dataset/src/elpv_dataset/data/images/cell0701.png,cell0701.png,300,300,L
/content/elpv-dataset/src/elpv_dataset/data/images/cell2287.png,cell2287.png,300,300,L
/content/elpv-dataset/src/elpv_dataset/data/images/cell1376.png,cell1376.png,300,300,L
/content/elpv-dataset/src/elpv_dataset/data/images/cell1539.png,cell1539.png,300,300,L
/content/elpv-dataset/src/elpv_dataset/data/images/cell1383.png,cell1383.png,300,300,L
/content/elpv-dataset/src/elpv_dataset/data/images/cell2330.png,cell2330.png,300,300,L
/content/elpv-dataset/src/elpv_dataset/data/images/cell1331.png,cell1331.png,300,300,L
/content/elpv-dataset/src/elpv_dataset/data/images/cell1651.png,cell1651.png,300,300,L
/content/elpv-dataset/src/elpv_dataset/data/images/cell2469.png,cell2469.png,300,300,L
/content/elpv-dataset/src/elpv_dataset/data/images/cell1794.png,cell1794.png,300,300,L
/content/elpv-dataset/src/elpv_dataset/data/images/cell1952.png,cell1952.png,300,300,L
/content/elpv-dataset/src/elpv_dataset/data/images/cell1891.png,cell1891.png,300,300,L
/content/elpv-dataset/src/elpv_dataset/data/images/cell1020.png,cell1020.png,300,300,L
/content/elpv-dataset/src/elpv_dataset/data/images/cell0456.png,cell0456.png,300,300,L
/content/elpv-dataset/src/elpv_dataset/data/images/cell1219.png,cell1219.png,300,300,L
/content/elpv-dataset/src/elpv_dataset/data/images/cell1344.png,cell1344.png,300,300,L
/content/elpv-dataset/src/elpv_dataset/data/images/cell0759.png,cell0759.png,300,300,L
/content/elpv-dataset/src/elpv_dataset/data/images/cell0162.png,cell0162.png,300,300,L
/content/elpv-dataset/src/elpv_dataset/data/images/cell2178.png,cell2178.png,300,300,L
/content/elpv-dataset/src/elpv_dataset/data/images/cell0778.png,cell0778.png,300,300,L
/content/elpv-dataset/src/elpv_dataset/data/images/cell2294.png,cell2294.png,300,300,L
/content/elpv-dataset/src/elpv_dataset/data/images/cell0796.png,cell0796.png,300,300,L
/content/elpv-dataset/src/elpv_dataset/data/images/cell0806.png,cell0806.png,300,300,L
/content/elpv-dataset/src/elpv_dataset/data/images/cell2002.png,cell2002.png,300,300,L
/content/elpv-dataset/src/elpv_dataset/data/images/cell1722.png,cell1722.png,300,300,L
/content/elpv-dataset/src/elpv_dataset/data/images/cell1913.png,cell1913.png,300,300,L
/content/elpv-dataset/src/elpv_dataset/data/images/cell2026.png,cell2026.png,300,300,L
/content/elpv-dataset/src/elpv_dataset/data/images/cell2530.png,cell2530.png,300,300,L
/content/elpv-dataset/src/elpv_dataset/data/images/cell0791.png,cell0791.png,300,300,L
/content/elpv-dataset/src/elpv_dataset/data/images/cell1429.png,cell1429.png,300,300,L
/content/elpv-dataset/src/elpv_dataset/data/images/cell1415.png,cell1415.png,300,300,L
/content/elpv-dataset/src/elpv_dataset/data/images/cell1393.png,cell1393.png,300,300,L
/content/elpv-dataset/src/elpv_dataset/data/images/cell1900.png,cell1900.png,300,300,L
/content/elpv-dataset/src/elpv_dataset/data/images/cell0715.png,cell0715.png,300,300,L
/content/elpv-dataset/src/elpv_dataset/data/images/cell0118.png,cell0118.png,300,300,L
/content/elpv-dataset/src/elpv_dataset/data/images/cell0688.png,cell0688.png,300,300,L
/content/elpv-dataset/src/elpv_dataset/data/images/cell1896.png,cell1896.png,300,300,L
/content/elpv-dataset/src/elpv_dataset/data/images/cell0307.png,cell0307.png,300,300,L
/content/elpv-dataset/src/elpv_dataset/data/images/cell2592.png,cell2592.png,300,300,L
/content/elpv-dataset/src/elpv_dataset/data/images/cell1175.png,cell1175.png,300,300,L
/content/elpv-dataset/src/elpv_dataset/data/images/cell1874.png,cell1874.png,300,300,L
/content/elpv-dataset/src/elpv_dataset/data/images/cell0116.png,cell0116.png,300,300,L
/content/elpv-dataset/src/elpv_dataset/data/images/cell1620.png,cell1620.png,300,300,L
/content/elpv-dataset/src/elpv_dataset/data/images/cell1641.png,cell1641.png,300,300,L
/content/elpv-dataset/src/elpv_dataset/data/images/cell0730.png,cell0730.png,300,300,L
/content/elpv-dataset/src/elpv_dataset/data/images/cell1928.png,cell1928.png,300,300,L
/content/elpv-dataset/src/elpv_dataset/data/images/cell2061.png,cell2061.png,300,300,L
/content/elpv-dataset/src/elpv_dataset/data/images/cell0843.png,cell0843.png,300,300,L
/content/elpv-dataset/src/elpv_dataset/data/images/cell0781.png,cell0781.png,300,300,L
/content/elpv-dataset/src/elpv_dataset/data/images/cell0041.png,cell0041.png,300,300,L
/content/elpv-dataset/src/elpv_dataset/data/images/cell1416.png,cell1416.png,300,300,L
/content/elpv-dataset/src/elpv_dataset/data/images/cell1107.png,cell1107.png,300,300,L
/content/elpv-dataset/src/elpv_dataset/data/images/cell2304.png,cell2304.png,300,300,L
/content/elpv-dataset/src/elpv_dataset/data/images/cell0454.png,cell0454.png,300,300,L
/content/elpv-dataset/src/elpv_dataset/data/images/cell1783.png,cell1783.png,300,300,L
/content/elpv-dataset/src/elpv_dataset/data/images/cell2440.png,cell2440.png,300,300,L
/content/elpv-dataset/src/elpv_dataset/data/images/cell1311.png,cell1311.png,300,300,L
/content/elpv-dataset/src/elpv_dataset/data/images/cell0035.png,cell0035.png,300,300,L
/content/elpv-dataset/src/elpv_dataset/data/images/cell1581.png,cell1581.png,300,300,L
/content/elpv-dataset/src/elpv_dataset/data/images/cell0990.png,cell0990.png,300,300,L
/content/elpv-dataset/src/elpv_dataset/data/images/cell1247.png,cell1247.png,300,300,L
/content/elpv-dataset/src/elpv_dataset/data/images/cell1972.png,cell1972.png,300,300,L
/content/elpv-dataset/src/elpv_dataset/data/images/cell1653.png,cell1653.png,300,300,L
/content/elpv-dataset/src/elpv_dataset/data/images/cell1379.png,cell1379.png,300,300,L
/content/elpv-dataset/src/elpv_dataset/data/images/cell0355.png,cell0355.png,300,300,L
/content/elpv-dataset/src/elpv_dataset/data/images/cell0847.png,cell0847.png,300,300,L
/content/elpv-dataset/src/elpv_dataset/data/images/cell0932.png,cell0932.png,300,300,L
/content/elpv-dataset/src/elpv_dataset/data/images/cell2339.png,cell2339.png,300,300,L
/content/elpv-dataset/src/elpv_dataset/data/images/cell1645.png,cell1645.png,300,300,L
/content/elpv-dataset/src/elpv_dataset/data/images/cell0040.png,cell0040.png,300,300,L
/content/elpv-dataset/src/elpv_dataset/data/images/cell1906.png,cell1906.png,300,300,L
/content/elpv-dataset/src/elpv_dataset/data/images/cell1039.png,cell1039.png,300,300,L
/content/elpv-dataset/src/elpv_dataset/data/images/cell1102.png,cell1102.png,300,300,L
/content/elpv-dataset/src/elpv_dataset/data/images/cell2405.png,cell2405.png,300,300,L
/content/elpv-dataset/src/elpv_dataset/data/images/cell2146.png,cell2146.png,300,300,L
/content/elpv-dataset/src/elpv_dataset/data/images/cell2092.png,cell2092.png,300,300,L
/content/elpv-dataset/src/elpv_dataset/data/images/cell0063.png,cell0063.png,300,300,L
/content/elpv-dataset/src/elpv_dataset/data/images/cell1785.png,cell1785.png,300,300,L
/content/elpv-dataset/src/elpv_dataset/data/images/cell2437.png,cell2437.png,300,300,L
/content/elpv-dataset/src/elpv_dataset/data/images/cell2308.png,cell2308.png,300,300,L
/content/elpv-dataset/src/elpv_dataset/data/images/cell2400.png,cell2400.png,300,300,L
/content/elpv-dataset/src/elpv_dataset/data/images/cell2105.png,cell2105.png,300,300,L
/content/elpv-dataset/src/elpv_dataset/data/images/cell1178.png,cell1178.png,300,300,L
/content/elpv-dataset/src/elpv_dataset/data/images/cell1550.png,cell1550.png,300,300,L
/content/elpv-dataset/src/elpv_dataset/data/images/cell0720.png,cell0720.png,300,300,L
/content/elpv-dataset/src/elpv_dataset/data/images/cell2264.png,cell2264.png,300,300,L
/content/elpv-dataset/src/elpv_dataset/data/images/cell0634.png,cell0634.png,300,300,L
/content/elpv-dataset/src/elpv_dataset/data/images/cell0753.png,cell0753.png,300,300,L
/content/elpv-dataset/src/elpv_dataset/data/images/cell0967.png,cell0967.png,300,300,L
/content/elpv-dataset/src/elpv_dataset/data/images/cell2480.png,cell2480.png,300,300,L
/content/elpv-dataset/src/elpv_dataset/data/images/cell1959.png,cell1959.png,300,300,L
/content/elpv-dataset/src/elpv_dataset/data/images/cell1172.png,cell1172.png,300,300,L
/content/elpv-dataset/src/elpv_dataset/data/images/cell1207.png,cell1207.png,300,300,L
/content/elpv-dataset/src/elpv_dataset/data/images/cell2110.png,cell2110.png,300,300,L
/content/elpv-dataset/src/elpv_dataset/data/images/cell0808.png,cell0808.png,300,300,L
/content/elpv-dataset/src/elpv_dataset/data/images/cell2189.png,cell2189.png,300,300,L
/content/elpv-dataset/src/elpv_dataset/data/images/cell1586.png,cell1586.png,300,300,L
/content/elpv-dataset/src/elpv_dataset/data/images/cell2495.png,cell2495.png,300,300,L
/content/elpv-dataset/src/elpv_dataset/data/images/cell2420.png,cell2420.png,300,300,L
/content/elpv-dataset/src/elpv_dataset/data/images/cell1121.png,cell1121.png,300,300,L
/content/elpv-dataset/src/elpv_dataset/data/images/cell1836.png,cell1836.png,300,300,L
/content/elpv-dataset/src/elpv_dataset/data/images/cell0915.png,cell0915.png,300,300,L
/content/elpv-dataset/src/elpv_dataset/data/images/cell0958.png,cell0958.png,300,300,L
/content/elpv-dataset/src/elpv_dataset/data/images/cell2407.png,cell2407.png,300,300,L
/content/elpv-dataset/src/elpv_dataset/data/images/cell1814.png,cell1814.png,300,300,L
/content/elpv-dataset/src/elpv_dataset/data/images/cell1980.png,cell1980.png,300,300,L
/content/elpv-dataset/src/elpv_dataset/data/images/cell0451.png,cell0451.png,300,300,L
/content/elpv-dataset/src/elpv_dataset/data/images/cell2206.png,cell2206.png,300,300,L
/content/elpv-dataset/src/elpv_dataset/data/images/cell1453.png,cell1453.png,300,300,L
/content/elpv-dataset/src/elpv_dataset/data/images/cell1225.png,cell1225.png,300,300,L
/content/elpv-dataset/src/elpv_dataset/data/images/cell0766.png,cell0766.png,300,300,L
/content/elpv-dataset/src/elpv_dataset/data/images/cell2483.png,cell2483.png,300,300,L
/content/elpv-dataset/src/elpv_dataset/data/images/cell2029.png,cell2029.png,300,300,L
/content/elpv-dataset/src/elpv_dataset/data/images/cell1638.png,cell1638.png,300,300,L
/content/elpv-dataset/src/elpv_dataset/data/images/cell2608.png,cell2608.png,300,300,L
/content/elpv-dataset/src/elpv_dataset/data/images/cell0245.png,cell0245.png,300,300,L
/content/elpv-dataset/src/elpv_dataset/data/images/cell0370.png,cell0370.png,300,300,L
/content/elpv-dataset/src/elpv_dataset/data/images/cell0104.png,cell0104.png,300,300,L
/content/elpv-dataset/src/elpv_dataset/data/images/cell2329.png,cell2329.png,300,300,L
/content/elpv-dataset/src/elpv_dataset/data/images/cell0142.png,cell0142.png,300,300,L
/content/elpv-dataset/src/elpv_dataset/data/images/cell0228.png,cell0228.png,300,300,L
/content/elpv-dataset/src/elpv_dataset/data/images/cell1028.png,cell1028.png,300,300,L
/content/elpv-dataset/src/elpv_dataset/data/images/cell1530.png,cell1530.png,300,300,L
/content/elpv-dataset/src/elpv_dataset/data/images/cell2451.png,cell2451.png,300,300,L
/content/elpv-dataset/src/elpv_dataset/data/images/cell1861.png,cell1861.png,300,300,L
/content/elpv-dataset/src/elpv_dataset/data/images/cell2091.png,cell2091.png,300,300,L
/content/elpv-dataset/src/elpv_dataset/data/images/cell0239.png,cell0239.png,300,300,L
/content/elpv-dataset/src/elpv_dataset/data/images/cell1097.png,cell1097.png,300,300,L
/content/elpv-dataset/src/elpv_dataset/data/images/cell0773.png,cell0773.png,300,300,L
/content/elpv-dataset/src/elpv_dataset/data/images/cell1956.png,cell1956.png,300,300,L
/content/elpv-dataset/src/elpv_dataset/data/images/cell2449.png,cell2449.png,300,300,L
/content/elpv-dataset/src/elpv_dataset/data/images/cell1234.png,cell1234.png,300,300,L
/content/elpv-dataset/src/elpv_dataset/data/images/cell2251.png,cell2251.png,300,300,L
/content/elpv-dataset/src/elpv_dataset/data/images/cell2144.png,cell2144.png,300,300,L
/content/elpv-dataset/src/elpv_dataset/data/images/cell0131.png,cell0131.png,300,300,L
/content/elpv-dataset/src/elpv_dataset/data/images/cell2347.png,cell2347.png,300,300,L
/content/elpv-dataset/src/elpv_dataset/data/images/cell1799.png,cell1799.png,300,300,L
/content/elpv-dataset/src/elpv_dataset/data/images/cell1800.png,cell1800.png,300,300,L
/content/elpv-dataset/src/elpv_dataset/data/images/cell1205.png,cell1205.png,300,300,L
/content/elpv-dataset/src/elpv_dataset/data/images/cell0280.png,cell0280.png,300,300,L
/content/elpv-dataset/src/elpv_dataset/data/images/cell0290.png,cell0290.png,300,300,L
/content/elpv-dataset/src/elpv_dataset/data/images/cell0837.png,cell0837.png,300,300,L
/content/elpv-dataset/src/elpv_dataset/data/images/cell1126.png,cell1126.png,300,300,L
/content/elpv-dataset/src/elpv_dataset/data/images/cell0328.png,cell0328.png,300,300,L
/content/elpv-dataset/src/elpv_dataset/data/images/cell2228.png,cell2228.png,300,300,L
/content/elpv-dataset/src/elpv_dataset/data/images/cell1157.png,cell1157.png,300,300,L
/content/elpv-dataset/src/elpv_dataset/data/images/cell1330.png,cell1330.png,300,300,L
/content/elpv-dataset/src/elpv_dataset/data/images/cell0593.png,cell0593.png,300,300,L
/content/elpv-dataset/src/elpv_dataset/data/images/cell0215.png,cell0215.png,300,300,L
/content/elpv-dataset/src/elpv_dataset/data/images/cell1625.png,cell1625.png,300,300,L
/content/elpv-dataset/src/elpv_dataset/data/images/cell2033.png,cell2033.png,300,300,L
/content/elpv-dataset/src/elpv_dataset/data/images/cell0571.png,cell0571.png,300,300,L
/content/elpv-dataset/src/elpv_dataset/data/images/cell1282.png,cell1282.png,300,300,L
/content/elpv-dataset/src/elpv_dataset/data/images/cell0220.png,cell0220.png,300,300,L
/content/elpv-dataset/src/elpv_dataset/data/images/cell0036.png,cell0036.png,300,300,L
/content/elpv-dataset/src/elpv_dataset/data/images/cell0560.png,cell0560.png,300,300,L
/content/elpv-dataset/src/elpv_dataset/data/images/cell2358.png,cell2358.png,300,300,L
/content/elpv-dataset/src/elpv_dataset/data/images/cell0218.png,cell0218.png,300,300,L
/content/elpv-dataset/src/elpv_dataset/data/images/cell1066.png,cell1066.png,300,300,L
/content/elpv-dataset/src/elpv_dataset/data/images/cell1668.png,cell1668.png,300,300,L
/content/elpv-dataset/src/elpv_dataset/data/images/cell1984.png,cell1984.png,300,300,L
/content/elpv-dataset/src/elpv_dataset/data/images/cell1118.png,cell1118.png,300,300,L
/content/elpv-dataset/src/elpv_dataset/data/images/cell1269.png,cell1269.png,300,300,L
/content/elpv-dataset/src/elpv_dataset/data/images/cell0689.png,cell0689.png,300,300,L
/content/elpv-dataset/src/elpv_dataset/data/images/cell0972.png,cell0972.png,300,300,L
/content/elpv-dataset/src/elpv_dataset/data/images/cell0627.png,cell0627.png,300,300,L
/content/elpv-dataset/src/elpv_dataset/data/images/cell2574.png,cell2574.png,300,300,L
/content/elpv-dataset/src/elpv_dataset/data/images/cell0094.png,cell0094.png,300,300,L
/content/elpv-dataset/src/elpv_dataset/data/images/cell2099.png,cell2099.png,300,300,L
/content/elpv-dataset/src/elpv_dataset/data/images/cell2243.png,cell2243.png,300,300,L
/content/elpv-dataset/src/elpv_dataset/data/images/cell1600.png,cell1600.png,300,300,L
/content/elpv-dataset/src/elpv_dataset/data/images/cell1095.png,cell1095.png,300,300,L
/content/elpv-dataset/src/elpv_dataset/data/images/cell2351.png,cell2351.png,300,300,L
/content/elpv-dataset/src/elpv_dataset/data/images/cell2523.png,cell2523.png,300,300,L
/content/elpv-dataset/src/elpv_dataset/data/images/cell0894.png,cell0894.png,300,300,L
/content/elpv-dataset/src/elpv_dataset/data/images/cell0184.png,cell0184.png,300,300,L
/content/elpv-dataset/src/elpv_dataset/data/images/cell2074.png,cell2074.png,300,300,L
/content/elpv-dataset/src/elpv_dataset/data/images/cell2568.png,cell2568.png,300,300,L
/content/elpv-dataset/src/elpv_dataset/data/images/cell0745.png,cell0745.png,300,300,L
/content/elpv-dataset/src/elpv_dataset/data/images/cell2116.png,cell2116.png,300,300,L
/content/elpv-dataset/src/elpv_dataset/data/images/cell0931.png,cell0931.png,300,300,L
/content/elpv-dataset/src/elpv_dataset/data/images/cell2513.png,cell2513.png,300,300,L
/content/elpv-dataset/src/elpv_dataset/data/images/cell1849.png,cell1849.png,300,300,L
/content/elpv-dataset/src/elpv_dataset/data/images/cell0471.png,cell0471.png,300,300,L
/content/elpv-dataset/src/elpv_dataset/data/images/cell2318.png,cell2318.png,300,300,L
/content/elpv-dataset/src/elpv_dataset/data/images/cell0739.png,cell0739.png,300,300,L
/content/elpv-dataset/src/elpv_dataset/data/images/cell1868.png,cell1868.png,300,300,L
/content/elpv-dataset/src/elpv_dataset/data/images/cell1935.png,cell1935.png,300,300,L
/content/elpv-dataset/src/elpv_dataset/data/images/cell0509.png,cell0509.png,300,300,L
/content/elpv-dataset/src/elpv_dataset/data/images/cell2439.png,cell2439.png,300,300,L
/content/elpv-dataset/src/elpv_dataset/data/images/cell2180.png,cell2180.png,300,300,L
/content/elpv-dataset/src/elpv_dataset/data/images/cell0316.png,cell0316.png,300,300,L
/content/elpv-dataset/src/elpv_dataset/data/images/cell1834.png,cell1834.png,300,300,L
/content/elpv-dataset/src/elpv_dataset/data/images/cell0185.png,cell0185.png,300,300,L
/content/elpv-dataset/src/elpv_dataset/data/images/cell0992.png,cell0992.png,300,300,L
/content/elpv-dataset/src/elpv_dataset/data/images/cell1455.png,cell1455.png,300,300,L
/content/elpv-dataset/src/elpv_dataset/data/images/cell1963.png,cell1963.png,300,300,L
/content/elpv-dataset/src/elpv_dataset/data/images/cell2049.png,cell2049.png,300,300,L
/content/elpv-dataset/src/elpv_dataset/data/images/cell1255.png,cell1255.png,300,300,L
/content/elpv-dataset/src/elpv_dataset/data/images/cell0982.png,cell0982.png,300,300,L
/content/elpv-dataset/src/elpv_dataset/data/images/cell1844.png,cell1844.png,300,300,L
/content/elpv-dataset/src/elpv_dataset/data/images/cell0119.png,cell0119.png,300,300,L
/content/elpv-dataset/src/elpv_dataset/data/images/cell0756.png,cell0756.png,300,300,L
/content/elpv-dataset/src/elpv_dataset/data/images/cell0155.png,cell0155.png,300,300,L
/content/elpv-dataset/src/elpv_dataset/data/images/cell1830.png,cell1830.png,300,300,L
/content/elpv-dataset/src/elpv_dataset/data/images/cell0137.png,cell0137.png,300,300,L
/content/elpv-dataset/src/elpv_dataset/data/images/cell0835.png,cell0835.png,300,300,L
/content/elpv-dataset/src/elpv_dataset/data/images/cell1314.png,cell1314.png,300,300,L
/content/elpv-dataset/src/elpv_dataset/data/images/cell1632.png,cell1632.png,300,300,L
/content/elpv-dataset/src/elpv_dataset/data/images/cell1969.png,cell1969.png,300,300,L
/content/elpv-dataset/src/elpv_dataset/data/images/cell2566.png,cell2566.png,300,300,L
/content/elpv-dataset/src/elpv_dataset/data/images/cell2194.png,cell2194.png,300,300,L
/content/elpv-dataset/src/elpv_dataset/data/images/cell0952.png,cell0952.png,300,300,L
/content/elpv-dataset/src/elpv_dataset/data/images/cell0121.png,cell0121.png,300,300,L
/content/elpv-dataset/src/elpv_dataset/data/images/cell2022.png,cell2022.png,300,300,L
/content/elpv-dataset/src/elpv_dataset/data/images/cell2050.png,cell2050.png,300,300,L
/content/elpv-dataset/src/elpv_dataset/data/images/cell1566.png,cell1566.png,300,300,L
/content/elpv-dataset/src/elpv_dataset/data/images/cell1061.png,cell1061.png,300,300,L
/content/elpv-dataset/src/elpv_dataset/data/images/cell0285.png,cell0285.png,300,300,L
/content/elpv-dataset/src/elpv_dataset/data/images/cell1002.png,cell1002.png,300,300,L
/content/elpv-dataset/src/elpv_dataset/data/images/cell1141.png,cell1141.png,300,300,L
/content/elpv-dataset/src/elpv_dataset/data/images/cell2323.png,cell2323.png,300,300,L
/content/elpv-dataset/src/elpv_dataset/data/images/cell1459.png,cell1459.png,300,300,L
/content/elpv-dataset/src/elpv_dataset/data/images/cell2367.png,cell2367.png,300,300,L
/content/elpv-dataset/src/elpv_dataset/data/images/cell2030.png,cell2030.png,300,300,L
/content/elpv-dataset/src/elpv_dataset/data/images/cell1094.png,cell1094.png,300,300,L
/content/elpv-dataset/src/elpv_dataset/data/images/cell2482.png,cell2482.png,300,300,L
/content/elpv-dataset/src/elpv_dataset/data/images/cell0787.png,cell0787.png,300,300,L
/content/elpv-dataset/src/elpv_dataset/data/images/cell1280.png,cell1280.png,300,300,L
/content/elpv-dataset/src/elpv_dataset/data/images/cell1557.png,cell1557.png,300,300,L
/content/elpv-dataset/src/elpv_dataset/data/images/cell1597.png,cell1597.png,300,300,L
/content/elpv-dataset/src/elpv_dataset/data/images/cell2059.png,cell2059.png,300,300,L
/content/elpv-dataset/src/elpv_dataset/data/images/cell1138.png,cell1138.png,300,300,L
/content/elpv-dataset/src/elpv_dataset/data/images/cell1074.png,cell1074.png,300,300,L
/content/elpv-dataset/src/elpv_dataset/data/images/cell1226.png,cell1226.png,300,300,L
/content/elpv-dataset/src/elpv_dataset/data/images/cell2536.png,cell2536.png,300,300,L
/content/elpv-dataset/src/elpv_dataset/data/images/cell1181.png,cell1181.png,300,300,L
/content/elpv-dataset/src/elpv_dataset/data/images/cell0305.png,cell0305.png,300,300,L
/content/elpv-dataset/src/elpv_dataset/data/images/cell1192.png,cell1192.png,300,300,L
/content/elpv-dataset/src/elpv_dataset/data/images/cell2326.png,cell2326.png,300,300,L
/content/elpv-dataset/src/elpv_dataset/data/images/cell0343.png,cell0343.png,300,300,L
/content/elpv-dataset/src/elpv_dataset/data/images/cell1918.png,cell1918.png,300,300,L
/content/elpv-dataset/src/elpv_dataset/data/images/cell1421.png,cell1421.png,300,300,L
/content/elpv-dataset/src/elpv_dataset/data/images/cell0098.png,cell0098.png,300,300,L
/content/elpv-dataset/src/elpv_dataset/data/images/cell0404.png,cell0404.png,300,300,L
/content/elpv-dataset/src/elpv_dataset/data/images/cell1791.png,cell1791.png,300,300,L
/content/elpv-dataset/src/elpv_dataset/data/images/cell1464.png,cell1464.png,300,300,L
/content/elpv-dataset/src/elpv_dataset/data/images/cell2012.png,cell2012.png,300,300,L
/content/elpv-dataset/src/elpv_dataset/data/images/cell2461.png,cell2461.png,300,300,L
/content/elpv-dataset/src/elpv_dataset/data/images/cell0460.png,cell0460.png,300,300,L
/content/elpv-dataset/src/elpv_dataset/data/images/cell0272.png,cell0272.png,300,300,L
/content/elpv-dataset/src/elpv_dataset/data/images/cell0722.png,cell0722.png,300,300,L
/content/elpv-dataset/src/elpv_dataset/data/images/cell0848.png,cell0848.png,300,300,L
/content/elpv-dataset/src/elpv_dataset/data/images/cell1413.png,cell1413.png,300,300,L
/content/elpv-dataset/src/elpv_dataset/data/images/cell1043.png,cell1043.png,300,300,L
/content/elpv-dataset/src/elpv_dataset/data/images/cell0482.png,cell0482.png,300,300,L
/content/elpv-dataset/src/elpv_dataset/data/images/cell0045.png,cell0045.png,300,300,L
/content/elpv-dataset/src/elpv_dataset/data/images/cell0643.png,cell0643.png,300,300,L
/content/elpv-dataset/src/elpv_dataset/data/images/cell1877.png,cell1877.png,300,300,L
/content/elpv-dataset/src/elpv_dataset/data/images/cell0874.png,cell0874.png,300,300,L
/content/elpv-dataset/src/elpv_dataset/data/images/cell2069.png,cell2069.png,300,300,L
/content/elpv-dataset/src/elpv_dataset/data/images/cell1325.png,cell1325.png,300,300,L
/content/elpv-dataset/src/elpv_dataset/data/images/cell2575.png,cell2575.png,300,300,L
/content/elpv-dataset/src/elpv_dataset/data/images/cell1879.png,cell1879.png,300,300,L
/content/elpv-dataset/src/elpv_dataset/data/images/cell2203.png,cell2203.png,300,300,L
/content/elpv-dataset/src/elpv_dataset/data/images/cell0632.png,cell0632.png,300,300,L
/content/elpv-dataset/src/elpv_dataset/data/images/cell1511.png,cell1511.png,300,300,L
/content/elpv-dataset/src/elpv_dataset/data/images/cell1375.png,cell1375.png,300,300,L
/content/elpv-dataset/src/elpv_dataset/data/images/cell1938.png,cell1938.png,300,300,L
/content/elpv-dataset/src/elpv_dataset/data/images/cell0747.png,cell0747.png,300,300,L
/content/elpv-dataset/src/elpv_dataset/data/images/cell1437.png,cell1437.png,300,300,L
/content/elpv-dataset/src/elpv_dataset/data/images/cell0261.png,cell0261.png,300,300,L
/content/elpv-dataset/src/elpv_dataset/data/images/cell0584.png,cell0584.png,300,300,L
/content/elpv-dataset/src/elpv_dataset/data/images/cell0103.png,cell0103.png,300,300,L
/content/elpv-dataset/src/elpv_dataset/data/images/cell0853.png,cell0853.png,300,300,L
/content/elpv-dataset/src/elpv_dataset/data/images/cell1789.png,cell1789.png,300,300,L
/content/elpv-dataset/src/elpv_dataset/data/images/cell2153.png,cell2153.png,300,300,L
/content/elpv-dataset/src/elpv_dataset/data/images/cell1905.png,cell1905.png,300,300,L
/content/elpv-dataset/src/elpv_dataset/data/images/cell2612.png,cell2612.png,300,300,L
/content/elpv-dataset/src/elpv_dataset/data/images/cell0726.png,cell0726.png,300,300,L
/content/elpv-dataset/src/elpv_dataset/data/images/cell0394.png,cell0394.png,300,300,L
/content/elpv-dataset/src/elpv_dataset/data/images/cell2409.png,cell2409.png,300,300,L
/content/elpv-dataset/src/elpv_dataset/data/images/cell1541.png,cell1541.png,300,300,L
/content/elpv-dataset/src/elpv_dataset/data/images/cell2237.png,cell2237.png,300,300,L
/content/elpv-dataset/src/elpv_dataset/data/images/cell0303.png,cell0303.png,300,300,L
/content/elpv-dataset/src/elpv_dataset/data/images/cell0227.png,cell0227.png,300,300,L
/content/elpv-dataset/src/elpv_dataset/data/images/cell0697.png,cell0697.png,300,300,L
/content/elpv-dataset/src/elpv_dataset/data/images/cell1248.png,cell1248.png,300,300,L
/content/elpv-dataset/src/elpv_dataset/data/images/cell1193.png,cell1193.png,300,300,L
/content/elpv-dataset/src/elpv_dataset/data/images/cell1873.png,cell1873.png,300,300,L
/content/elpv-dataset/src/elpv_dataset/data/images/cell0841.png,cell0841.png,300,300,L
/content/elpv-dataset/src/elpv_dataset/data/images/cell1423.png,cell1423.png,300,300,L
/content/elpv-dataset/src/elpv_dataset/data/images/cell1422.png,cell1422.png,300,300,L
/content/elpv-dataset/src/elpv_dataset/data/images/cell2546.png,cell2546.png,300,300,L
/content/elpv-dataset/src/elpv_dataset/data/images/cell1916.png,cell1916.png,300,300,L
/content/elpv-dataset/src/elpv_dataset/data/images/cell2279.png,cell2279.png,300,300,L
/content/elpv-dataset/src/elpv_dataset/data/images/cell2057.png,cell2057.png,300,300,L
/content/elpv-dataset/src/elpv_dataset/data/images/cell1328.png,cell1328.png,300,300,L
/content/elpv-dataset/src/elpv_dataset/data/images/cell1323.png,cell1323.png,300,300,L
/content/elpv-dataset/src/elpv_dataset/data/images/cell2408.png,cell2408.png,300,300,L
/content/elpv-dataset/src/elpv_dataset/data/images/cell1887.png,cell1887.png,300,300,L
/content/elpv-dataset/src/elpv_dataset/data/images/cell0298.png,cell0298.png,300,300,L
/content/elpv-dataset/src/elpv_dataset/data/images/cell0639.png,cell0639.png,300,300,L
/content/elpv-dataset/src/elpv_dataset/data/images/cell0718.png,cell0718.png,300,300,L
/content/elpv-dataset/src/elpv_dataset/data/images/cell1901.png,cell1901.png,300,300,L
/content/elpv-dataset/src/elpv_dataset/data/images/cell0055.png,cell0055.png,300,300,L
/content/elpv-dataset/src/elpv_dataset/data/images/cell0533.png,cell0533.png,300,300,L
/content/elpv-dataset/src/elpv_dataset/data/images/cell0555.png,cell0555.png,300,300,L
/content/elpv-dataset/src/elpv_dataset/data/images/cell0100.png,cell0100.png,300,300,L
/content/elpv-dataset/src/elpv_dataset/data/images/cell1678.png,cell1678.png,300,300,L
/content/elpv-dataset/src/elpv_dataset/data/images/cell1954.png,cell1954.png,300,300,L
/content/elpv-dataset/src/elpv_dataset/data/images/cell2381.png,cell2381.png,300,300,L
/content/elpv-dataset/src/elpv_dataset/data/images/cell2269.png,cell2269.png,300,300,L
/content/elpv-dataset/src/elpv_dataset/data/images/cell0384.png,cell0384.png,300,300,L
/content/elpv-dataset/src/elpv_dataset/data/images/cell0123.png,cell0123.png,300,300,L
/content/elpv-dataset/src/elpv_dataset/data/images/cell2265.png,cell2265.png,300,300,L
/content/elpv-dataset/src/elpv_dataset/data/images/cell1697.png,cell1697.png,300,300,L
/content/elpv-dataset/src/elpv_dataset/data/images/cell1862.png,cell1862.png,300,300,L
/content/elpv-dataset/src/elpv_dataset/data/images/cell1694.png,cell1694.png,300,300,L
/content/elpv-dataset/src/elpv_dataset/data/images/cell0889.png,cell0889.png,300,300,L
/content/elpv-dataset/src/elpv_dataset/data/images/cell0844.png,cell0844.png,300,300,L
/content/elpv-dataset/src/elpv_dataset/data/images/cell2490.png,cell2490.png,300,300,L
/content/elpv-dataset/src/elpv_dataset/data/images/cell0419.png,cell0419.png,300,300,L
/content/elpv-dataset/src/elpv_dataset/data/images/cell2315.png,cell2315.png,300,300,L
/content/elpv-dataset/src/elpv_dataset/data/images/cell0391.png,cell0391.png,300,300,L
/content/elpv-dataset/src/elpv_dataset/data/images/cell2085.png,cell2085.png,300,300,L
/content/elpv-dataset/src/elpv_dataset/data/images/cell0951.png,cell0951.png,300,300,L
/content/elpv-dataset/src/elpv_dataset/data/images/cell0092.png,cell0092.png,300,300,L
/content/elpv-dataset/src/elpv_dataset/data/images/cell1096.png,cell1096.png,300,300,L
/content/elpv-dataset/src/elpv_dataset/data/images/cell1228.png,cell1228.png,300,300,L
/content/elpv-dataset/src/elpv_dataset/data/images/cell0993.png,cell0993.png,300,300,L
/content/elpv-dataset/src/elpv_dataset/data/images/cell2603.png,cell2603.png,300,300,L
/content/elpv-dataset/src/elpv_dataset/data/images/cell0435.png,cell0435.png,300,300,L
/content/elpv-dataset/src/elpv_dataset/data/images/cell2503.png,cell2503.png,300,300,L
/content/elpv-dataset/src/elpv_dataset/data/images/cell1090.png,cell1090.png,300,300,L
/content/elpv-dataset/src/elpv_dataset/data/images/cell2101.png,cell2101.png,300,300,L
/content/elpv-dataset/src/elpv_dataset/data/images/cell0674.png,cell0674.png,300,300,L
/content/elpv-dataset/src/elpv_dataset/data/images/cell0117.png,cell0117.png,300,300,L
/content/elpv-dataset/src/elpv_dataset/data/images/cell1684.png,cell1684.png,300,300,L
/content/elpv-dataset/src/elpv_dataset/data/images/cell1167.png,cell1167.png,300,300,L
/content/elpv-dataset/src/elpv_dataset/data/images/cell1490.png,cell1490.png,300,300,L
/content/elpv-dataset/src/elpv_dataset/data/images/cell0707.png,cell0707.png,300,300,L
/content/elpv-dataset/src/elpv_dataset/data/images/cell1850.png,cell1850.png,300,300,L
/content/elpv-dataset/src/elpv_dataset/data/images/cell2087.png,cell2087.png,300,300,L
/content/elpv-dataset/src/elpv_dataset/data/images/cell2570.png,cell2570.png,300,300,L
/content/elpv-dataset/src/elpv_dataset/data/images/cell0223.png,cell0223.png,300,300,L
/content/elpv-dataset/src/elpv_dataset/data/images/cell0373.png,cell0373.png,300,300,L
/content/elpv-dataset/src/elpv_dataset/data/images/cell2580.png,cell2580.png,300,300,L
/content/elpv-dataset/src/elpv_dataset/data/images/cell2096.png,cell2096.png,300,300,L
/content/elpv-dataset/src/elpv_dataset/data/images/cell0656.png,cell0656.png,300,300,L
/content/elpv-dataset/src/elpv_dataset/data/images/cell1110.png,cell1110.png,300,300,L
/content/elpv-dataset/src/elpv_dataset/data/images/cell0615.png,cell0615.png,300,300,L
/content/elpv-dataset/src/elpv_dataset/data/images/cell0612.png,cell0612.png,300,300,L
/content/elpv-dataset/src/elpv_dataset/data/images/cell1622.png,cell1622.png,300,300,L
/content/elpv-dataset/src/elpv_dataset/data/images/cell2622.png,cell2622.png,300,300,L
/content/elpv-dataset/src/elpv_dataset/data/images/cell0492.png,cell0492.png,300,300,L
/content/elpv-dataset/src/elpv_dataset/data/images/cell1253.png,cell1253.png,300,300,L
/content/elpv-dataset/src/elpv_dataset/data/images/cell0839.png,cell0839.png,300,300,L
/content/elpv-dataset/src/elpv_dataset/data/images/cell0168.png,cell0168.png,300,300,L
/content/elpv-dataset/src/elpv_dataset/data/images/cell0857.png,cell0857.png,300,300,L
/content/elpv-dataset/src/elpv_dataset/data/images/cell2166.png,cell2166.png,300,300,L
/content/elpv-dataset/src/elpv_dataset/data/images/cell2361.png,cell2361.png,300,300,L
/content/elpv-dataset/src/elpv_dataset/data/images/cell1155.png,cell1155.png,300,300,L
/content/elpv-dataset/src/elpv_dataset/data/images/cell0390.png,cell0390.png,300,300,L
/content/elpv-dataset/src/elpv_dataset/data/images/cell0159.png,cell0159.png,300,300,L
/content/elpv-dataset/src/elpv_dataset/data/images/cell0957.png,cell0957.png,300,300,L
/content/elpv-dataset/src/elpv_dataset/data/images/cell2577.png,cell2577.png,300,300,L
/content/elpv-dataset/src/elpv_dataset/data/images/cell2168.png,cell2168.png,300,300,L
/content/elpv-dataset/src/elpv_dataset/data/images/cell2112.png,cell2112.png,300,300,L
/content/elpv-dataset/src/elpv_dataset/data/images/cell2353.png,cell2353.png,300,300,L
/content/elpv-dataset/src/elpv_dataset/data/images/cell0822.png,cell0822.png,300,300,L
/content/elpv-dataset/src/elpv_dataset/data/images/cell2212.png,cell2212.png,300,300,L
/content/elpv-dataset/src/elpv_dataset/data/images/cell2406.png,cell2406.png,300,300,L
/content/elpv-dataset/src/elpv_dataset/data/images/cell1320.png,cell1320.png,300,300,L
/content/elpv-dataset/src/elpv_dataset/data/images/cell1139.png,cell1139.png,300,300,L
/content/elpv-dataset/src/elpv_dataset/data/images/cell0904.png,cell0904.png,300,300,L
/content/elpv-dataset/src/elpv_dataset/data/images/cell1974.png,cell1974.png,300,300,L
/content/elpv-dataset/src/elpv_dataset/data/images/cell1333.png,cell1333.png,300,300,L
/content/elpv-dataset/src/elpv_dataset/data/images/cell1212.png,cell1212.png,300,300,L
/content/elpv-dataset/src/elpv_dataset/data/images/cell2528.png,cell2528.png,300,300,L
/content/elpv-dataset/src/elpv_dataset/data/images/cell1640.png,cell1640.png,300,300,L
/content/elpv-dataset/src/elpv_dataset/data/images/cell2190.png,cell2190.png,300,300,L
/content/elpv-dataset/src/elpv_dataset/data/images/cell1233.png,cell1233.png,300,300,L
/content/elpv-dataset/src/elpv_dataset/data/images/cell0762.png,cell0762.png,300,300,L
/content/elpv-dataset/src/elpv_dataset/data/images/cell2446.png,cell2446.png,300,300,L
/content/elpv-dataset/src/elpv_dataset/data/images/cell1650.png,cell1650.png,300,300,L
/content/elpv-dataset/src/elpv_dataset/data/images/cell1903.png,cell1903.png,300,300,L
/content/elpv-dataset/src/elpv_dataset/data/images/cell1479.png,cell1479.png,300,300,L
/content/elpv-dataset/src/elpv_dataset/data/images/cell0467.png,cell0467.png,300,300,L
/content/elpv-dataset/src/elpv_dataset/data/images/cell0309.png,cell0309.png,300,300,L
/content/elpv-dataset/src/elpv_dataset/data/images/cell0504.png,cell0504.png,300,300,L
/content/elpv-dataset/src/elpv_dataset/data/images/cell0553.png,cell0553.png,300,300,L
/content/elpv-dataset/src/elpv_dataset/data/images/cell1920.png,cell1920.png,300,300,L
/content/elpv-dataset/src/elpv_dataset/data/images/cell1700.png,cell1700.png,300,300,L
/content/elpv-dataset/src/elpv_dataset/data/images/cell0557.png,cell0557.png,300,300,L
/content/elpv-dataset/src/elpv_dataset/data/images/cell2106.png,cell2106.png,300,300,L
/content/elpv-dataset/src/elpv_dataset/data/images/cell1683.png,cell1683.png,300,300,L
/content/elpv-dataset/src/elpv_dataset/data/images/cell0941.png,cell0941.png,300,300,L
/content/elpv-dataset/src/elpv_dataset/data/images/cell2273.png,cell2273.png,300,300,L
/content/elpv-dataset/src/elpv_dataset/data/images/cell0736.png,cell0736.png,300,300,L
/content/elpv-dataset/src/elpv_dataset/data/images/cell1666.png,cell1666.png,300,300,L
/content/elpv-dataset/src/elpv_dataset/data/images/cell0962.png,cell0962.png,300,300,L
/content/elpv-dataset/src/elpv_dataset/data/images/cell0273.png,cell0273.png,300,300,L
/content/elpv-dataset/src/elpv_dataset/data/images/cell1561.png,cell1561.png,300,300,L
/content/elpv-dataset/src/elpv_dataset/data/images/cell1441.png,cell1441.png,300,300,L
/content/elpv-dataset/src/elpv_dataset/data/images/cell1411.png,cell1411.png,300,300,L
/content/elpv-dataset/src/elpv_dataset/data/images/cell0076.png,cell0076.png,300,300,L
/content/elpv-dataset/src/elpv_dataset/data/images/cell0359.png,cell0359.png,300,300,L
/content/elpv-dataset/src/elpv_dataset/data/images/cell1593.png,cell1593.png,300,300,L
/content/elpv-dataset/src/elpv_dataset/data/images/cell2515.png,cell2515.png,300,300,L
/content/elpv-dataset/src/elpv_dataset/data/images/cell1558.png,cell1558.png,300,300,L
/content/elpv-dataset/src/elpv_dataset/data/images/cell1025.png,cell1025.png,300,300,L
/content/elpv-dataset/src/elpv_dataset/data/images/cell1863.png,cell1863.png,300,300,L
/content/elpv-dataset/src/elpv_dataset/data/images/cell0210.png,cell0210.png,300,300,L
/content/elpv-dataset/src/elpv_dataset/data/images/cell1786.png,cell1786.png,300,300,L
/content/elpv-dataset/src/elpv_dataset/data/images/cell1463.png,cell1463.png,300,300,L
/content/elpv-dataset/src/elpv_dataset/data/images/cell2255.png,cell2255.png,300,300,L
/content/elpv-dataset/src/elpv_dataset/data/images/cell0900.png,cell0900.png,300,300,L
/content/elpv-dataset/src/elpv_dataset/data/images/cell1945.png,cell1945.png,300,300,L
/content/elpv-dataset/src/elpv_dataset/data/images/cell0520.png,cell0520.png,300,300,L
/content/elpv-dataset/src/elpv_dataset/data/images/cell0595.png,cell0595.png,300,300,L
/content/elpv-dataset/src/elpv_dataset/data/images/cell1302.png,cell1302.png,300,300,L
/content/elpv-dataset/src/elpv_dataset/data/images/cell0348.png,cell0348.png,300,300,L
/content/elpv-dataset/src/elpv_dataset/data/images/cell0062.png,cell0062.png,300,300,L
/content/elpv-dataset/src/elpv_dataset/data/images/cell0521.png,cell0521.png,300,300,L
/content/elpv-dataset/src/elpv_dataset/data/images/cell0425.png,cell0425.png,300,300,L
/content/elpv-dataset/src/elpv_dataset/data/images/cell1753.png,cell1753.png,300,300,L
/content/elpv-dataset/src/elpv_dataset/data/images/cell0310.png,cell0310.png,300,300,L
/content/elpv-dataset/src/elpv_dataset/data/images/cell1706.png,cell1706.png,300,300,L
/content/elpv-dataset/src/elpv_dataset/data/images/cell1443.png,cell1443.png,300,300,L
/content/elpv-dataset/src/elpv_dataset/data/images/cell1892.png,cell1892.png,300,300,L
/content/elpv-dataset/src/elpv_dataset/data/images/cell0314.png,cell0314.png,300,300,L
/content/elpv-dataset/src/elpv_dataset/data/images/cell2561.png,cell2561.png,300,300,L
/content/elpv-dataset/src/elpv_dataset/data/images/cell2613.png,cell2613.png,300,300,L
/content/elpv-dataset/src/elpv_dataset/data/images/cell1435.png,cell1435.png,300,300,L
/content/elpv-dataset/src/elpv_dataset/data/images/cell1548.png,cell1548.png,300,300,L
/content/elpv-dataset/src/elpv_dataset/data/images/cell1029.png,cell1029.png,300,300,L
/content/elpv-dataset/src/elpv_dataset/data/images/cell2593.png,cell2593.png,300,300,L
/content/elpv-dataset/src/elpv_dataset/data/images/cell0447.png,cell0447.png,300,300,L
/content/elpv-dataset/src/elpv_dataset/data/images/cell1131.png,cell1131.png,300,300,L
/content/elpv-dataset/src/elpv_dataset/data/images/cell1113.png,cell1113.png,300,300,L
/content/elpv-dataset/src/elpv_dataset/data/images/cell1582.png,cell1582.png,300,300,L
/content/elpv-dataset/src/elpv_dataset/data/images/cell0797.png,cell0797.png,300,300,L
/content/elpv-dataset/src/elpv_dataset/data/images/cell1448.png,cell1448.png,300,300,L
/content/elpv-dataset/src/elpv_dataset/data/images/cell2068.png,cell2068.png,300,300,L
/content/elpv-dataset/src/elpv_dataset/data/images/cell0929.png,cell0929.png,300,300,L
/content/elpv-dataset/src/elpv_dataset/data/images/cell1821.png,cell1821.png,300,300,L
/content/elpv-dataset/src/elpv_dataset/data/images/cell1151.png,cell1151.png,300,300,L
/content/elpv-dataset/src/elpv_dataset/data/images/cell0473.png,cell0473.png,300,300,L
/content/elpv-dataset/src/elpv_dataset/data/images/cell2484.png,cell2484.png,300,300,L
/content/elpv-dataset/src/elpv_dataset/data/images/cell0434.png,cell0434.png,300,300,L
/content/elpv-dataset/src/elpv_dataset/data/images/cell1300.png,cell1300.png,300,300,L
/content/elpv-dataset/src/elpv_dataset/data/images/cell0813.png,cell0813.png,300,300,L
/content/elpv-dataset/src/elpv_dataset/data/images/cell2289.png,cell2289.png,300,300,L
/content/elpv-dataset/src/elpv_dataset/data/images/cell1724.png,cell1724.png,300,300,L
/content/elpv-dataset/src/elpv_dataset/data/images/cell0246.png,cell0246.png,300,300,L
/content/elpv-dataset/src/elpv_dataset/data/images/cell1173.png,cell1173.png,300,300,L
/content/elpv-dataset/src/elpv_dataset/data/images/cell1454.png,cell1454.png,300,300,L
/content/elpv-dataset/src/elpv_dataset/data/images/cell1221.png,cell1221.png,300,300,L
/content/elpv-dataset/src/elpv_dataset/data/images/cell1366.png,cell1366.png,300,300,L
/content/elpv-dataset/src/elpv_dataset/data/images/cell2011.png,cell2011.png,300,300,L
/content/elpv-dataset/src/elpv_dataset/data/images/cell2426.png,cell2426.png,300,300,L
/content/elpv-dataset/src/elpv_dataset/data/images/cell1857.png,cell1857.png,300,300,L
/content/elpv-dataset/src/elpv_dataset/data/images/cell2436.png,cell2436.png,300,300,L
/content/elpv-dataset/src/elpv_dataset/data/images/cell0572.png,cell0572.png,300,300,L
/content/elpv-dataset/src/elpv_dataset/data/images/cell1964.png,cell1964.png,300,300,L
/content/elpv-dataset/src/elpv_dataset/data/images/cell1161.png,cell1161.png,300,300,L
/content/elpv-dataset/src/elpv_dataset/data/images/cell2015.png,cell2015.png,300,300,L
/content/elpv-dataset/src/elpv_dataset/data/images/cell0891.png,cell0891.png,300,300,L
/content/elpv-dataset/src/elpv_dataset/data/images/cell1854.png,cell1854.png,300,300,L
/content/elpv-dataset/src/elpv_dataset/data/images/cell0253.png,cell0253.png,300,300,L
/content/elpv-dataset/src/elpv_dataset/data/images/cell2141.png,cell2141.png,300,300,L
/content/elpv-dataset/src/elpv_dataset/data/images/cell1627.png,cell1627.png,300,300,L
/content/elpv-dataset/src/elpv_dataset/data/images/cell1743.png,cell1743.png,300,300,L
/content/elpv-dataset/src/elpv_dataset/data/images/cell1514.png,cell1514.png,300,300,L
/content/elpv-dataset/src/elpv_dataset/data/images/cell0906.png,cell0906.png,300,300,L
/content/elpv-dataset/src/elpv_dataset/data/images/cell2043.png,cell2043.png,300,300,L
/content/elpv-dataset/src/elpv_dataset/data/images/cell0898.png,cell0898.png,300,300,L
/content/elpv-dataset/src/elpv_dataset/data/images/cell2508.png,cell2508.png,300,300,L
/content/elpv-dataset/src/elpv_dataset/data/images/cell2322.png,cell2322.png,300,300,L
/content/elpv-dataset/src/elpv_dataset/data/images/cell1882.png,cell1882.png,300,300,L
/content/elpv-dataset/src/elpv_dataset/data/images/cell2428.png,cell2428.png,300,300,L
/content/elpv-dataset/src/elpv_dataset/data/images/cell0047.png,cell0047.png,300,300,L
/content/elpv-dataset/src/elpv_dataset/data/images/cell1910.png,cell1910.png,300,300,L
/content/elpv-dataset/src/elpv_dataset/data/images/cell0842.png,cell0842.png,300,300,L
/content/elpv-dataset/src/elpv_dataset/data/images/cell0342.png,cell0342.png,300,300,L
/content/elpv-dataset/src/elpv_dataset/data/images/cell2120.png,cell2120.png,300,300,L
/content/elpv-dataset/src/elpv_dataset/data/images/cell0677.png,cell0677.png,300,300,L
/content/elpv-dataset/src/elpv_dataset/data/images/cell0922.png,cell0922.png,300,300,L
/content/elpv-dataset/src/elpv_dataset/data/images/cell0126.png,cell0126.png,300,300,L
/content/elpv-dataset/src/elpv_dataset/data/images/cell1714.png,cell1714.png,300,300,L
/content/elpv-dataset/src/elpv_dataset/data/images/cell2487.png,cell2487.png,300,300,L
/content/elpv-dataset/src/elpv_dataset/data/images/cell0169.png,cell0169.png,300,300,L
/content/elpv-dataset/src/elpv_dataset/data/images/cell1824.png,cell1824.png,300,300,L
/content/elpv-dataset/src/elpv_dataset/data/images/cell0832.png,cell0832.png,300,300,L
/content/elpv-dataset/src/elpv_dataset/data/images/cell1351.png,cell1351.png,300,300,L
/content/elpv-dataset/src/elpv_dataset/data/images/cell1953.png,cell1953.png,300,300,L
/content/elpv-dataset/src/elpv_dataset/data/images/cell0743.png,cell0743.png,300,300,L
/content/elpv-dataset/src/elpv_dataset/data/images/cell1822.png,cell1822.png,300,300,L
/content/elpv-dataset/src/elpv_dataset/data/images/cell0830.png,cell0830.png,300,300,L
/content/elpv-dataset/src/elpv_dataset/data/images/cell0960.png,cell0960.png,300,300,L
/content/elpv-dataset/src/elpv_dataset/data/images/cell0287.png,cell0287.png,300,300,L
/content/elpv-dataset/src/elpv_dataset/data/images/cell1513.png,cell1513.png,300,300,L
/content/elpv-dataset/src/elpv_dataset/data/images/cell0214.png,cell0214.png,300,300,L
/content/elpv-dataset/src/elpv_dataset/data/images/cell0487.png,cell0487.png,300,300,L
/content/elpv-dataset/src/elpv_dataset/data/images/cell0816.png,cell0816.png,300,300,L
/content/elpv-dataset/src/elpv_dataset/data/images/cell0672.png,cell0672.png,300,300,L
/content/elpv-dataset/src/elpv_dataset/data/images/cell1256.png,cell1256.png,300,300,L
/content/elpv-dataset/src/elpv_dataset/data/images/cell0515.png,cell0515.png,300,300,L
/content/elpv-dataset/src/elpv_dataset/data/images/cell0801.png,cell0801.png,300,300,L
/content/elpv-dataset/src/elpv_dataset/data/images/cell1089.png,cell1089.png,300,300,L
/content/elpv-dataset/src/elpv_dataset/data/images/cell0680.png,cell0680.png,300,300,L
/content/elpv-dataset/src/elpv_dataset/data/images/cell2464.png,cell2464.png,300,300,L
/content/elpv-dataset/src/elpv_dataset/data/images/cell2155.png,cell2155.png,300,300,L
/content/elpv-dataset/src/elpv_dataset/data/images/cell0461.png,cell0461.png,300,300,L
/content/elpv-dataset/src/elpv_dataset/data/images/cell1492.png,cell1492.png,300,300,L
/content/elpv-dataset/src/elpv_dataset/data/images/cell2051.png,cell2051.png,300,300,L
/content/elpv-dataset/src/elpv_dataset/data/images/cell2303.png,cell2303.png,300,300,L
/content/elpv-dataset/src/elpv_dataset/data/images/cell1012.png,cell1012.png,300,300,L
/content/elpv-dataset/src/elpv_dataset/data/images/cell0625.png,cell0625.png,300,300,L
/content/elpv-dataset/src/elpv_dataset/data/images/cell1933.png,cell1933.png,300,300,L
/content/elpv-dataset/src/elpv_dataset/data/images/cell0668.png,cell0668.png,300,300,L
/content/elpv-dataset/src/elpv_dataset/data/images/cell0484.png,cell0484.png,300,300,L
/content/elpv-dataset/src/elpv_dataset/data/images/cell1583.png,cell1583.png,300,300,L
/content/elpv-dataset/src/elpv_dataset/data/images/cell0480.png,cell0480.png,300,300,L
/content/elpv-dataset/src/elpv_dataset/data/images/cell2485.png,cell2485.png,300,300,L
/content/elpv-dataset/src/elpv_dataset/data/images/cell1401.png,cell1401.png,300,300,L
/content/elpv-dataset/src/elpv_dataset/data/images/cell0903.png,cell0903.png,300,300,L
/content/elpv-dataset/src/elpv_dataset/data/images/cell0767.png,cell0767.png,300,300,L
/content/elpv-dataset/src/elpv_dataset/data/images/cell2119.png,cell2119.png,300,300,L
/content/elpv-dataset/src/elpv_dataset/data/images/cell1197.png,cell1197.png,300,300,L
/content/elpv-dataset/src/elpv_dataset/data/images/cell1092.png,cell1092.png,300,300,L
/content/elpv-dataset/src/elpv_dataset/data/images/cell0998.png,cell0998.png,300,300,L
/content/elpv-dataset/src/elpv_dataset/data/images/cell1358.png,cell1358.png,300,300,L
/content/elpv-dataset/src/elpv_dataset/data/images/cell0022.png,cell0022.png,300,300,L
/content/elpv-dataset/src/elpv_dataset/data/images/cell1163.png,cell1163.png,300,300,L
/content/elpv-dataset/src/elpv_dataset/data/images/cell1327.png,cell1327.png,300,300,L
/content/elpv-dataset/src/elpv_dataset/data/images/cell0965.png,cell0965.png,300,300,L
/content/elpv-dataset/src/elpv_dataset/data/images/cell2072.png,cell2072.png,300,300,L
/content/elpv-dataset/src/elpv_dataset/data/images/cell1231.png,cell1231.png,300,300,L
/content/elpv-dataset/src/elpv_dataset/data/images/cell2537.png,cell2537.png,300,300,L
/content/elpv-dataset/src/elpv_dataset/data/images/cell1564.png,cell1564.png,300,300,L
/content/elpv-dataset/src/elpv_dataset/data/images/cell1474.png,cell1474.png,300,300,L
/content/elpv-dataset/src/elpv_dataset/data/images/cell1407.png,cell1407.png,300,300,L
/content/elpv-dataset/src/elpv_dataset/data/images/cell1077.png,cell1077.png,300,300,L
/content/elpv-dataset/src/elpv_dataset/data/images/cell2501.png,cell2501.png,300,300,L
/content/elpv-dataset/src/elpv_dataset/data/images/cell0488.png,cell0488.png,300,300,L
/content/elpv-dataset/src/elpv_dataset/data/images/cell0751.png,cell0751.png,300,300,L
/content/elpv-dataset/src/elpv_dataset/data/images/cell0130.png,cell0130.png,300,300,L
/content/elpv-dataset/src/elpv_dataset/data/images/cell2363.png,cell2363.png,300,300,L
/content/elpv-dataset/src/elpv_dataset/data/images/cell1725.png,cell1725.png,300,300,L
/content/elpv-dataset/src/elpv_dataset/data/images/cell1866.png,cell1866.png,300,300,L
/content/elpv-dataset/src/elpv_dataset/data/images/cell0360.png,cell0360.png,300,300,L
/content/elpv-dataset/src/elpv_dataset/data/images/cell0132.png,cell0132.png,300,300,L
/content/elpv-dataset/src/elpv_dataset/data/images/cell2174.png,cell2174.png,300,300,L
/content/elpv-dataset/src/elpv_dataset/data/images/cell0768.png,cell0768.png,300,300,L
/content/elpv-dataset/src/elpv_dataset/data/images/cell1183.png,cell1183.png,300,300,L
/content/elpv-dataset/src/elpv_dataset/data/images/cell1382.png,cell1382.png,300,300,L
/content/elpv-dataset/src/elpv_dataset/data/images/cell0676.png,cell0676.png,300,300,L
/content/elpv-dataset/src/elpv_dataset/data/images/cell2299.png,cell2299.png,300,300,L
/content/elpv-dataset/src/elpv_dataset/data/images/cell1527.png,cell1527.png,300,300,L
/content/elpv-dataset/src/elpv_dataset/data/images/cell1389.png,cell1389.png,300,300,L
/content/elpv-dataset/src/elpv_dataset/data/images/cell1573.png,cell1573.png,300,300,L
/content/elpv-dataset/src/elpv_dataset/data/images/cell2618.png,cell2618.png,300,300,L
/content/elpv-dataset/src/elpv_dataset/data/images/cell1473.png,cell1473.png,300,300,L
/content/elpv-dataset/src/elpv_dataset/data/images/cell1105.png,cell1105.png,300,300,L
/content/elpv-dataset/src/elpv_dataset/data/images/cell1588.png,cell1588.png,300,300,L
/content/elpv-dataset/src/elpv_dataset/data/images/cell0270.png,cell0270.png,300,300,L
/content/elpv-dataset/src/elpv_dataset/data/images/cell2023.png,cell2023.png,300,300,L
/content/elpv-dataset/src/elpv_dataset/data/images/cell1647.png,cell1647.png,300,300,L
/content/elpv-dataset/src/elpv_dataset/data/images/cell1024.png,cell1024.png,300,300,L
/content/elpv-dataset/src/elpv_dataset/data/images/cell0128.png,cell0128.png,300,300,L
/content/elpv-dataset/src/elpv_dataset/data/images/cell0966.png,cell0966.png,300,300,L
/content/elpv-dataset/src/elpv_dataset/data/images/cell2181.png,cell2181.png,300,300,L
/content/elpv-dataset/src/elpv_dataset/data/images/cell0399.png,cell0399.png,300,300,L
/content/elpv-dataset/src/elpv_dataset/data/images/cell0353.png,cell0353.png,300,300,L
/content/elpv-dataset/src/elpv_dataset/data/images/cell0066.png,cell0066.png,300,300,L
/content/elpv-dataset/src/elpv_dataset/data/images/cell0657.png,cell0657.png,300,300,L
/content/elpv-dataset/src/elpv_dataset/data/images/cell2553.png,cell2553.png,300,300,L
/content/elpv-dataset/src/elpv_dataset/data/images/cell0470.png,cell0470.png,300,300,L
/content/elpv-dataset/src/elpv_dataset/data/images/cell0145.png,cell0145.png,300,300,L
/content/elpv-dataset/src/elpv_dataset/data/images/cell1265.png,cell1265.png,300,300,L
/content/elpv-dataset/src/elpv_dataset/data/images/cell1162.png,cell1162.png,300,300,L
/content/elpv-dataset/src/elpv_dataset/data/images/cell2131.png,cell2131.png,300,300,L
/content/elpv-dataset/src/elpv_dataset/data/images/cell1362.png,cell1362.png,300,300,L
/content/elpv-dataset/src/elpv_dataset/data/images/cell0297.png,cell0297.png,300,300,L
/content/elpv-dataset/src/elpv_dataset/data/images/cell0867.png,cell0867.png,300,300,L
/content/elpv-dataset/src/elpv_dataset/data/images/cell2257.png,cell2257.png,300,300,L
/content/elpv-dataset/src/elpv_dataset/data/images/cell0350.png,cell0350.png,300,300,L
/content/elpv-dataset/src/elpv_dataset/data/images/cell2031.png,cell2031.png,300,300,L
/content/elpv-dataset/src/elpv_dataset/data/images/cell1420.png,cell1420.png,300,300,L
/content/elpv-dataset/src/elpv_dataset/data/images/cell2020.png,cell2020.png,300,300,L
/content/elpv-dataset/src/elpv_dataset/data/images/cell1017.png,cell1017.png,300,300,L
/content/elpv-dataset/src/elpv_dataset/data/images/cell0244.png,cell0244.png,300,300,L
/content/elpv-dataset/src/elpv_dataset/data/images/cell2219.png,cell2219.png,300,300,L
/content/elpv-dataset/src/elpv_dataset/data/images/cell2036.png,cell2036.png,300,300,L
/content/elpv-dataset/src/elpv_dataset/data/images/cell1691.png,cell1691.png,300,300,L
/content/elpv-dataset/src/elpv_dataset/data/images/cell2123.png,cell2123.png,300,300,L
/content/elpv-dataset/src/elpv_dataset/data/images/cell1088.png,cell1088.png,300,300,L
/content/elpv-dataset/src/elpv_dataset/data/images/cell1427.png,cell1427.png,300,300,L
/content/elpv-dataset/src/elpv_dataset/data/images/cell2572.png,cell2572.png,300,300,L
/content/elpv-dataset/src/elpv_dataset/data/images/cell0600.png,cell0600.png,300,300,L
/content/elpv-dataset/src/elpv_dataset/data/images/cell0954.png,cell0954.png,300,300,L
/content/elpv-dataset/src/elpv_dataset/data/images/cell0179.png,cell0179.png,300,300,L
/content/elpv-dataset/src/elpv_dataset/data/images/cell0442.png,cell0442.png,300,300,L
/content/elpv-dataset/src/elpv_dataset/data/images/cell1865.png,cell1865.png,300,300,L
/content/elpv-dataset/src/elpv_dataset/data/images/cell2595.png,cell2595.png,300,300,L
/content/elpv-dataset/src/elpv_dataset/data/images/cell0567.png,cell0567.png,300,300,L
/content/elpv-dataset/src/elpv_dataset/data/images/cell0534.png,cell0534.png,300,300,L
/content/elpv-dataset/src/elpv_dataset/data/images/cell1833.png,cell1833.png,300,300,L
/content/elpv-dataset/src/elpv_dataset/data/images/cell1661.png,cell1661.png,300,300,L
/content/elpv-dataset/src/elpv_dataset/data/images/cell0598.png,cell0598.png,300,300,L
/content/elpv-dataset/src/elpv_dataset/data/images/cell1387.png,cell1387.png,300,300,L
/content/elpv-dataset/src/elpv_dataset/data/images/cell0346.png,cell0346.png,300,300,L
/content/elpv-dataset/src/elpv_dataset/data/images/cell2276.png,cell2276.png,300,300,L
/content/elpv-dataset/src/elpv_dataset/data/images/cell2582.png,cell2582.png,300,300,L
/content/elpv-dataset/src/elpv_dataset/data/images/cell0692.png,cell0692.png,300,300,L
/content/elpv-dataset/src/elpv_dataset/data/images/cell2416.png,cell2416.png,300,300,L
/content/elpv-dataset/src/elpv_dataset/data/images/cell0146.png,cell0146.png,300,300,L
/content/elpv-dataset/src/elpv_dataset/data/images/cell2369.png,cell2369.png,300,300,L
/content/elpv-dataset/src/elpv_dataset/data/images/cell1424.png,cell1424.png,300,300,L
/content/elpv-dataset/src/elpv_dataset/data/images/cell0926.png,cell0926.png,300,300,L
/content/elpv-dataset/src/elpv_dataset/data/images/cell1501.png,cell1501.png,300,300,L
/content/elpv-dataset/src/elpv_dataset/data/images/cell1773.png,cell1773.png,300,300,L
/content/elpv-dataset/src/elpv_dataset/data/images/cell0263.png,cell0263.png,300,300,L
/content/elpv-dataset/src/elpv_dataset/data/images/cell0506.png,cell0506.png,300,300,L
/content/elpv-dataset/src/elpv_dataset/data/images/cell0032.png,cell0032.png,300,300,L
/content/elpv-dataset/src/elpv_dataset/data/images/cell2055.png,cell2055.png,300,300,L
/content/elpv-dataset/src/elpv_dataset/data/images/cell1515.png,cell1515.png,300,300,L
/content/elpv-dataset/src/elpv_dataset/data/images/cell1968.png,cell1968.png,300,300,L
/content/elpv-dataset/src/elpv_dataset/data/images/cell1929.png,cell1929.png,300,300,L
/content/elpv-dataset/src/elpv_dataset/data/images/cell2042.png,cell2042.png,300,300,L
/content/elpv-dataset/src/elpv_dataset/data/images/cell1726.png,cell1726.png,300,300,L
/content/elpv-dataset/src/elpv_dataset/data/images/cell1781.png,cell1781.png,300,300,L
/content/elpv-dataset/src/elpv_dataset/data/images/cell1807.png,cell1807.png,300,300,L
/content/elpv-dataset/src/elpv_dataset/data/images/cell0774.png,cell0774.png,300,300,L
/content/elpv-dataset/src/elpv_dataset/data/images/cell2046.png,cell2046.png,300,300,L
/content/elpv-dataset/src/elpv_dataset/data/images/cell0230.png,cell0230.png,300,300,L
/content/elpv-dataset/src/elpv_dataset/data/images/cell0586.png,cell0586.png,300,300,L
/content/elpv-dataset/src/elpv_dataset/data/images/cell2244.png,cell2244.png,300,300,L
/content/elpv-dataset/src/elpv_dataset/data/images/cell2524.png,cell2524.png,300,300,L
/content/elpv-dataset/src/elpv_dataset/data/images/cell0397.png,cell0397.png,300,300,L
/content/elpv-dataset/src/elpv_dataset/data/images/cell0173.png,cell0173.png,300,300,L
/content/elpv-dataset/src/elpv_dataset/data/images/cell0526.png,cell0526.png,300,300,L
/content/elpv-dataset/src/elpv_dataset/data/images/cell2198.png,cell2198.png,300,300,L
/content/elpv-dataset/src/elpv_dataset/data/images/cell1701.png,cell1701.png,300,300,L
/content/elpv-dataset/src/elpv_dataset/data/images/cell1848.png,cell1848.png,300,300,L
/content/elpv-dataset/src/elpv_dataset/data/images/cell2054.png,cell2054.png,300,300,L
/content/elpv-dataset/src/elpv_dataset/data/images/cell1315.png,cell1315.png,300,300,L
/content/elpv-dataset/src/elpv_dataset/data/images/cell2150.png,cell2150.png,300,300,L
/content/elpv-dataset/src/elpv_dataset/data/images/cell1908.png,cell1908.png,300,300,L
/content/elpv-dataset/src/elpv_dataset/data/images/cell0942.png,cell0942.png,300,300,L
/content/elpv-dataset/src/elpv_dataset/data/images/cell0789.png,cell0789.png,300,300,L
/content/elpv-dataset/src/elpv_dataset/data/images/cell2333.png,cell2333.png,300,300,L
/content/elpv-dataset/src/elpv_dataset/data/images/cell1535.png,cell1535.png,300,300,L
/content/elpv-dataset/src/elpv_dataset/data/images/cell2167.png,cell2167.png,300,300,L
/content/elpv-dataset/src/elpv_dataset/data/images/cell2459.png,cell2459.png,300,300,L
/content/elpv-dataset/src/elpv_dataset/data/images/cell1122.png,cell1122.png,300,300,L
/content/elpv-dataset/src/elpv_dataset/data/images/cell2006.png,cell2006.png,300,300,L
/content/elpv-dataset/src/elpv_dataset/data/images/cell2018.png,cell2018.png,300,300,L
/content/elpv-dataset/src/elpv_dataset/data/images/cell0317.png,cell0317.png,300,300,L
/content/elpv-dataset/src/elpv_dataset/data/images/cell1675.png,cell1675.png,300,300,L
/content/elpv-dataset/src/elpv_dataset/data/images/cell1100.png,cell1100.png,300,300,L
/content/elpv-dataset/src/elpv_dataset/data/images/cell1130.png,cell1130.png,300,300,L
/content/elpv-dataset/src/elpv_dataset/data/images/cell1716.png,cell1716.png,300,300,L
/content/elpv-dataset/src/elpv_dataset/data/images/cell0334.png,cell0334.png,300,300,L
/content/elpv-dataset/src/elpv_dataset/data/images/cell1676.png,cell1676.png,300,300,L
/content/elpv-dataset/src/elpv_dataset/data/images/cell0201.png,cell0201.png,300,300,L
/content/elpv-dataset/src/elpv_dataset/data/images/cell0153.png,cell0153.png,300,300,L
/content/elpv-dataset/src/elpv_dataset/data/images/cell2130.png,cell2130.png,300,300,L
/content/elpv-dataset/src/elpv_dataset/data/images/cell0733.png,cell0733.png,300,300,L
/content/elpv-dataset/src/elpv_dataset/data/images/cell1864.png,cell1864.png,300,300,L
/content/elpv-dataset/src/elpv_dataset/data/images/cell1616.png,cell1616.png,300,300,L
/content/elpv-dataset/src/elpv_dataset/data/images/cell2227.png,cell2227.png,300,300,L
/content/elpv-dataset/src/elpv_dataset/data/images/cell2172.png,cell2172.png,300,300,L
/content/elpv-dataset/src/elpv_dataset/data/images/cell0501.png,cell0501.png,300,300,L
/content/elpv-dataset/src/elpv_dataset/data/images/cell2147.png,cell2147.png,300,300,L
/content/elpv-dataset/src/elpv_dataset/data/images/cell2058.png,cell2058.png,300,300,L
/content/elpv-dataset/src/elpv_dataset/data/images/cell2368.png,cell2368.png,300,300,L
/content/elpv-dataset/src/elpv_dataset/data/images/cell0180.png,cell0180.png,300,300,L
/content/elpv-dataset/src/elpv_dataset/data/images/cell1503.png,cell1503.png,300,300,L
/content/elpv-dataset/src/elpv_dataset/data/images/cell1045.png,cell1045.png,300,300,L
/content/elpv-dataset/src/elpv_dataset/data/images/cell1772.png,cell1772.png,300,300,L
/content/elpv-dataset/src/elpv_dataset/data/images/cell1923.png,cell1923.png,300,300,L
/content/elpv-dataset/src/elpv_dataset/data/images/cell2477.png,cell2477.png,300,300,L
/content/elpv-dataset/src/elpv_dataset/data/images/cell0570.png,cell0570.png,300,300,L
/content/elpv-dataset/src/elpv_dataset/data/images/cell0111.png,cell0111.png,300,300,L
/content/elpv-dataset/src/elpv_dataset/data/images/cell1018.png,cell1018.png,300,300,L
/content/elpv-dataset/src/elpv_dataset/data/images/cell1136.png,cell1136.png,300,300,L
/content/elpv-dataset/src/elpv_dataset/data/images/cell1189.png,cell1189.png,300,300,L
/content/elpv-dataset/src/elpv_dataset/data/images/cell0250.png,cell0250.png,300,300,L
/content/elpv-dataset/src/elpv_dataset/data/images/cell1149.png,cell1149.png,300,300,L
/content/elpv-dataset/src/elpv_dataset/data/images/cell0912.png,cell0912.png,300,300,L
/content/elpv-dataset/src/elpv_dataset/data/images/cell0381.png,cell0381.png,300,300,L
/content/elpv-dataset/src/elpv_dataset/data/images/cell0721.png,cell0721.png,300,300,L
/content/elpv-dataset/src/elpv_dataset/data/images/cell0315.png,cell0315.png,300,300,L
/content/elpv-dataset/src/elpv_dataset/data/images/cell0862.png,cell0862.png,300,300,L
/content/elpv-dataset/src/elpv_dataset/data/images/cell1751.png,cell1751.png,300,300,L
/content/elpv-dataset/src/elpv_dataset/data/images/cell0820.png,cell0820.png,300,300,L
/content/elpv-dataset/src/elpv_dataset/data/images/cell2159.png,cell2159.png,300,300,L
/content/elpv-dataset/src/elpv_dataset/data/images/cell2199.png,cell2199.png,300,300,L
/content/elpv-dataset/src/elpv_dataset/data/images/cell1662.png,cell1662.png,300,300,L
/content/elpv-dataset/src/elpv_dataset/data/images/cell1046.png,cell1046.png,300,300,L
/content/elpv-dataset/src/elpv_dataset/data/images/cell0532.png,cell0532.png,300,300,L
/content/elpv-dataset/src/elpv_dataset/data/images/cell0086.png,cell0086.png,300,300,L
/content/elpv-dataset/src/elpv_dataset/data/images/cell1360.png,cell1360.png,300,300,L
/content/elpv-dataset/src/elpv_dataset/data/images/cell0934.png,cell0934.png,300,300,L
/content/elpv-dataset/src/elpv_dataset/data/images/cell0267.png,cell0267.png,300,300,L
/content/elpv-dataset/src/elpv_dataset/data/images/cell1624.png,cell1624.png,300,300,L
/content/elpv-dataset/src/elpv_dataset/data/images/cell2319.png,cell2319.png,300,300,L
/content/elpv-dataset/src/elpv_dataset/data/images/cell0443.png,cell0443.png,300,300,L
/content/elpv-dataset/src/elpv_dataset/data/images/cell0026.png,cell0026.png,300,300,L
/content/elpv-dataset/src/elpv_dataset/data/images/cell2331.png,cell2331.png,300,300,L
/content/elpv-dataset/src/elpv_dataset/data/images/cell1152.png,cell1152.png,300,300,L
/content/elpv-dataset/src/elpv_dataset/data/images/cell0139.png,cell0139.png,300,300,L
/content/elpv-dataset/src/elpv_dataset/data/images/cell2283.png,cell2283.png,300,300,L
/content/elpv-dataset/src/elpv_dataset/data/images/cell0652.png,cell0652.png,300,300,L
/content/elpv-dataset/src/elpv_dataset/data/images/cell0671.png,cell0671.png,300,300,L
/content/elpv-dataset/src/elpv_dataset/data/images/cell1343.png,cell1343.png,300,300,L
/content/elpv-dataset/src/elpv_dataset/data/images/cell2095.png,cell2095.png,300,300,L
/content/elpv-dataset/src/elpv_dataset/data/images/cell0380.png,cell0380.png,300,300,L
/content/elpv-dataset/src/elpv_dataset/data/images/cell2217.png,cell2217.png,300,300,L
/content/elpv-dataset/src/elpv_dataset/data/images/cell0446.png,cell0446.png,300,300,L
/content/elpv-dataset/src/elpv_dataset/data/images/cell1729.png,cell1729.png,300,300,L
/content/elpv-dataset/src/elpv_dataset/data/images/cell1048.png,cell1048.png,300,300,L
/content/elpv-dataset/src/elpv_dataset/data/images/cell0085.png,cell0085.png,300,300,L
/content/elpv-dataset/src/elpv_dataset/data/images/cell0779.png,cell0779.png,300,300,L
/content/elpv-dataset/src/elpv_dataset/data/images/cell0514.png,cell0514.png,300,300,L
/content/elpv-dataset/src/elpv_dataset/data/images/cell2455.png,cell2455.png,300,300,L
/content/elpv-dataset/src/elpv_dataset/data/images/cell2195.png,cell2195.png,300,300,L
/content/elpv-dataset/src/elpv_dataset/data/images/cell0008.png,cell0008.png,300,300,L
/content/elpv-dataset/src/elpv_dataset/data/images/cell1068.png,cell1068.png,300,300,L
/content/elpv-dataset/src/elpv_dataset/data/images/cell1345.png,cell1345.png,300,300,L
/content/elpv-dataset/src/elpv_dataset/data/images/cell2192.png,cell2192.png,300,300,L
/content/elpv-dataset/src/elpv_dataset/data/images/cell1784.png,cell1784.png,300,300,L
/content/elpv-dataset/src/elpv_dataset/data/images/cell0711.png,cell0711.png,300,300,L
/content/elpv-dataset/src/elpv_dataset/data/images/cell1070.png,cell1070.png,300,300,L
/content/elpv-dataset/src/elpv_dataset/data/images/cell0052.png,cell0052.png,300,300,L
/content/elpv-dataset/src/elpv_dataset/data/images/cell1404.png,cell1404.png,300,300,L
/content/elpv-dataset/src/elpv_dataset/data/images/cell0114.png,cell0114.png,300,300,L
/content/elpv-dataset/src/elpv_dataset/data/images/cell0987.png,cell0987.png,300,300,L
/content/elpv-dataset/src/elpv_dataset/data/images/cell0003.png,cell0003.png,300,300,L
/content/elpv-dataset/src/elpv_dataset/data/images/cell1851.png,cell1851.png,300,300,L
/content/elpv-dataset/src/elpv_dataset/data/images/cell0611.png,cell0611.png,300,300,L
/content/elpv-dataset/src/elpv_dataset/data/images/cell1525.png,cell1525.png,300,300,L
/content/elpv-dataset/src/elpv_dataset/data/images/cell2310.png,cell2310.png,300,300,L
/content/elpv-dataset/src/elpv_dataset/data/images/cell0423.png,cell0423.png,300,300,L
/content/elpv-dataset/src/elpv_dataset/data/images/cell2417.png,cell2417.png,300,300,L
/content/elpv-dataset/src/elpv_dataset/data/images/cell1469.png,cell1469.png,300,300,L
/content/elpv-dataset/src/elpv_dataset/data/images/cell0999.png,cell0999.png,300,300,L
/content/elpv-dataset/src/elpv_dataset/data/images/cell2362.png,cell2362.png,300,300,L
/content/elpv-dataset/src/elpv_dataset/data/images/cell0262.png,cell0262.png,300,300,L
/content/elpv-dataset/src/elpv_dataset/data/images/cell1465.png,cell1465.png,300,300,L
/content/elpv-dataset/src/elpv_dataset/data/images/cell1125.png,cell1125.png,300,300,L
/content/elpv-dataset/src/elpv_dataset/data/images/cell0551.png,cell0551.png,300,300,L
/content/elpv-dataset/src/elpv_dataset/data/images/cell2222.png,cell2222.png,300,300,L
/content/elpv-dataset/src/elpv_dataset/data/images/cell0873.png,cell0873.png,300,300,L
/content/elpv-dataset/src/elpv_dataset/data/images/cell0234.png,cell0234.png,300,300,L
/content/elpv-dataset/src/elpv_dataset/data/images/cell0804.png,cell0804.png,300,300,L
/content/elpv-dataset/src/elpv_dataset/data/images/cell0257.png,cell0257.png,300,300,L
/content/elpv-dataset/src/elpv_dataset/data/images/cell2619.png,cell2619.png,300,300,L
/content/elpv-dataset/src/elpv_dataset/data/images/cell1390.png,cell1390.png,300,300,L
/content/elpv-dataset/src/elpv_dataset/data/images/cell1563.png,cell1563.png,300,300,L
/content/elpv-dataset/src/elpv_dataset/data/images/cell2538.png,cell2538.png,300,300,L
/content/elpv-dataset/src/elpv_dataset/data/images/cell1486.png,cell1486.png,300,300,L
/content/elpv-dataset/src/elpv_dataset/data/images/cell0277.png,cell0277.png,300,300,L
/content/elpv-dataset/src/elpv_dataset/data/images/cell1111.png,cell1111.png,300,300,L
/content/elpv-dataset/src/elpv_dataset/data/images/cell0869.png,cell0869.png,300,300,L
/content/elpv-dataset/src/elpv_dataset/data/images/cell0278.png,cell0278.png,300,300,L
/content/elpv-dataset/src/elpv_dataset/data/images/cell0191.png,cell0191.png,300,300,L
/content/elpv-dataset/src/elpv_dataset/data/images/cell1103.png,cell1103.png,300,300,L
/content/elpv-dataset/src/elpv_dataset/data/images/cell0710.png,cell0710.png,300,300,L
/content/elpv-dataset/src/elpv_dataset/data/images/cell0354.png,cell0354.png,300,300,L
/content/elpv-dataset/src/elpv_dataset/data/images/cell2041.png,cell2041.png,300,300,L
/content/elpv-dataset/src/elpv_dataset/data/images/cell0133.png,cell0133.png,300,300,L
/content/elpv-dataset/src/elpv_dataset/data/images/cell2014.png,cell2014.png,300,300,L
/content/elpv-dataset/src/elpv_dataset/data/images/cell1007.png,cell1007.png,300,300,L
/content/elpv-dataset/src/elpv_dataset/data/images/cell2073.png,cell2073.png,300,300,L
/content/elpv-dataset/src/elpv_dataset/data/images/cell0543.png,cell0543.png,300,300,L
/content/elpv-dataset/src/elpv_dataset/data/images/cell0147.png,cell0147.png,300,300,L
/content/elpv-dataset/src/elpv_dataset/data/images/cell1592.png,cell1592.png,300,300,L
/content/elpv-dataset/src/elpv_dataset/data/images/cell1367.png,cell1367.png,300,300,L
/content/elpv-dataset/src/elpv_dataset/data/images/cell1036.png,cell1036.png,300,300,L
/content/elpv-dataset/src/elpv_dataset/data/images/cell1828.png,cell1828.png,300,300,L
/content/elpv-dataset/src/elpv_dataset/data/images/cell0917.png,cell0917.png,300,300,L
/content/elpv-dataset/src/elpv_dataset/data/images/cell1950.png,cell1950.png,300,300,L
/content/elpv-dataset/src/elpv_dataset/data/images/cell1417.png,cell1417.png,300,300,L
/content/elpv-dataset/src/elpv_dataset/data/images/cell1495.png,cell1495.png,300,300,L
/content/elpv-dataset/src/elpv_dataset/data/images/cell0083.png,cell0083.png,300,300,L
/content/elpv-dataset/src/elpv_dataset/data/images/cell0462.png,cell0462.png,300,300,L
/content/elpv-dataset/src/elpv_dataset/data/images/cell0101.png,cell0101.png,300,300,L
/content/elpv-dataset/src/elpv_dataset/data/images/cell0564.png,cell0564.png,300,300,L
/content/elpv-dataset/src/elpv_dataset/data/images/cell0574.png,cell0574.png,300,300,L
/content/elpv-dataset/src/elpv_dataset/data/images/cell2435.png,cell2435.png,300,300,L
/content/elpv-dataset/src/elpv_dataset/data/images/cell0682.png,cell0682.png,300,300,L
/content/elpv-dataset/src/elpv_dataset/data/images/cell2327.png,cell2327.png,300,300,L
/content/elpv-dataset/src/elpv_dataset/data/images/cell2176.png,cell2176.png,300,300,L
/content/elpv-dataset/src/elpv_dataset/data/images/cell1403.png,cell1403.png,300,300,L
/content/elpv-dataset/src/elpv_dataset/data/images/cell1881.png,cell1881.png,300,300,L
/content/elpv-dataset/src/elpv_dataset/data/images/cell1065.png,cell1065.png,300,300,L
/content/elpv-dataset/src/elpv_dataset/data/images/cell0472.png,cell0472.png,300,300,L
/content/elpv-dataset/src/elpv_dataset/data/images/cell2346.png,cell2346.png,300,300,L
/content/elpv-dataset/src/elpv_dataset/data/images/cell2448.png,cell2448.png,300,300,L
/content/elpv-dataset/src/elpv_dataset/data/images/cell1939.png,cell1939.png,300,300,L
/content/elpv-dataset/src/elpv_dataset/data/images/cell1466.png,cell1466.png,300,300,L
/content/elpv-dataset/src/elpv_dataset/data/images/cell1329.png,cell1329.png,300,300,L
/content/elpv-dataset/src/elpv_dataset/data/images/cell2127.png,cell2127.png,300,300,L
/content/elpv-dataset/src/elpv_dataset/data/images/cell1295.png,cell1295.png,300,300,L
/content/elpv-dataset/src/elpv_dataset/data/images/cell0531.png,cell0531.png,300,300,L
/content/elpv-dataset/src/elpv_dataset/data/images/cell1071.png,cell1071.png,300,300,L
/content/elpv-dataset/src/elpv_dataset/data/images/cell1285.png,cell1285.png,300,300,L
/content/elpv-dataset/src/elpv_dataset/data/images/cell0719.png,cell0719.png,300,300,L
/content/elpv-dataset/src/elpv_dataset/data/images/cell1316.png,cell1316.png,300,300,L
/content/elpv-dataset/src/elpv_dataset/data/images/cell0946.png,cell0946.png,300,300,L
/content/elpv-dataset/src/elpv_dataset/data/images/cell1749.png,cell1749.png,300,300,L
/content/elpv-dataset/src/elpv_dataset/data/images/cell0919.png,cell0919.png,300,300,L
/content/elpv-dataset/src/elpv_dataset/data/images/cell2604.png,cell2604.png,300,300,L
/content/elpv-dataset/src/elpv_dataset/data/images/cell1686.png,cell1686.png,300,300,L
/content/elpv-dataset/src/elpv_dataset/data/images/cell0217.png,cell0217.png,300,300,L
/content/elpv-dataset/src/elpv_dataset/data/images/cell1500.png,cell1500.png,300,300,L
/content/elpv-dataset/src/elpv_dataset/data/images/cell1356.png,cell1356.png,300,300,L
/content/elpv-dataset/src/elpv_dataset/data/images/cell0888.png,cell0888.png,300,300,L
/content/elpv-dataset/src/elpv_dataset/data/images/cell1736.png,cell1736.png,300,300,L
/content/elpv-dataset/src/elpv_dataset/data/images/cell0761.png,cell0761.png,300,300,L
/content/elpv-dataset/src/elpv_dataset/data/images/cell2071.png,cell2071.png,300,300,L
/content/elpv-dataset/src/elpv_dataset/data/images/cell2471.png,cell2471.png,300,300,L
/content/elpv-dataset/src/elpv_dataset/data/images/cell2239.png,cell2239.png,300,300,L
/content/elpv-dataset/src/elpv_dataset/data/images/cell1059.png,cell1059.png,300,300,L
/content/elpv-dataset/src/elpv_dataset/data/images/cell2545.png,cell2545.png,300,300,L
/content/elpv-dataset/src/elpv_dataset/data/images/cell0024.png,cell0024.png,300,300,L
/content/elpv-dataset/src/elpv_dataset/data/images/cell1154.png,cell1154.png,300,300,L
/content/elpv-dataset/src/elpv_dataset/data/images/cell1475.png,cell1475.png,300,300,L
/content/elpv-dataset/src/elpv_dataset/data/images/cell1216.png,cell1216.png,300,300,L
/content/elpv-dataset/src/elpv_dataset/data/images/cell2216.png,cell2216.png,300,300,L
/content/elpv-dataset/src/elpv_dataset/data/images/cell1237.png,cell1237.png,300,300,L
/content/elpv-dataset/src/elpv_dataset/data/images/cell0604.png,cell0604.png,300,300,L
/content/elpv-dataset/src/elpv_dataset/data/images/cell1346.png,cell1346.png,300,300,L
/content/elpv-dataset/src/elpv_dataset/data/images/cell0565.png,cell0565.png,300,300,L
/content/elpv-dataset/src/elpv_dataset/data/images/cell1614.png,cell1614.png,300,300,L
/content/elpv-dataset/src/elpv_dataset/data/images/cell1895.png,cell1895.png,300,300,L
/content/elpv-dataset/src/elpv_dataset/data/images/cell2517.png,cell2517.png,300,300,L
/content/elpv-dataset/src/elpv_dataset/data/images/cell2386.png,cell2386.png,300,300,L
/content/elpv-dataset/src/elpv_dataset/data/images/cell0493.png,cell0493.png,300,300,L
/content/elpv-dataset/src/elpv_dataset/data/images/cell2507.png,cell2507.png,300,300,L
/content/elpv-dataset/src/elpv_dataset/data/images/cell0961.png,cell0961.png,300,300,L
/content/elpv-dataset/src/elpv_dataset/data/images/cell0892.png,cell0892.png,300,300,L
/content/elpv-dataset/src/elpv_dataset/data/images/cell2621.png,cell2621.png,300,300,L
/content/elpv-dataset/src/elpv_dataset/data/images/cell2187.png,cell2187.png,300,300,L
/content/elpv-dataset/src/elpv_dataset/data/images/cell2215.png,cell2215.png,300,300,L
/content/elpv-dataset/src/elpv_dataset/data/images/cell2599.png,cell2599.png,300,300,L
/content/elpv-dataset/src/elpv_dataset/data/images/cell1886.png,cell1886.png,300,300,L
/content/elpv-dataset/src/elpv_dataset/data/images/cell0238.png,cell0238.png,300,300,L
/content/elpv-dataset/src/elpv_dataset/data/images/cell0375.png,cell0375.png,300,300,L
/content/elpv-dataset/src/elpv_dataset/data/images/cell0134.png,cell0134.png,300,300,L
/content/elpv-dataset/src/elpv_dataset/data/images/cell1655.png,cell1655.png,300,300,L
/content/elpv-dataset/src/elpv_dataset/data/images/cell0224.png,cell0224.png,300,300,L
/content/elpv-dataset/src/elpv_dataset/data/images/cell2062.png,cell2062.png,300,300,L
/content/elpv-dataset/src/elpv_dataset/data/images/cell0983.png,cell0983.png,300,300,L
/content/elpv-dataset/src/elpv_dataset/data/images/cell0500.png,cell0500.png,300,300,L
/content/elpv-dataset/src/elpv_dataset/data/images/cell0122.png,cell0122.png,300,300,L
/content/elpv-dataset/src/elpv_dataset/data/images/cell1871.png,cell1871.png,300,300,L
/content/elpv-dataset/src/elpv_dataset/data/images/cell0896.png,cell0896.png,300,300,L
/content/elpv-dataset/src/elpv_dataset/data/images/cell0213.png,cell0213.png,300,300,L
/content/elpv-dataset/src/elpv_dataset/data/images/cell0752.png,cell0752.png,300,300,L
/content/elpv-dataset/src/elpv_dataset/data/images/cell1798.png,cell1798.png,300,300,L
/content/elpv-dataset/src/elpv_dataset/data/images/cell1438.png,cell1438.png,300,300,L
/content/elpv-dataset/src/elpv_dataset/data/images/cell1026.png,cell1026.png,300,300,L
/content/elpv-dataset/src/elpv_dataset/data/images/cell2235.png,cell2235.png,300,300,L
/content/elpv-dataset/src/elpv_dataset/data/images/cell0106.png,cell0106.png,300,300,L
/content/elpv-dataset/src/elpv_dataset/data/images/cell1083.png,cell1083.png,300,300,L
/content/elpv-dataset/src/elpv_dataset/data/images/cell2145.png,cell2145.png,300,300,L
/content/elpv-dataset/src/elpv_dataset/data/images/cell1471.png,cell1471.png,300,300,L
/content/elpv-dataset/src/elpv_dataset/data/images/cell2084.png,cell2084.png,300,300,L
/content/elpv-dataset/src/elpv_dataset/data/images/cell1629.png,cell1629.png,300,300,L
/content/elpv-dataset/src/elpv_dataset/data/images/cell0629.png,cell0629.png,300,300,L
/content/elpv-dataset/src/elpv_dataset/data/images/cell1467.png,cell1467.png,300,300,L
/content/elpv-dataset/src/elpv_dataset/data/images/cell1124.png,cell1124.png,300,300,L
/content/elpv-dataset/src/elpv_dataset/data/images/cell2379.png,cell2379.png,300,300,L
/content/elpv-dataset/src/elpv_dataset/data/images/cell0347.png,cell0347.png,300,300,L
/content/elpv-dataset/src/elpv_dataset/data/images/cell1509.png,cell1509.png,300,300,L
/content/elpv-dataset/src/elpv_dataset/data/images/cell1198.png,cell1198.png,300,300,L
/content/elpv-dataset/src/elpv_dataset/data/images/cell0335.png,cell0335.png,300,300,L
/content/elpv-dataset/src/elpv_dataset/data/images/cell2534.png,cell2534.png,300,300,L
/content/elpv-dataset/src/elpv_dataset/data/images/cell0070.png,cell0070.png,300,300,L
/content/elpv-dataset/src/elpv_dataset/data/images/cell2324.png,cell2324.png,300,300,L
/content/elpv-dataset/src/elpv_dataset/data/images/cell1997.png,cell1997.png,300,300,L
/content/elpv-dataset/src/elpv_dataset/data/images/cell0028.png,cell0028.png,300,300,L
/content/elpv-dataset/src/elpv_dataset/data/images/cell1663.png,cell1663.png,300,300,L
/content/elpv-dataset/src/elpv_dataset/data/images/cell2284.png,cell2284.png,300,300,L
/content/elpv-dataset/src/elpv_dataset/data/images/cell0970.png,cell0970.png,300,300,L
/content/elpv-dataset/src/elpv_dataset/data/images/cell1699.png,cell1699.png,300,300,L
/content/elpv-dataset/src/elpv_dataset/data/images/cell1878.png,cell1878.png,300,300,L
/content/elpv-dataset/src/elpv_dataset/data/images/cell0091.png,cell0091.png,300,300,L
/content/elpv-dataset/src/elpv_dataset/data/images/cell1829.png,cell1829.png,300,300,L
/content/elpv-dataset/src/elpv_dataset/data/images/cell0834.png,cell0834.png,300,300,L
/content/elpv-dataset/src/elpv_dataset/data/images/cell0497.png,cell0497.png,300,300,L
/content/elpv-dataset/src/elpv_dataset/data/images/cell0251.png,cell0251.png,300,300,L
/content/elpv-dataset/src/elpv_dataset/data/images/cell1209.png,cell1209.png,300,300,L
/content/elpv-dataset/src/elpv_dataset/data/images/cell1326.png,cell1326.png,300,300,L
/content/elpv-dataset/src/elpv_dataset/data/images/cell1402.png,cell1402.png,300,300,L
/content/elpv-dataset/src/elpv_dataset/data/images/cell1703.png,cell1703.png,300,300,L
/content/elpv-dataset/src/elpv_dataset/data/images/cell1643.png,cell1643.png,300,300,L
/content/elpv-dataset/src/elpv_dataset/data/images/cell2293.png,cell2293.png,300,300,L
/content/elpv-dataset/src/elpv_dataset/data/images/cell1656.png,cell1656.png,300,300,L
/content/elpv-dataset/src/elpv_dataset/data/images/cell2529.png,cell2529.png,300,300,L
/content/elpv-dataset/src/elpv_dataset/data/images/cell2354.png,cell2354.png,300,300,L
/content/elpv-dataset/src/elpv_dataset/data/images/cell1537.png,cell1537.png,300,300,L
/content/elpv-dataset/src/elpv_dataset/data/images/cell0021.png,cell0021.png,300,300,L
/content/elpv-dataset/src/elpv_dataset/data/images/cell1434.png,cell1434.png,300,300,L
/content/elpv-dataset/src/elpv_dataset/data/images/cell0352.png,cell0352.png,300,300,L
/content/elpv-dataset/src/elpv_dataset/data/images/cell1078.png,cell1078.png,300,300,L
/content/elpv-dataset/src/elpv_dataset/data/images/cell1894.png,cell1894.png,300,300,L
/content/elpv-dataset/src/elpv_dataset/data/images/cell0304.png,cell0304.png,300,300,L
/content/elpv-dataset/src/elpv_dataset/data/images/cell0502.png,cell0502.png,300,300,L
/content/elpv-dataset/src/elpv_dataset/data/images/cell1307.png,cell1307.png,300,300,L
/content/elpv-dataset/src/elpv_dataset/data/images/cell0583.png,cell0583.png,300,300,L
/content/elpv-dataset/src/elpv_dataset/data/images/cell2493.png,cell2493.png,300,300,L
/content/elpv-dataset/src/elpv_dataset/data/images/cell2325.png,cell2325.png,300,300,L
/content/elpv-dataset/src/elpv_dataset/data/images/cell0284.png,cell0284.png,300,300,L
/content/elpv-dataset/src/elpv_dataset/data/images/cell0325.png,cell0325.png,300,300,L
/content/elpv-dataset/src/elpv_dataset/data/images/cell0673.png,cell0673.png,300,300,L
/content/elpv-dataset/src/elpv_dataset/data/images/cell2343.png,cell2343.png,300,300,L
/content/elpv-dataset/src/elpv_dataset/data/images/cell0592.png,cell0592.png,300,300,L
/content/elpv-dataset/src/elpv_dataset/data/images/cell0675.png,cell0675.png,300,300,L
/content/elpv-dataset/src/elpv_dataset/data/images/cell2211.png,cell2211.png,300,300,L
/content/elpv-dataset/src/elpv_dataset/data/images/cell0411.png,cell0411.png,300,300,L
/content/elpv-dataset/src/elpv_dataset/data/images/cell1158.png,cell1158.png,300,300,L
/content/elpv-dataset/src/elpv_dataset/data/images/cell0299.png,cell0299.png,300,300,L
/content/elpv-dataset/src/elpv_dataset/data/images/cell1482.png,cell1482.png,300,300,L
/content/elpv-dataset/src/elpv_dataset/data/images/cell0135.png,cell0135.png,300,300,L
/content/elpv-dataset/src/elpv_dataset/data/images/cell0810.png,cell0810.png,300,300,L
/content/elpv-dataset/src/elpv_dataset/data/images/cell2377.png,cell2377.png,300,300,L
/content/elpv-dataset/src/elpv_dataset/data/images/cell0043.png,cell0043.png,300,300,L
/content/elpv-dataset/src/elpv_dataset/data/images/cell2526.png,cell2526.png,300,300,L
/content/elpv-dataset/src/elpv_dataset/data/images/cell1440.png,cell1440.png,300,300,L
/content/elpv-dataset/src/elpv_dataset/data/images/cell0823.png,cell0823.png,300,300,L
/content/elpv-dataset/src/elpv_dataset/data/images/cell1334.png,cell1334.png,300,300,L
/content/elpv-dataset/src/elpv_dataset/data/images/cell1782.png,cell1782.png,300,300,L
/content/elpv-dataset/src/elpv_dataset/data/images/cell0266.png,cell0266.png,300,300,L
/content/elpv-dataset/src/elpv_dataset/data/images/cell0713.png,cell0713.png,300,300,L
/content/elpv-dataset/src/elpv_dataset/data/images/cell1057.png,cell1057.png,300,300,L
/content/elpv-dataset/src/elpv_dataset/data/images/cell2053.png,cell2053.png,300,300,L
/content/elpv-dataset/src/elpv_dataset/data/images/cell2378.png,cell2378.png,300,300,L
/content/elpv-dataset/src/elpv_dataset/data/images/cell2088.png,cell2088.png,300,300,L
/content/elpv-dataset/src/elpv_dataset/data/images/cell1201.png,cell1201.png,300,300,L
/content/elpv-dataset/src/elpv_dataset/data/images/cell0141.png,cell0141.png,300,300,L
/content/elpv-dataset/src/elpv_dataset/data/images/cell1628.png,cell1628.png,300,300,L
/content/elpv-dataset/src/elpv_dataset/data/images/cell0401.png,cell0401.png,300,300,L
/content/elpv-dataset/src/elpv_dataset/data/images/cell1372.png,cell1372.png,300,300,L
/content/elpv-dataset/src/elpv_dataset/data/images/cell0933.png,cell0933.png,300,300,L
/content/elpv-dataset/src/elpv_dataset/data/images/cell1594.png,cell1594.png,300,300,L
/content/elpv-dataset/src/elpv_dataset/data/images/cell0203.png,cell0203.png,300,300,L
/content/elpv-dataset/src/elpv_dataset/data/images/cell0057.png,cell0057.png,300,300,L
/content/elpv-dataset/src/elpv_dataset/data/images/cell2558.png,cell2558.png,300,300,L
/content/elpv-dataset/src/elpv_dataset/data/images/cell1911.png,cell1911.png,300,300,L
/content/elpv-dataset/src/elpv_dataset/data/images/cell0863.png,cell0863.png,300,300,L
/content/elpv-dataset/src/elpv_dataset/data/images/cell1241.png,cell1241.png,300,300,L
/content/elpv-dataset/src/elpv_dataset/data/images/cell1132.png,cell1132.png,300,300,L
/content/elpv-dataset/src/elpv_dataset/data/images/cell0700.png,cell0700.png,300,300,L
/content/elpv-dataset/src/elpv_dataset/data/images/cell1377.png,cell1377.png,300,300,L
/content/elpv-dataset/src/elpv_dataset/data/images/cell2090.png,cell2090.png,300,300,L
/content/elpv-dataset/src/elpv_dataset/data/images/cell1820.png,cell1820.png,300,300,L
/content/elpv-dataset/src/elpv_dataset/data/images/cell1924.png,cell1924.png,300,300,L
/content/elpv-dataset/src/elpv_dataset/data/images/cell1418.png,cell1418.png,300,300,L
/content/elpv-dataset/src/elpv_dataset/data/images/cell0096.png,cell0096.png,300,300,L
/content/elpv-dataset/src/elpv_dataset/data/images/cell1902.png,cell1902.png,300,300,L
/content/elpv-dataset/src/elpv_dataset/data/images/cell1766.png,cell1766.png,300,300,L
/content/elpv-dataset/src/elpv_dataset/data/images/cell2246.png,cell2246.png,300,300,L
/content/elpv-dataset/src/elpv_dataset/data/images/cell0723.png,cell0723.png,300,300,L
/content/elpv-dataset/src/elpv_dataset/data/images/cell1598.png,cell1598.png,300,300,L
/content/elpv-dataset/src/elpv_dataset/data/images/cell1735.png,cell1735.png,300,300,L
/content/elpv-dataset/src/elpv_dataset/data/images/cell2549.png,cell2549.png,300,300,L
/content/elpv-dataset/src/elpv_dataset/data/images/cell1493.png,cell1493.png,300,300,L
/content/elpv-dataset/src/elpv_dataset/data/images/cell1960.png,cell1960.png,300,300,L
/content/elpv-dataset/src/elpv_dataset/data/images/cell0507.png,cell0507.png,300,300,L
/content/elpv-dataset/src/elpv_dataset/data/images/cell1177.png,cell1177.png,300,300,L
/content/elpv-dataset/src/elpv_dataset/data/images/cell2021.png,cell2021.png,300,300,L
/content/elpv-dataset/src/elpv_dataset/data/images/cell0017.png,cell0017.png,300,300,L
/content/elpv-dataset/src/elpv_dataset/data/images/cell1955.png,cell1955.png,300,300,L
/content/elpv-dataset/src/elpv_dataset/data/images/cell0937.png,cell0937.png,300,300,L
/content/elpv-dataset/src/elpv_dataset/data/images/cell1426.png,cell1426.png,300,300,L
/content/elpv-dataset/src/elpv_dataset/data/images/cell0603.png,cell0603.png,300,300,L
/content/elpv-dataset/src/elpv_dataset/data/images/cell0755.png,cell0755.png,300,300,L
/content/elpv-dataset/src/elpv_dataset/data/images/cell2587.png,cell2587.png,300,300,L
/content/elpv-dataset/src/elpv_dataset/data/images/cell0935.png,cell0935.png,300,300,L
/content/elpv-dataset/src/elpv_dataset/data/images/cell0110.png,cell0110.png,300,300,L
/content/elpv-dataset/src/elpv_dataset/data/images/cell2360.png,cell2360.png,300,300,L
/content/elpv-dataset/src/elpv_dataset/data/images/cell0684.png,cell0684.png,300,300,L
/content/elpv-dataset/src/elpv_dataset/data/images/cell1368.png,cell1368.png,300,300,L
/content/elpv-dataset/src/elpv_dataset/data/images/cell0351.png,cell0351.png,300,300,L
/content/elpv-dataset/src/elpv_dataset/data/images/cell0667.png,cell0667.png,300,300,L
/content/elpv-dataset/src/elpv_dataset/data/images/cell1547.png,cell1547.png,300,300,L
/content/elpv-dataset/src/elpv_dataset/data/images/cell1734.png,cell1734.png,300,300,L
/content/elpv-dataset/src/elpv_dataset/data/images/cell1240.png,cell1240.png,300,300,L
/content/elpv-dataset/src/elpv_dataset/data/images/cell1981.png,cell1981.png,300,300,L
/content/elpv-dataset/src/elpv_dataset/data/images/cell2122.png,cell2122.png,300,300,L
/content/elpv-dataset/src/elpv_dataset/data/images/cell0143.png,cell0143.png,300,300,L
/content/elpv-dataset/src/elpv_dataset/data/images/cell2173.png,cell2173.png,300,300,L
/content/elpv-dataset/src/elpv_dataset/data/images/cell2065.png,cell2065.png,300,300,L
/content/elpv-dataset/src/elpv_dataset/data/images/cell2359.png,cell2359.png,300,300,L
/content/elpv-dataset/src/elpv_dataset/data/images/cell0489.png,cell0489.png,300,300,L
/content/elpv-dataset/src/elpv_dataset/data/images/cell1263.png,cell1263.png,300,300,L
/content/elpv-dataset/src/elpv_dataset/data/images/cell2024.png,cell2024.png,300,300,L
/content/elpv-dataset/src/elpv_dataset/data/images/cell0802.png,cell0802.png,300,300,L
/content/elpv-dataset/src/elpv_dataset/data/images/cell0221.png,cell0221.png,300,300,L
/content/elpv-dataset/src/elpv_dataset/data/images/cell1332.png,cell1332.png,300,300,L
/content/elpv-dataset/src/elpv_dataset/data/images/cell0690.png,cell0690.png,300,300,L
/content/elpv-dataset/src/elpv_dataset/data/images/cell1649.png,cell1649.png,300,300,L
/content/elpv-dataset/src/elpv_dataset/data/images/cell1524.png,cell1524.png,300,300,L
/content/elpv-dataset/src/elpv_dataset/data/images/cell1637.png,cell1637.png,300,300,L
/content/elpv-dataset/src/elpv_dataset/data/images/cell1480.png,cell1480.png,300,300,L
/content/elpv-dataset/src/elpv_dataset/data/images/cell2252.png,cell2252.png,300,300,L
/content/elpv-dataset/src/elpv_dataset/data/images/cell2429.png,cell2429.png,300,300,L
/content/elpv-dataset/src/elpv_dataset/data/images/cell1843.png,cell1843.png,300,300,L
/content/elpv-dataset/src/elpv_dataset/data/images/cell1305.png,cell1305.png,300,300,L
/content/elpv-dataset/src/elpv_dataset/data/images/cell0556.png,cell0556.png,300,300,L
/content/elpv-dataset/src/elpv_dataset/data/images/cell2510.png,cell2510.png,300,300,L
/content/elpv-dataset/src/elpv_dataset/data/images/cell1560.png,cell1560.png,300,300,L
/content/elpv-dataset/src/elpv_dataset/data/images/cell1449.png,cell1449.png,300,300,L
/content/elpv-dataset/src/elpv_dataset/data/images/cell0953.png,cell0953.png,300,300,L
/content/elpv-dataset/src/elpv_dataset/data/images/cell2352.png,cell2352.png,300,300,L
/content/elpv-dataset/src/elpv_dataset/data/images/cell0981.png,cell0981.png,300,300,L
/content/elpv-dataset/src/elpv_dataset/data/images/cell1761.png,cell1761.png,300,300,L
/content/elpv-dataset/src/elpv_dataset/data/images/cell0468.png,cell0468.png,300,300,L
/content/elpv-dataset/src/elpv_dataset/data/images/cell1608.png,cell1608.png,300,300,L
/content/elpv-dataset/src/elpv_dataset/data/images/cell2182.png,cell2182.png,300,300,L
/content/elpv-dataset/src/elpv_dataset/data/images/cell1339.png,cell1339.png,300,300,L
/content/elpv-dataset/src/elpv_dataset/data/images/cell0292.png,cell0292.png,300,300,L
/content/elpv-dataset/src/elpv_dataset/data/images/cell1468.png,cell1468.png,300,300,L
/content/elpv-dataset/src/elpv_dataset/data/images/cell1284.png,cell1284.png,300,300,L
/content/elpv-dataset/src/elpv_dataset/data/images/cell2473.png,cell2473.png,300,300,L
/content/elpv-dataset/src/elpv_dataset/data/images/cell0368.png,cell0368.png,300,300,L
/content/elpv-dataset/src/elpv_dataset/data/images/cell0205.png,cell0205.png,300,300,L
/content/elpv-dataset/src/elpv_dataset/data/images/cell1630.png,cell1630.png,300,300,L
/content/elpv-dataset/src/elpv_dataset/data/images/cell0695.png,cell0695.png,300,300,L
/content/elpv-dataset/src/elpv_dataset/data/images/cell0757.png,cell0757.png,300,300,L
/content/elpv-dataset/src/elpv_dataset/data/images/cell1497.png,cell1497.png,300,300,L
/content/elpv-dataset/src/elpv_dataset/data/images/cell1319.png,cell1319.png,300,300,L
/content/elpv-dataset/src/elpv_dataset/data/images/cell2620.png,cell2620.png,300,300,L
/content/elpv-dataset/src/elpv_dataset/data/images/cell1336.png,cell1336.png,300,300,L
/content/elpv-dataset/src/elpv_dataset/data/images/cell2590.png,cell2590.png,300,300,L
/content/elpv-dataset/src/elpv_dataset/data/images/cell1606.png,cell1606.png,300,300,L
/content/elpv-dataset/src/elpv_dataset/data/images/cell0065.png,cell0065.png,300,300,L
/content/elpv-dataset/src/elpv_dataset/data/images/cell0760.png,cell0760.png,300,300,L
/content/elpv-dataset/src/elpv_dataset/data/images/cell1067.png,cell1067.png,300,300,L
/content/elpv-dataset/src/elpv_dataset/data/images/cell1184.png,cell1184.png,300,300,L
/content/elpv-dataset/src/elpv_dataset/data/images/cell1998.png,cell1998.png,300,300,L
/content/elpv-dataset/src/elpv_dataset/data/images/cell1579.png,cell1579.png,300,300,L
/content/elpv-dataset/src/elpv_dataset/data/images/cell2193.png,cell2193.png,300,300,L
/content/elpv-dataset/src/elpv_dataset/data/images/cell0851.png,cell0851.png,300,300,L
