filename,filepath,label,cell_type,Split,Exact_Hash,dHash
cell2141.png,/content/elpv-dataset/src/elpv_dataset/data/images/cell2141.png,0,poly,Train,aca306b237219331b46f1dbb58ccfbad,2921924271051912358
cell1551.png,/content/elpv-dataset/src/elpv_dataset/data/images/cell1551.png,0,mono,Train,5de05c7bc0cce4e54cbcc7e251aa4494,14902004960951462606
cell0558.png,/content/elpv-dataset/src/elpv_dataset/data/images/cell0558.png,0,poly,Train,5c5172c17a5cc58f34494cd0280274e9,15173346975658138350
cell1481.png,/content/elpv-dataset/src/elpv_dataset/data/images/cell1481.png,0,mono,Train,6a2d681405ad628ab83e9af7f5448196,9693583160302274182
cell2440.png,/content/elpv-dataset/src/elpv_dataset/data/images/cell2440.png,1,mono,Train,e190a2fcfeedacca735c032f38cef15b,10272309009772875414
cell2441.png,/content/elpv-dataset/src/elpv_dataset/data/images/cell2441.png,0,mono,Train,44c93a8b2816da8d02e26b67d98ddc50,9982943868901567146
cell1018.png,/content/elpv-dataset/src/elpv_dataset/data/images/cell1018.png,0,mono,Train,3489804e844e5b8b1965519743d881d6,10848800479951363742
cell0042.png,/content/elpv-dataset/src/elpv_dataset/data/images/cell0042.png,1,mono,Train,4a229842ec9db60f9488370a3f1ca058,11425243708788743868
cell0001.png,/content/elpv-dataset/src/elpv_dataset/data/images/cell0001.png,1,mono,Train,cdab8d9bfce027928cadae264fd3e4f3,9259548884190265984
cell0877.png,/content/elpv-dataset/src/elpv_dataset/data/images/cell0877.png,1,poly,Train,cfdf5f03e14f6e53d2b610b745e69c5e,14314285192057357964
cell0586.png,/content/elpv-dataset/src/elpv_dataset/data/images/cell0586.png,0,poly,Train,4b3a7f1c0e63c0503875b7871be1e7fa,10773925911016415902
cell1266.png,/content/elpv-dataset/src/elpv_dataset/data/images/cell1266.png,0,mono,Train,6e2f8dab27b63d341ca780c7d78aa9b8,11999434965609518722
cell2597.png,/content/elpv-dataset/src/elpv_dataset/data/images/cell2597.png,0,poly,Train,0be1771003e18dc6757a45bd7bdecd47,10853264634464863902
cell1465.png,/content/elpv-dataset/src/elpv_dataset/data/images/cell1465.png,0,mono,Train,f617b0e227a0029959068209d2a745a7,13744632838699810526
cell2556.png,/content/elpv-dataset/src/elpv_dataset/data/images/cell2556.png,0,poly,Train,70c3c4e1137c86946ef6fc5a93169281,12008538983331319986
cell1536.png,/content/elpv-dataset/src/elpv_dataset/data/images/cell1536.png,0,mono,Train,012f9eb5a08ec9c7e3aeed1635e013c8,9261798372875341192
cell2263.png,/content/elpv-dataset/src/elpv_dataset/data/images/cell2263.png,0,poly,Train,9b4842ccc6593cea93117d58bef47666,2486598385294378502
cell2609.png,/content/elpv-dataset/src/elpv_dataset/data/images/cell2609.png,0,poly,Train,0ddb1ed45782ce9dc1c07fbea4bb9fa1,10848763130512180870
cell0526.png,/content/elpv-dataset/src/elpv_dataset/data/images/cell0526.png,0,mono,Train,79d82f43664f0b415d2c2975f7946f60,9369332231321290370
cell1262.png,/content/elpv-dataset/src/elpv_dataset/data/images/cell1262.png,0,mono,Train,e51abdc4ad9dcdfba54bb498ccdf5627,9404222486163785346
cell1578.png,/content/elpv-dataset/src/elpv_dataset/data/images/cell1578.png,0,mono,Train,8379917c66e1ddb0ac8da79822db58c8,9550030930870438028
cell1176.png,/content/elpv-dataset/src/elpv_dataset/data/images/cell1176.png,0,mono,Train,5c69aeb146594c59626ddfd15877b9eb,10857790086752145038
cell2222.png,/content/elpv-dataset/src/elpv_dataset/data/images/cell2222.png,0,poly,Train,b41afe47dee99c9e84e1a85c04ed127b,9259979789260817934
cell2126.png,/content/elpv-dataset/src/elpv_dataset/data/images/cell2126.png,0,poly,Train,8edb5ce628d745e7480fecd7812432a5,12876251904205839035
cell0100.png,/content/elpv-dataset/src/elpv_dataset/data/images/cell0100.png,0,poly,Train,86cad8ea6070167ea6bc7a5f95367265,10990690359707083398
cell2218.png,/content/elpv-dataset/src/elpv_dataset/data/images/cell2218.png,0,poly,Train,110679470d89f43c01e4dde74e2c2b4f,9260113903814215310
cell0245.png,/content/elpv-dataset/src/elpv_dataset/data/images/cell0245.png,1,poly,Train,248ba4f5333b2775958a5e082907c367,12868937696401067136
cell0839.png,/content/elpv-dataset/src/elpv_dataset/data/images/cell0839.png,0,poly,Train,01d5d9d84c719af2440e354c321dcd3e,12872308805956216486
cell2039.png,/content/elpv-dataset/src/elpv_dataset/data/images/cell2039.png,1,poly,Train,da17e2cff9c0cf8352e998c1084a8151,15480713252666398299
cell2271.png,/content/elpv-dataset/src/elpv_dataset/data/images/cell2271.png,0,poly,Train,13bb8315887cbc855789aa674a3442b5,11429782423801151146
cell0778.png,/content/elpv-dataset/src/elpv_dataset/data/images/cell0778.png,0,poly,Train,70a04c09cb326368683be09e61c14c08,10453049565891638241
cell1929.png,/content/elpv-dataset/src/elpv_dataset/data/images/cell1929.png,0,poly,Train,4a774be3d6efc36ba71aac6a97dd2da7,9782832821500812508
cell0974.png,/content/elpv-dataset/src/elpv_dataset/data/images/cell0974.png,0,mono,Train,cd69b4b99977e167d35aaac6824e8c34,18356566109800271502
cell1154.png,/content/elpv-dataset/src/elpv_dataset/data/images/cell1154.png,0,mono,Train,8cb8680d46ce21ce123450e16fe9b50e,10272322135193980558
cell1422.png,/content/elpv-dataset/src/elpv_dataset/data/images/cell1422.png,1,mono,Train,e3959c908e40381ee717ea66bdcd249e,10851008264536491654
cell0020.png,/content/elpv-dataset/src/elpv_dataset/data/images/cell0020.png,1,mono,Train,da7a73758edbe941528e1597ee6e450d,11152791461530339202
cell0110.png,/content/elpv-dataset/src/elpv_dataset/data/images/cell0110.png,0,poly,Train,5a0b77fd196b6957360e10f576ce292e,16782901594837782672
cell1686.png,/content/elpv-dataset/src/elpv_dataset/data/images/cell1686.png,0,poly,Train,a35b99cf186e119803daa78fbcbd20ec,13454066823646138074
cell0787.png,/content/elpv-dataset/src/elpv_dataset/data/images/cell0787.png,1,poly,Train,7a1196c6cbd8b377831d664584ac986b,16181605640250233492
cell2215.png,/content/elpv-dataset/src/elpv_dataset/data/images/cell2215.png,0,mono,Train,cdf9606bae8c40d12ba075a3ca15f5e3,14019299398485184136
cell2554.png,/content/elpv-dataset/src/elpv_dataset/data/images/cell2554.png,1,poly,Train,20bb0ae434d30ab8526ecf70fd47a08e,11859245300250231942
cell1696.png,/content/elpv-dataset/src/elpv_dataset/data/images/cell1696.png,0,poly,Train,ce630e7fd95271498792ccfba13f20ea,9260668023348560016
cell1975.png,/content/elpv-dataset/src/elpv_dataset/data/images/cell1975.png,0,poly,Train,fa4a62faff225ec762b87c5903bdc305,10873491216476335813
cell0346.png,/content/elpv-dataset/src/elpv_dataset/data/images/cell0346.png,1,poly,Train,4e5c64643a9fc9672773eb486b39ed64,15047814585430715544
cell2186.png,/content/elpv-dataset/src/elpv_dataset/data/images/cell2186.png,0,mono,Train,d0acb752defaa6b0e0dfb14bb82d3ff8,14737632369637754596
cell0849.png,/content/elpv-dataset/src/elpv_dataset/data/images/cell0849.png,0,poly,Train,e1c06e4cf5e56ca373f3ed642486e756,9331617447745197196
cell1940.png,/content/elpv-dataset/src/elpv_dataset/data/images/cell1940.png,0,poly,Train,fc08ca8e32b509c65e6c8e9c50f108a6,11436596330359083858
cell0646.png,/content/elpv-dataset/src/elpv_dataset/data/images/cell0646.png,1,poly,Train,20ad254da15d1947f296d662ccbe80df,16786289036421293284
cell0082.png,/content/elpv-dataset/src/elpv_dataset/data/images/cell0082.png,0,poly,Train,29129883933a7e5830ad97e7f0fac03b,9839387309945578114
cell0827.png,/content/elpv-dataset/src/elpv_dataset/data/images/cell0827.png,0,poly,Train,d93577e582ccd95e143d4ad21faefaf8,9548898416579870868
cell1732.png,/content/elpv-dataset/src/elpv_dataset/data/images/cell1732.png,1,poly,Train,fec8d4b4879f8e8efea5c6b588bdb8be,16666374110842933023
cell1555.png,/content/elpv-dataset/src/elpv_dataset/data/images/cell1555.png,0,mono,Train,d68f82354517489454c268c3e584196e,9550024350913170058
cell0916.png,/content/elpv-dataset/src/elpv_dataset/data/images/cell0916.png,1,mono,Train,c6eebf448439edc88ed89a6649e9ac42,10285868187437149838
cell0375.png,/content/elpv-dataset/src/elpv_dataset/data/images/cell0375.png,1,mono,Train,36d0d5705d98821865e3e184474db4bf,9548388552859881164
cell0483.png,/content/elpv-dataset/src/elpv_dataset/data/images/cell0483.png,0,mono,Train,d918cd881df30f634f7f1b8454513252,9406483082036545218
cell0336.png,/content/elpv-dataset/src/elpv_dataset/data/images/cell0336.png,0,poly,Train,2bebe77e40c3c04c569d58be9d079924,16630578112319902964
cell0120.png,/content/elpv-dataset/src/elpv_dataset/data/images/cell0120.png,0,poly,Train,4336b60bcb46660a270d32a8c3072f4f,12015211258607473300
cell0066.png,/content/elpv-dataset/src/elpv_dataset/data/images/cell0066.png,0,poly,Train,bd9e6dd626c3d351fd20461b547f1c21,16498016559618631398
cell2140.png,/content/elpv-dataset/src/elpv_dataset/data/images/cell2140.png,0,poly,Train,461c81a76a6060602ac55726009a97d8,10486852499586059374
cell2125.png,/content/elpv-dataset/src/elpv_dataset/data/images/cell2125.png,0,poly,Train,aec2cc2ca7d015dd0e439eb0e20e2405,17072764264469397234
cell1313.png,/content/elpv-dataset/src/elpv_dataset/data/images/cell1313.png,0,mono,Train,30f20819c986ba04f4fbad13490a8450,10272304543276371598
cell0769.png,/content/elpv-dataset/src/elpv_dataset/data/images/cell0769.png,0,poly,Train,d561d2a0c0db0c4f7f703a8834c61007,6374942960377712785
cell2206.png,/content/elpv-dataset/src/elpv_dataset/data/images/cell2206.png,0,mono,Train,0a9e3cf1680dd53bb79b46a54ff27b5e,14737623539050253952
cell2425.png,/content/elpv-dataset/src/elpv_dataset/data/images/cell2425.png,0,mono,Train,eda1892cc10b51e82fdea114b240e9b2,9693591990821881474
cell2066.png,/content/elpv-dataset/src/elpv_dataset/data/images/cell2066.png,0,poly,Train,19aca1907ecde994c64e198b0f4771c7,9767347403119297230
cell2450.png,/content/elpv-dataset/src/elpv_dataset/data/images/cell2450.png,0,poly,Train,5f6ce7f3f64071c2d184de623d2cfc44,16353188429056621214
cell1518.png,/content/elpv-dataset/src/elpv_dataset/data/images/cell1518.png,0,mono,Train,d40b9b23784057a92a5070f116161b04,9695834968739186820
cell2325.png,/content/elpv-dataset/src/elpv_dataset/data/images/cell2325.png,0,poly,Train,d67bc3cd7045e873aa5c3ee1ba8a47a8,11426912964697693573
cell2175.png,/content/elpv-dataset/src/elpv_dataset/data/images/cell2175.png,0,mono,Train,14dbdc05c76909994273d24aafc73c7c,14739875373631049422
cell1462.png,/content/elpv-dataset/src/elpv_dataset/data/images/cell1462.png,0,mono,Train,f5941a3e8aa22f566f95af565357560b,9693600786848583302
cell2469.png,/content/elpv-dataset/src/elpv_dataset/data/images/cell2469.png,0,poly,Train,dd78c2ced3d6bc58a547955780a196c7,13170393993972402902
cell1143.png,/content/elpv-dataset/src/elpv_dataset/data/images/cell1143.png,1,mono,Train,183f71e33092ea7c501c37cce2e05212,11135869762966310030
cell1931.png,/content/elpv-dataset/src/elpv_dataset/data/images/cell1931.png,0,poly,Train,5e9a874a691a0465e5687758c977147e,12876893698988350355
cell0826.png,/content/elpv-dataset/src/elpv_dataset/data/images/cell0826.png,0,poly,Train,1553408f1d54dca0ade24e69d71f3e32,15339215108421646042
cell0836.png,/content/elpv-dataset/src/elpv_dataset/data/images/cell0836.png,1,poly,Train,5862d8101db8204e690421021f3776e4,17364167100873842380
cell1318.png,/content/elpv-dataset/src/elpv_dataset/data/images/cell1318.png,0,mono,Train,ab1c132ae857548721e2eeeb5607f8ff,9692450654702438018
cell0230.png,/content/elpv-dataset/src/elpv_dataset/data/images/cell0230.png,0,poly,Train,7949f049a64cfc238205301a8923d383,13156864648848511634
cell1074.png,/content/elpv-dataset/src/elpv_dataset/data/images/cell1074.png,1,mono,Train,79b174f93f17acb844e5f22e750738e5,11456874873230376702
cell1265.png,/content/elpv-dataset/src/elpv_dataset/data/images/cell1265.png,0,mono,Train,6dd97adfd3c39f0a9e08ec4d24b77a79,13753992157622875790
cell1619.png,/content/elpv-dataset/src/elpv_dataset/data/images/cell1619.png,0,poly,Train,369c8bd63a962c6456ba1a1477f255de,11858736690204016796
cell1375.png,/content/elpv-dataset/src/elpv_dataset/data/images/cell1375.png,0,mono,Train,923a476667f058faaa25ddc06590afbc,10276825803809267374
cell0705.png,/content/elpv-dataset/src/elpv_dataset/data/images/cell0705.png,0,poly,Train,47072884dcd0b5fd3c7cdcc6613f64d0,10436721182466828888
cell0513.png,/content/elpv-dataset/src/elpv_dataset/data/images/cell0513.png,1,mono,Train,819572eb55182c56419d9e14d670d1dc,14872969117246066626
cell1101.png,/content/elpv-dataset/src/elpv_dataset/data/images/cell1101.png,1,mono,Train,13bd7b712a085d7cc7fa2627bb91568b,10270052777822428830
cell0746.png,/content/elpv-dataset/src/elpv_dataset/data/images/cell0746.png,0,poly,Train,28df44fe3448c88f1d7e99c8dc3d925b,13161120052318359188
cell2161.png,/content/elpv-dataset/src/elpv_dataset/data/images/cell2161.png,0,mono,Train,9b05cf1ec0d341752f43b7f407bc7450,14757889771868690116
cell1004.png,/content/elpv-dataset/src/elpv_dataset/data/images/cell1004.png,0,mono,Train,d1c634e4c23fdfe1131c1da1230f340d,9693583194814584448
cell0673.png,/content/elpv-dataset/src/elpv_dataset/data/images/cell0673.png,1,poly,Train,2b15d1e043d85dfdfdbe8ac32e7ad44b,17942005214841072531
cell2128.png,/content/elpv-dataset/src/elpv_dataset/data/images/cell2128.png,0,poly,Train,7abea0108cc94767fb7beb97fa54b62d,8841329846399457480
cell2020.png,/content/elpv-dataset/src/elpv_dataset/data/images/cell2020.png,0,poly,Train,e764ffb031389dd250e04cac7b53a924,14747261884929450162
cell1497.png,/content/elpv-dataset/src/elpv_dataset/data/images/cell1497.png,0,mono,Train,9a458d524381ad1432c785a7a6178636,9838261324235574660
cell0433.png,/content/elpv-dataset/src/elpv_dataset/data/images/cell0433.png,1,mono,Train,b13abc7a4c85ecfbd4b7d611fb3342ac,14737614846441198490
cell1491.png,/content/elpv-dataset/src/elpv_dataset/data/images/cell1491.png,0,mono,Train,cfe0d7752c7efbe61b164f78936dcb59,9405348386103920262
cell2619.png,/content/elpv-dataset/src/elpv_dataset/data/images/cell2619.png,0,poly,Train,1b79b357a2002d6e4c957bdc4d799c48,15437823355781815946
cell0809.png,/content/elpv-dataset/src/elpv_dataset/data/images/cell0809.png,0,poly,Train,dfecfe5bec0b25cea647910373b3ba06,2606542727102891654
cell1681.png,/content/elpv-dataset/src/elpv_dataset/data/images/cell1681.png,0,poly,Train,f467df630320639e0313895147351eee,9910602574925694096
cell0757.png,/content/elpv-dataset/src/elpv_dataset/data/images/cell0757.png,1,poly,Train,55f76327d7bbe8cbaaed56b79bf4cdf0,3725498493338399035
cell0422.png,/content/elpv-dataset/src/elpv_dataset/data/images/cell0422.png,1,mono,Train,1732a79a6f96dfb5bda0222b9f0dd557,10293771648343638662
cell2282.png,/content/elpv-dataset/src/elpv_dataset/data/images/cell2282.png,0,poly,Train,79d1b56c9244607a5b032b597b0cea4a,11429166413785898887
cell1711.png,/content/elpv-dataset/src/elpv_dataset/data/images/cell1711.png,0,poly,Train,34fc3acc623a391789e2875499b20b8b,14330082614424024781
cell0624.png,/content/elpv-dataset/src/elpv_dataset/data/images/cell0624.png,0,poly,Train,1f5c62e2f8f4c4cb26aadec7285fb953,15589978371186368465
cell2201.png,/content/elpv-dataset/src/elpv_dataset/data/images/cell2201.png,0,mono,Train,1d4bf300515462c5e227a9448fe483ff,16469257630134470348
cell0080.png,/content/elpv-dataset/src/elpv_dataset/data/images/cell0080.png,0,poly,Train,837f9a9896e90a40bdee60d88b78e84b,11714657064864236234
cell1276.png,/content/elpv-dataset/src/elpv_dataset/data/images/cell1276.png,0,mono,Train,e3677111498df1a60648693003c12d81,9259542123273814146
cell1088.png,/content/elpv-dataset/src/elpv_dataset/data/images/cell1088.png,1,mono,Train,2d19b7cda532c3a124618766a73f92f9,10125955112808908430
cell1010.png,/content/elpv-dataset/src/elpv_dataset/data/images/cell1010.png,0,mono,Train,c5cecdfea172539716861bfd1318cf63,9693591406774226588
cell0940.png,/content/elpv-dataset/src/elpv_dataset/data/images/cell0940.png,0,mono,Train,8bb17305b7c59f6bfe0d44839dbc5d5c,10270052777552940686
cell2361.png,/content/elpv-dataset/src/elpv_dataset/data/images/cell2361.png,0,poly,Train,efe870dda5673a2fc0cceff35b72a177,11975801736668910244
cell1539.png,/content/elpv-dataset/src/elpv_dataset/data/images/cell1539.png,0,mono,Train,c946a82c486452d2ac832280647bed3b,9405915759974320256
cell0505.png,/content/elpv-dataset/src/elpv_dataset/data/images/cell0505.png,1,mono,Train,74cfbc403a9fc69ca5bc242a65db7733,14311030860581605254
cell1605.png,/content/elpv-dataset/src/elpv_dataset/data/images/cell1605.png,0,mono,Train,fea5ec04f4219352de91630170bfbe07,13758143844541460110
cell1521.png,/content/elpv-dataset/src/elpv_dataset/data/images/cell1521.png,0,mono,Train,90542942050eef529b5226282c021194,9551719780663330944
cell0390.png,/content/elpv-dataset/src/elpv_dataset/data/images/cell0390.png,1,mono,Train,1d6491a263c29c3177260de2bb5ad843,11533868192271928714
cell1075.png,/content/elpv-dataset/src/elpv_dataset/data/images/cell1075.png,1,mono,Train,4f0b77f1a2c67532b1f1ff23d81024fe,11429747447471996670
cell0309.png,/content/elpv-dataset/src/elpv_dataset/data/images/cell0309.png,0,poly,Train,024da7ad089b12658c81f6a11fc0ca03,11792295909006934745
cell0046.png,/content/elpv-dataset/src/elpv_dataset/data/images/cell0046.png,1,mono,Train,e597965bd66716a9b63f990d10774d37,13582310081155860108
cell2098.png,/content/elpv-dataset/src/elpv_dataset/data/images/cell2098.png,0,poly,Train,91197cc9eea70fa04b645a3f0ff65dff,10412501011277074624
cell1955.png,/content/elpv-dataset/src/elpv_dataset/data/images/cell1955.png,1,poly,Train,d22640ab1430035c8dc568fa8bd352eb,13236836859203472927
cell1291.png,/content/elpv-dataset/src/elpv_dataset/data/images/cell1291.png,0,mono,Train,9103b33558104e126a2fe649e66236be,10276825734954518158
cell2346.png,/content/elpv-dataset/src/elpv_dataset/data/images/cell2346.png,0,poly,Train,b094d2c5a61cb66e010007289d8ee78e,16333325110709225464
cell0231.png,/content/elpv-dataset/src/elpv_dataset/data/images/cell0231.png,1,poly,Train,8354d0100657b2e30e9354a285787069,15479886472084052726
cell1643.png,/content/elpv-dataset/src/elpv_dataset/data/images/cell1643.png,1,poly,Train,6f844d5d60486c305092af9cdb4b46e9,11292479824409639356
cell0784.png,/content/elpv-dataset/src/elpv_dataset/data/images/cell0784.png,0,poly,Train,e50c22c7905082e778bb5bd714446308,15485333631982681278
cell1410.png,/content/elpv-dataset/src/elpv_dataset/data/images/cell1410.png,0,mono,Train,ce6c812495f13c1353f513e51626057a,10848765364165058206
cell0915.png,/content/elpv-dataset/src/elpv_dataset/data/images/cell0915.png,1,mono,Train,927981a96942479d8cae0f8289dec198,10285868187436621470
cell1172.png,/content/elpv-dataset/src/elpv_dataset/data/images/cell1172.png,1,mono,Train,f024acf6a3c611a98e8817e484320597,12874246024956644534
cell2349.png,/content/elpv-dataset/src/elpv_dataset/data/images/cell2349.png,0,poly,Train,7ff3e382c32f9bb835599061f68e33f1,11334940463089343886
cell0845.png,/content/elpv-dataset/src/elpv_dataset/data/images/cell0845.png,0,poly,Train,318c499e4265b46b88c045cdc5974222,9475732644410988172
cell2344.png,/content/elpv-dataset/src/elpv_dataset/data/images/cell2344.png,0,poly,Train,433b9aa8071b7bb96f09dc17815f2068,16323754962574821370
cell0832.png,/content/elpv-dataset/src/elpv_dataset/data/images/cell0832.png,0,poly,Train,77bc9f0c2b51e3bc2a78ef346670a2bb,15622015811479588526
cell1261.png,/content/elpv-dataset/src/elpv_dataset/data/images/cell1261.png,0,mono,Train,b8e3b72e820fe485e079636c73a021fc,9693583177582679682
cell1253.png,/content/elpv-dataset/src/elpv_dataset/data/images/cell1253.png,0,mono,Train,9838519b4391bed19c1cf6b0cfb3189a,9695852586797010574
cell2603.png,/content/elpv-dataset/src/elpv_dataset/data/images/cell2603.png,0,poly,Train,e49b25747094e28c5cb5b0009b6348b0,17461175448133865110
cell2016.png,/content/elpv-dataset/src/elpv_dataset/data/images/cell2016.png,0,poly,Train,f3c12f54a98f7d6b9d65d69562ea8076,7414249472138332801
cell2203.png,/content/elpv-dataset/src/elpv_dataset/data/images/cell2203.png,0,mono,Train,11104388b0ef9147c0e4037d9d64d5d3,14449393162898808514
cell1529.png,/content/elpv-dataset/src/elpv_dataset/data/images/cell1529.png,0,mono,Train,40c2584e3e4a7b0635d24b8ff8d00692,16054944470130421502
cell2402.png,/content/elpv-dataset/src/elpv_dataset/data/images/cell2402.png,0,mono,Train,0a0652753ffd9e397881ec30936f76a2,10272304543815338632
cell0976.png,/content/elpv-dataset/src/elpv_dataset/data/images/cell0976.png,1,mono,Train,8c86044c12b530c92516a7148ac5c68d,16068560890579828478
cell1564.png,/content/elpv-dataset/src/elpv_dataset/data/images/cell1564.png,0,mono,Train,7703c72cae830b382afa22b8eee9e486,9982369897960867974
cell1546.png,/content/elpv-dataset/src/elpv_dataset/data/images/cell1546.png,0,mono,Train,8496f71e1f06ae980d6687fcf3ef9c38,14893015352876109454
cell0044.png,/content/elpv-dataset/src/elpv_dataset/data/images/cell0044.png,1,mono,Train,29bf2f2bd1b94ba98a882f2e1dcb9cac,9404504219342768782
cell2551.png,/content/elpv-dataset/src/elpv_dataset/data/images/cell2551.png,0,poly,Train,099b87d7c7cd7301082bb3d3740c08ac,9548913801119191172
cell1440.png,/content/elpv-dataset/src/elpv_dataset/data/images/cell1440.png,1,mono,Train,2d8ddcf31c6249d0d93d77cfa334917d,11715716985312419482
cell1423.png,/content/elpv-dataset/src/elpv_dataset/data/images/cell1423.png,1,mono,Train,28f1339fef91832e20cbd4e5391ed109,10846500301357614726
cell1733.png,/content/elpv-dataset/src/elpv_dataset/data/images/cell1733.png,1,poly,Train,5b20003a6a4ff513e2bef44ed85260d4,13156899874800537351
cell0030.png,/content/elpv-dataset/src/elpv_dataset/data/images/cell0030.png,1,mono,Train,2a8c1d415f1f21da8dc6f8ba45eab680,14330654943844672704
cell0439.png,/content/elpv-dataset/src/elpv_dataset/data/images/cell0439.png,1,mono,Train,94480feb0a48e92d623fb772260e3386,9549463574179907510
cell1076.png,/content/elpv-dataset/src/elpv_dataset/data/images/cell1076.png,0,mono,Train,58e5e545081e64a668795e9a77958cbf,10294945894490898174
cell1757.png,/content/elpv-dataset/src/elpv_dataset/data/images/cell1757.png,0,poly,Train,a350e5840bcb6da65a7ce557d9dfa27e,13165882688035278510
cell1828.png,/content/elpv-dataset/src/elpv_dataset/data/images/cell1828.png,0,poly,Train,01a0ba7ee6f87a28096530bce93540ae,16468802465589924502
cell0442.png,/content/elpv-dataset/src/elpv_dataset/data/images/cell0442.png,1,mono,Train,185d3a6138ddfe4243690671f40a16b7,17063156619642576542
cell0514.png,/content/elpv-dataset/src/elpv_dataset/data/images/cell0514.png,1,mono,Train,4e57dd1a789832db3b082fd881531424,9405359477085835075
cell0017.png,/content/elpv-dataset/src/elpv_dataset/data/images/cell0017.png,1,mono,Train,815141aa74932db438e73e622948cbc3,14022672777603354254
cell0473.png,/content/elpv-dataset/src/elpv_dataset/data/images/cell0473.png,1,mono,Train,74214ba222b60332db5c784d6ba20f41,14881752017434746524
cell2127.png,/content/elpv-dataset/src/elpv_dataset/data/images/cell2127.png,0,poly,Train,675fde1bf9ae12df9aea4386fb3efef3,13158624126191918556
cell2132.png,/content/elpv-dataset/src/elpv_dataset/data/images/cell2132.png,0,poly,Train,9ecbab295e8a1faba2e3e310f03f9503,11427546422324093626
cell2477.png,/content/elpv-dataset/src/elpv_dataset/data/images/cell2477.png,0,poly,Train,33fd5f933a1178a639f16fa5bec469b6,5502455941452803184
cell0657.png,/content/elpv-dataset/src/elpv_dataset/data/images/cell0657.png,0,poly,Train,c870ed8b30f0f15123a61b27a8e1773a,15201517511412721330
cell1659.png,/content/elpv-dataset/src/elpv_dataset/data/images/cell1659.png,0,poly,Train,4bac2f24010179ea4c38794145c7448f,11283402290459814834
cell2379.png,/content/elpv-dataset/src/elpv_dataset/data/images/cell2379.png,0,poly,Train,f8f136533d0cc5ada545ddeec04c2b9a,12008434679461448346
cell0960.png,/content/elpv-dataset/src/elpv_dataset/data/images/cell0960.png,0,mono,Train,7c4b1aeb8a156df4a7e3dcbcd1156a8c,10270043912607139470
cell2428.png,/content/elpv-dataset/src/elpv_dataset/data/images/cell2428.png,0,mono,Train,43bbc40c0943ea9b459ddc9032c80926,14015906288353969284
cell0618.png,/content/elpv-dataset/src/elpv_dataset/data/images/cell0618.png,1,poly,Train,eb3fc39782dcc3c3f5b205da5b9d8ace,3169121233965608164
cell0878.png,/content/elpv-dataset/src/elpv_dataset/data/images/cell0878.png,1,poly,Train,12ab934a391f9837075d87fced5448a7,14739946154957878962
cell0409.png,/content/elpv-dataset/src/elpv_dataset/data/images/cell0409.png,1,mono,Train,4a711d4befea2a6cc91837cecd6d8f41,9664617660747777676
cell1389.png,/content/elpv-dataset/src/elpv_dataset/data/images/cell1389.png,1,mono,Train,774a3bc36d6da048448caac7b53a41c1,10848196839208816306
cell0555.png,/content/elpv-dataset/src/elpv_dataset/data/images/cell0555.png,1,poly,Train,fd261b898a86048d675017db0d45165a,17205684466089245932
cell1142.png,/content/elpv-dataset/src/elpv_dataset/data/images/cell1142.png,1,mono,Train,17aeff9898f7062f1bbf7a7fcdbab604,9405926737843489920
cell1250.png,/content/elpv-dataset/src/elpv_dataset/data/images/cell1250.png,0,mono,Train,c77af2ce24cfccb39fad945f4771f51b,10272304543007411854
cell1473.png,/content/elpv-dataset/src/elpv_dataset/data/images/cell1473.png,0,mono,Train,566b3385baa9c70b7d5d167e2b6cbaa6,10848765295176093334
cell2449.png,/content/elpv-dataset/src/elpv_dataset/data/images/cell2449.png,0,poly,Train,eb95a53f2eaaff55e83c2f65a7364de5,11881857900644531070
cell1788.png,/content/elpv-dataset/src/elpv_dataset/data/images/cell1788.png,0,poly,Train,819d0cb71c9a63a313d7394efc64f8d2,9550033112579999760
cell2250.png,/content/elpv-dataset/src/elpv_dataset/data/images/cell2250.png,0,poly,Train,75aad0ef224058523b1fe744a88e3509,11429729647245106863
cell2614.png,/content/elpv-dataset/src/elpv_dataset/data/images/cell2614.png,0,poly,Train,af63f062d7f962452ef3e16d32c08f1a,10272585983623857804
cell2079.png,/content/elpv-dataset/src/elpv_dataset/data/images/cell2079.png,0,poly,Train,37c947af8b79324bb45801d6c921eb32,11068610230841809094
cell2086.png,/content/elpv-dataset/src/elpv_dataset/data/images/cell2086.png,0,poly,Train,5bcc85b09e3aaf0063ea829965fed951,13445108335725099514
cell1469.png,/content/elpv-dataset/src/elpv_dataset/data/images/cell1469.png,0,mono,Train,780b9c9a4fcd12ec245df3b80af41629,10862328939477376662
cell0459.png,/content/elpv-dataset/src/elpv_dataset/data/images/cell0459.png,1,mono,Train,a1ef8f294c3153ff712f8b0ccfd732fa,9673519512787714444
cell0913.png,/content/elpv-dataset/src/elpv_dataset/data/images/cell0913.png,0,mono,Train,43b5c1919d8b1789c869da6630ac45d6,10276808211487956622
cell0437.png,/content/elpv-dataset/src/elpv_dataset/data/images/cell0437.png,1,mono,Train,a32206f0b4dc6ef3ed2e1b646ab77697,10125946316715886214
cell2046.png,/content/elpv-dataset/src/elpv_dataset/data/images/cell2046.png,0,poly,Train,6bc3c7db0460166b9a809bd6d9f89b13,11423352720388176092
cell0686.png,/content/elpv-dataset/src/elpv_dataset/data/images/cell0686.png,1,poly,Train,0e772f53b6fea72cade989bfd8eb6943,18010346373341819558
cell0323.png,/content/elpv-dataset/src/elpv_dataset/data/images/cell0323.png,1,poly,Train,03cd4eb7bdf20750a64fa9e2beb86ca0,15047814587238198424
cell0687.png,/content/elpv-dataset/src/elpv_dataset/data/images/cell0687.png,1,poly,Train,e996c4a3bf2e2c6d6042a81ad2903a55,15894521049832372940
cell0276.png,/content/elpv-dataset/src/elpv_dataset/data/images/cell0276.png,0,poly,Train,dd79c33ccfa07df777087cc4175c8648,5624585313844777146
cell1357.png,/content/elpv-dataset/src/elpv_dataset/data/images/cell1357.png,0,mono,Train,e165b7da9fc33b91ccb07cb03062626c,9405352784150304386
cell1971.png,/content/elpv-dataset/src/elpv_dataset/data/images/cell1971.png,0,poly,Train,14869dc52cd7fcab7df4933f63a0f348,16179333980339341464
cell0427.png,/content/elpv-dataset/src/elpv_dataset/data/images/cell0427.png,1,mono,Train,87bfb5b302e1876f35c52406fd29a2c7,9837707488371867272
cell2374.png,/content/elpv-dataset/src/elpv_dataset/data/images/cell2374.png,0,poly,Train,5fc9f71cc60dec387f23a959fee68587,10453790053621999246
cell0481.png,/content/elpv-dataset/src/elpv_dataset/data/images/cell0481.png,1,mono,Train,64e08c0d41a9668ba0019cce5d5c608c,10095012905587048576
cell0167.png,/content/elpv-dataset/src/elpv_dataset/data/images/cell0167.png,1,poly,Train,bce137d7311cb861693c43fb5cecc6b1,9423446761431024840
cell2167.png,/content/elpv-dataset/src/elpv_dataset/data/images/cell2167.png,0,mono,Train,7cb5e194de2ffff0a3a4c4b5eddca366,14161153990653806208
cell0297.png,/content/elpv-dataset/src/elpv_dataset/data/images/cell0297.png,1,poly,Train,3115b45fc9b63a848154851755a85600,17777427486156429468
cell0598.png,/content/elpv-dataset/src/elpv_dataset/data/images/cell0598.png,0,poly,Train,0763302cafc08907df64f5191dcc81fb,11871203221046735505
cell1215.png,/content/elpv-dataset/src/elpv_dataset/data/images/cell1215.png,0,mono,Train,b6aa7a433ba61cafd5a5d682302b16c5,9695843790702939782
cell0432.png,/content/elpv-dataset/src/elpv_dataset/data/images/cell0432.png,1,mono,Train,8a3f8a6fec347e90dd3fb7f9d30fccf3,16917372544678791046
cell1822.png,/content/elpv-dataset/src/elpv_dataset/data/images/cell1822.png,0,poly,Train,55b4747c21429601077c0852b316e7c9,9910374006598306510
cell2462.png,/content/elpv-dataset/src/elpv_dataset/data/images/cell2462.png,0,poly,Train,02489c7cf0a3b4f05d864f66316cc11c,3644140596074676419
cell2210.png,/content/elpv-dataset/src/elpv_dataset/data/images/cell2210.png,0,mono,Train,82a4e984a2e9996005e738161bbd4c06,15028105749510131420
cell1340.png,/content/elpv-dataset/src/elpv_dataset/data/images/cell1340.png,0,mono,Train,2d49c63dc913dbafe69b44695fe81fa8,9405352784150561410
cell0557.png,/content/elpv-dataset/src/elpv_dataset/data/images/cell0557.png,1,poly,Train,3f9b883178f66397a87157739e2974f9,12876823405339253466
cell1040.png,/content/elpv-dataset/src/elpv_dataset/data/images/cell1040.png,0,mono,Train,bababe27376cd0584020d7319fbabd5c,14757907432777109134
cell0964.png,/content/elpv-dataset/src/elpv_dataset/data/images/cell0964.png,0,mono,Train,62698f84b9bb0647cee9d16470487b63,9984074166855173256
cell1776.png,/content/elpv-dataset/src/elpv_dataset/data/images/cell1776.png,0,poly,Train,82649ac61278bb7ae5637d5ad594771b,9658535102125474948
cell1796.png,/content/elpv-dataset/src/elpv_dataset/data/images/cell1796.png,0,poly,Train,81f208bd116f335c6129b767903ab13f,11433712113190455500
cell0593.png,/content/elpv-dataset/src/elpv_dataset/data/images/cell0593.png,1,poly,Train,975c4669403876dc26f425e5f29977c0,17203395361267187422
cell2010.png,/content/elpv-dataset/src/elpv_dataset/data/images/cell2010.png,1,poly,Train,a26b7f65703db1dabb3e11b150ef84a6,9405458354769809978
cell0118.png,/content/elpv-dataset/src/elpv_dataset/data/images/cell0118.png,0,poly,Train,2d4e1ee37796c16ed0fc972b74644860,10857787931316365996
cell0163.png,/content/elpv-dataset/src/elpv_dataset/data/images/cell0163.png,0,poly,Train,7c6e3cca6c523cfbcf84cc048c414c18,10274600693325530774
cell2465.png,/content/elpv-dataset/src/elpv_dataset/data/images/cell2465.png,0,poly,Train,8ccd2952c4633a6bc8612c881db33617,13161395577992904398
cell1152.png,/content/elpv-dataset/src/elpv_dataset/data/images/cell1152.png,0,mono,Train,482d874c0e2e92c2ca055915e39722d5,10848211132826421388
cell1661.png,/content/elpv-dataset/src/elpv_dataset/data/images/cell1661.png,0,poly,Train,2818402d0bab484267ddf52113c99b1d,10990136102295340700
cell2384.png,/content/elpv-dataset/src/elpv_dataset/data/images/cell2384.png,0,poly,Train,5d2a5e626abcf9ab24960e4f38480377,10100629106076107122
cell2510.png,/content/elpv-dataset/src/elpv_dataset/data/images/cell2510.png,0,poly,Train,0516dbc5c23b4a6f47e75a6923e76f65,10724386402693190808
cell0819.png,/content/elpv-dataset/src/elpv_dataset/data/images/cell0819.png,0,poly,Train,ed347f2103313679b46cfd38f3d24f43,10272375187436119590
cell0655.png,/content/elpv-dataset/src/elpv_dataset/data/images/cell0655.png,0,poly,Train,3a67d65af3852f38f7148fa7c5e173ac,12302341846913431219
cell1232.png,/content/elpv-dataset/src/elpv_dataset/data/images/cell1232.png,0,mono,Train,707a0eec4adb5fec08ebc4e291ac71ac,11425243639799778966
cell1062.png,/content/elpv-dataset/src/elpv_dataset/data/images/cell1062.png,0,mono,Train,17fd14324a768858462b22660b1437da,9259542123273814144
cell2309.png,/content/elpv-dataset/src/elpv_dataset/data/images/cell2309.png,0,poly,Train,4b14d7b203557ebe00e86e9667ab20f9,16353397993558606539
cell1039.png,/content/elpv-dataset/src/elpv_dataset/data/images/cell1039.png,0,mono,Train,1546eaaa89ae648f07f37a5bb3dc5b32,14163414586712035214
cell0099.png,/content/elpv-dataset/src/elpv_dataset/data/images/cell0099.png,0,poly,Train,605c8bd38f230fd213a742ba1eaf9b7e,10995193993820548758
cell0954.png,/content/elpv-dataset/src/elpv_dataset/data/images/cell0954.png,0,mono,Train,78d1f1ebfde72d80f47b8c0762995a7d,12578156382808612494
cell0538.png,/content/elpv-dataset/src/elpv_dataset/data/images/cell0538.png,0,mono,Train,77f6b9cff37cce134ef6068ab0ae054f,9261237596074708614
cell2456.png,/content/elpv-dataset/src/elpv_dataset/data/images/cell2456.png,1,poly,Train,d5a3ab8544a4df385f34b4dd951a0b77,4222853148191785185
cell0935.png,/content/elpv-dataset/src/elpv_dataset/data/images/cell0935.png,0,mono,Train,915f4e899f095de12cee7d15ae997779,10272322204718767758
cell0606.png,/content/elpv-dataset/src/elpv_dataset/data/images/cell0606.png,1,poly,Train,c36a9bd5439f83094d17d1172e789881,3027123464624632577
cell0665.png,/content/elpv-dataset/src/elpv_dataset/data/images/cell0665.png,0,poly,Train,231e6910c4ed88322e511c5c1cbf7ef8,8708372071314021080
cell0402.png,/content/elpv-dataset/src/elpv_dataset/data/images/cell0402.png,1,mono,Train,be77eb2f90e59c6dd2ea7fc12771a766,17007490699535092892
cell1057.png,/content/elpv-dataset/src/elpv_dataset/data/images/cell1057.png,0,mono,Train,8d622c33755aff2f23f8ad463424c1b8,10272304543006887582
cell2213.png,/content/elpv-dataset/src/elpv_dataset/data/images/cell2213.png,0,mono,Train,c78fb9d6e8c64869b8234ce965b98985,9695843790703461062
cell1945.png,/content/elpv-dataset/src/elpv_dataset/data/images/cell1945.png,0,poly,Train,3e6b89192df32c816271439c0444aaa6,12004499351162244758
cell1794.png,/content/elpv-dataset/src/elpv_dataset/data/images/cell1794.png,0,poly,Train,363d184eac1018b5cb392947b9e5b8b6,10055001713285847188
cell0053.png,/content/elpv-dataset/src/elpv_dataset/data/images/cell0053.png,1,mono,Train,b4cce2cb6f222987f247e0cc4dffbd41,11402567277898276542
cell1236.png,/content/elpv-dataset/src/elpv_dataset/data/images/cell1236.png,0,mono,Train,30e6bcf2c37552865ab346ab8e09d087,10272295746914389638
cell0492.png,/content/elpv-dataset/src/elpv_dataset/data/images/cell0492.png,1,mono,Train,e25bcb5d0be1e4c5db8e394229da8bf4,14739866533949513614
cell0499.png,/content/elpv-dataset/src/elpv_dataset/data/images/cell0499.png,1,mono,Train,bff0bcdedcb366184541e6944f0e3df7,10845451341896521702
cell1014.png,/content/elpv-dataset/src/elpv_dataset/data/images/cell1014.png,0,mono,Train,bd2e8d8984dd5eda4cad2c0d0e17a010,15460451313737703054
cell0018.png,/content/elpv-dataset/src/elpv_dataset/data/images/cell0018.png,1,mono,Train,010fa326908c39709f0d2658428cae1e,14306964651966631054
cell1886.png,/content/elpv-dataset/src/elpv_dataset/data/images/cell1886.png,0,poly,Train,cf80b83fe32805602019db80e921f690,9701493193956436114
cell2476.png,/content/elpv-dataset/src/elpv_dataset/data/images/cell2476.png,0,poly,Train,205c46423c76f9146ecdb3361f276ff9,16424529651802082978
cell1684.png,/content/elpv-dataset/src/elpv_dataset/data/images/cell1684.png,0,poly,Train,4d8f50a807039ab0de3ffdabae041f30,9334142926428865680
cell1901.png,/content/elpv-dataset/src/elpv_dataset/data/images/cell1901.png,1,poly,Train,63eff32a9e9ab1d6e6e65dd2f209e805,14318832600229527231
cell0639.png,/content/elpv-dataset/src/elpv_dataset/data/images/cell0639.png,1,poly,Train,f1f0cec95281bbed0526d202bc7a8e89,14047504493282381458
cell0462.png,/content/elpv-dataset/src/elpv_dataset/data/images/cell0462.png,1,mono,Train,c0578e4911198fa70eae214e23ce30e3,11391552370208018334
cell1628.png,/content/elpv-dataset/src/elpv_dataset/data/images/cell1628.png,1,poly,Train,18dab8e711ff70d69aad31dcbbcd7ea8,2730930414362706136
cell1810.png,/content/elpv-dataset/src/elpv_dataset/data/images/cell1810.png,0,poly,Train,fe4fce12d4684065bec5b9d33efaa398,3282165462013807448
cell0661.png,/content/elpv-dataset/src/elpv_dataset/data/images/cell0661.png,1,poly,Train,a259093e5f3e560326c074c29b140be9,14757438336613405350
cell2599.png,/content/elpv-dataset/src/elpv_dataset/data/images/cell2599.png,1,poly,Train,7a19b9afd9a344f2744ef2e5c7d56694,2242454559947263654
cell0507.png,/content/elpv-dataset/src/elpv_dataset/data/images/cell0507.png,1,mono,Train,2d99532154274cd95e910d58ef382066,9405423256161669010
cell0842.png,/content/elpv-dataset/src/elpv_dataset/data/images/cell0842.png,1,poly,Train,e9caa4d6e403ca24fcaa466d48fe2354,9842771486338223236
cell0471.png,/content/elpv-dataset/src/elpv_dataset/data/images/cell0471.png,1,mono,Train,eafae5f35c79ff7e0b72923ec60d35f2,10272326782212934860
cell1059.png,/content/elpv-dataset/src/elpv_dataset/data/images/cell1059.png,1,mono,Train,874f66499370ee9cb08806e65c3aaa0c,10272303443495263932
cell2448.png,/content/elpv-dataset/src/elpv_dataset/data/images/cell2448.png,0,poly,Train,6409fc6bc158c3f2dc56ac7aa13bb582,11958401502123761534
cell1244.png,/content/elpv-dataset/src/elpv_dataset/data/images/cell1244.png,0,mono,Train,d21fcc8288a68dae111e43850742bf1c,9695272044555832454
cell2305.png,/content/elpv-dataset/src/elpv_dataset/data/images/cell2305.png,0,poly,Train,8431d0072e6b842ce5c65e85ca54e0e6,10125645119644141447
cell0959.png,/content/elpv-dataset/src/elpv_dataset/data/images/cell0959.png,0,mono,Train,3f9e7bbda61461b0a822940b1d1f550b,10270061573915319950
cell2097.png,/content/elpv-dataset/src/elpv_dataset/data/images/cell2097.png,0,poly,Train,080dc913f690a6327fdc5a86735fc820,10417589705843462856
cell0984.png,/content/elpv-dataset/src/elpv_dataset/data/images/cell0984.png,0,mono,Train,d6846b3775690bd265a04107bcaca117,10272295712419382918
cell2329.png,/content/elpv-dataset/src/elpv_dataset/data/images/cell2329.png,1,poly,Train,f26f774cfe617cfc2045d4a1adefe85d,11429166965152587414
cell1789.png,/content/elpv-dataset/src/elpv_dataset/data/images/cell1789.png,0,poly,Train,7a7590c15a897e77e865c0ed8f591692,886660529547774602
cell2000.png,/content/elpv-dataset/src/elpv_dataset/data/images/cell2000.png,0,poly,Train,46ec055554c8889bddd5d14798296991,18226897430687452003
cell2154.png,/content/elpv-dataset/src/elpv_dataset/data/images/cell2154.png,0,mono,Train,0ebba42a6d3c4686ea0ab99378126b82,13874049514408939140
cell1358.png,/content/elpv-dataset/src/elpv_dataset/data/images/cell1358.png,0,mono,Train,5a69a0fc2684b970dc31636416718427,9693600752490153606
cell0568.png,/content/elpv-dataset/src/elpv_dataset/data/images/cell0568.png,0,poly,Train,09a75981d048f6427b4f285b3729fd23,17790039789325311180
cell1734.png,/content/elpv-dataset/src/elpv_dataset/data/images/cell1734.png,0,poly,Train,0f17b881bf051d7b3a35ad7258ce9d86,13454071221692649182
cell0084.png,/content/elpv-dataset/src/elpv_dataset/data/images/cell0084.png,0,poly,Train,0d1453d31bc95c048dcdae203544f79c,13310048728788403844
cell0828.png,/content/elpv-dataset/src/elpv_dataset/data/images/cell0828.png,0,poly,Train,ad2105e6572404f3400f8dbfc34b4692,10416989235291259524
cell1612.png,/content/elpv-dataset/src/elpv_dataset/data/images/cell1612.png,0,mono,Train,bce94144691952ab4bea3c9fd08b97cc,10271178643100052110
cell2018.png,/content/elpv-dataset/src/elpv_dataset/data/images/cell2018.png,1,poly,Train,9dd0ffbddaf551312cc06fb5275f0c51,14367533599150755478
cell2405.png,/content/elpv-dataset/src/elpv_dataset/data/images/cell2405.png,0,mono,Train,407af24db267ea7c3dffcdf7bd46915b,11429729681600847564
cell1693.png,/content/elpv-dataset/src/elpv_dataset/data/images/cell1693.png,0,poly,Train,638f5a7076cb5fdcc4abafe4ff6d3c29,4230694786791362270
cell0808.png,/content/elpv-dataset/src/elpv_dataset/data/images/cell0808.png,0,poly,Train,6a0c2296aabbfa94f2e68482c39a0baf,9408779322716950732
cell0885.png,/content/elpv-dataset/src/elpv_dataset/data/images/cell0885.png,1,poly,Train,e98241c30ecbc9f6f1776e8362830949,13591578613536046798
cell2008.png,/content/elpv-dataset/src/elpv_dataset/data/images/cell2008.png,0,poly,Train,7aa35b110fb9cf01389f7a0da22b05d3,17784379339249600196
cell1054.png,/content/elpv-dataset/src/elpv_dataset/data/images/cell1054.png,1,mono,Train,018db7de4ba908f34602fe68188da5d7,14897519296369303198
cell0010.png,/content/elpv-dataset/src/elpv_dataset/data/images/cell0010.png,1,mono,Train,c23733f4839415e89c6af6b66778d294,9693022589929948866
cell0908.png,/content/elpv-dataset/src/elpv_dataset/data/images/cell0908.png,0,mono,Train,d69a1e844f4c812a9704ddf1596a7cb4,9404229083267368590
cell1836.png,/content/elpv-dataset/src/elpv_dataset/data/images/cell1836.png,1,poly,Train,99b63591d81b8fee0d9f64bff7a7664c,0
cell0755.png,/content/elpv-dataset/src/elpv_dataset/data/images/cell0755.png,0,poly,Train,0a9bb5a953ef6bd89eeced6387866775,3619401170683048762
cell1710.png,/content/elpv-dataset/src/elpv_dataset/data/images/cell1710.png,0,poly,Train,04246624b86f2fdb48f4c035d854c7a8,14615017221647158958
cell1157.png,/content/elpv-dataset/src/elpv_dataset/data/images/cell1157.png,0,mono,Train,a208ae03a3ba3e8201654502515de849,10272322135192931982
cell0403.png,/content/elpv-dataset/src/elpv_dataset/data/images/cell0403.png,1,mono,Train,e1e92ec2bded7c4b18bfcc28cb46881e,10254890469121466014
cell0125.png,/content/elpv-dataset/src/elpv_dataset/data/images/cell0125.png,1,poly,Train,1aee3b26604c20c0876af29019ad8edf,10705797997342140038
cell1216.png,/content/elpv-dataset/src/elpv_dataset/data/images/cell1216.png,0,mono,Train,0039c6e5af6c23bcb0526a1a1d0803a4,10848756499216764550
cell1736.png,/content/elpv-dataset/src/elpv_dataset/data/images/cell1736.png,0,poly,Train,2b1ed0adfc98171397baf896792285d2,10850445063419862915
cell2553.png,/content/elpv-dataset/src/elpv_dataset/data/images/cell2553.png,0,poly,Train,76f9c43c47731c5e6234c7fc2282a08a,11136426072867373194
cell1252.png,/content/elpv-dataset/src/elpv_dataset/data/images/cell1252.png,0,mono,Train,ddaf68849da1254a1e26b684d4246858,9695843790703988366
cell1344.png,/content/elpv-dataset/src/elpv_dataset/data/images/cell1344.png,0,mono,Train,c3581695997d05edda4811d8185076b8,9404785418869834370
cell0867.png,/content/elpv-dataset/src/elpv_dataset/data/images/cell0867.png,1,poly,Train,c9d78fdba24851b6c1163def26f4ca22,16335361570627316978
cell1936.png,/content/elpv-dataset/src/elpv_dataset/data/images/cell1936.png,0,poly,Train,fba189241f8979cb12d38760d10f7a21,10281346926971885206
cell1739.png,/content/elpv-dataset/src/elpv_dataset/data/images/cell1739.png,0,poly,Train,069bba73b89ccc7594449807a88be3e5,10276818023122307230
cell2446.png,/content/elpv-dataset/src/elpv_dataset/data/images/cell2446.png,1,poly,Train,cff2e45e2fcd8d22aac859dafa19d900,3237743773523289734
cell0756.png,/content/elpv-dataset/src/elpv_dataset/data/images/cell0756.png,0,poly,Train,eae64fa117ea35d489a598ed48eeaba0,1347335650387571632
cell1961.png,/content/elpv-dataset/src/elpv_dataset/data/images/cell1961.png,1,poly,Train,e97a8f11ac537e185a74f24e19a32164,9372719276884954891
cell0749.png,/content/elpv-dataset/src/elpv_dataset/data/images/cell0749.png,0,poly,Train,4b237758f78651b8e1f4f409f486e0a4,10707497816546904098
cell1202.png,/content/elpv-dataset/src/elpv_dataset/data/images/cell1202.png,0,mono,Train,265291e497fad50c3d9e5fdd2ebac014,9407604618458205830
cell0821.png,/content/elpv-dataset/src/elpv_dataset/data/images/cell0821.png,1,poly,Train,95b9bd38044267cea87b1a90df65116f,13600480060798055102
cell2470.png,/content/elpv-dataset/src/elpv_dataset/data/images/cell2470.png,0,poly,Train,1ae7cce066d8a43d576f2b616aed672d,12442485031143509654
cell2480.png,/content/elpv-dataset/src/elpv_dataset/data/images/cell2480.png,0,poly,Train,332bac697b4fcc1e817ff9532a51fdca,12803879462557230722
cell0384.png,/content/elpv-dataset/src/elpv_dataset/data/images/cell0384.png,1,mono,Train,581659d558134eda8b7b9be73542a031,13872079224335401600
cell0151.png,/content/elpv-dataset/src/elpv_dataset/data/images/cell0151.png,0,poly,Train,fd8c754329276bcf3a2067b11c5f3540,13537502446002562702
cell1111.png,/content/elpv-dataset/src/elpv_dataset/data/images/cell1111.png,0,mono,Train,191409590be57c0a5d9db2dfcd75f4b3,11429817815142416062
cell1566.png,/content/elpv-dataset/src/elpv_dataset/data/images/cell1566.png,0,mono,Train,5b5f8681f942580b017ff5869a21ef8c,14307529809131908750
cell2194.png,/content/elpv-dataset/src/elpv_dataset/data/images/cell2194.png,0,mono,Train,d6c8c8f44ca4d34896186326f2138620,9263489430382872192
cell1621.png,/content/elpv-dataset/src/elpv_dataset/data/images/cell1621.png,1,poly,Train,e576e69f90a64b377c19d938ed6afd53,3723219628309390950
cell0528.png,/content/elpv-dataset/src/elpv_dataset/data/images/cell0528.png,1,mono,Train,bde6f6b6903e0e297ffee539327ccda0,9377200888433772172
cell0277.png,/content/elpv-dataset/src/elpv_dataset/data/images/cell0277.png,1,poly,Train,437891586999b2f0b372cc32096831e4,9146393685850387198
cell0644.png,/content/elpv-dataset/src/elpv_dataset/data/images/cell0644.png,1,poly,Train,f61ddde367036b16252e37c4b133e155,10714244438354226344
cell1669.png,/content/elpv-dataset/src/elpv_dataset/data/images/cell1669.png,1,poly,Train,063a9eaab530d057bcad036f0e22585f,10848765260784215142
cell1231.png,/content/elpv-dataset/src/elpv_dataset/data/images/cell1231.png,0,mono,Train,f9a08c85d74060adf0f404013d63e58c,11425243639800303254
cell1506.png,/content/elpv-dataset/src/elpv_dataset/data/images/cell1506.png,0,mono,Train,9a091266254a398733012b6d34718179,14893015352875059854
cell2104.png,/content/elpv-dataset/src/elpv_dataset/data/images/cell2104.png,0,poly,Train,3892e8d2bd4c37e0d438e56fce8f5e15,9695267629597629058
cell1633.png,/content/elpv-dataset/src/elpv_dataset/data/images/cell1633.png,1,poly,Train,6011503d3e92089844734d1980a93a98,14865976796872542408
cell1981.png,/content/elpv-dataset/src/elpv_dataset/data/images/cell1981.png,0,poly,Train,d00ae2eb3b0f97b0dac2fce51a2f2fcf,4295462688379022960
cell1524.png,/content/elpv-dataset/src/elpv_dataset/data/images/cell1524.png,0,mono,Train,fb2ade83bc3f0480845dfe4f3fc68280,10704076136293632128
cell2345.png,/content/elpv-dataset/src/elpv_dataset/data/images/cell2345.png,0,poly,Train,b0a23378b60a1db867e57c007954fe25,16323829729365493738
cell0776.png,/content/elpv-dataset/src/elpv_dataset/data/images/cell0776.png,0,poly,Train,def4d44befb09208b9d238b526b74057,9480968462394694282
cell2133.png,/content/elpv-dataset/src/elpv_dataset/data/images/cell2133.png,0,poly,Train,c3de69a674d682643437abbaf1622893,11427546420174445258
cell2081.png,/content/elpv-dataset/src/elpv_dataset/data/images/cell2081.png,1,poly,Train,1f74ea7dffedf72e9ca486ea4b4745ce,12004000309790029364
cell0906.png,/content/elpv-dataset/src/elpv_dataset/data/images/cell0906.png,0,mono,Train,2b86f3f77cb03719db10f8719298f7ab,9693591956395688586
cell1579.png,/content/elpv-dataset/src/elpv_dataset/data/images/cell1579.png,0,mono,Train,8b69597a41697b339c3310620948af0f,10559400214467348618
cell1627.png,/content/elpv-dataset/src/elpv_dataset/data/images/cell1627.png,1,poly,Train,59f4099b6021d818fb642c2385579eb6,15404077498574279635
cell1878.png,/content/elpv-dataset/src/elpv_dataset/data/images/cell1878.png,0,poly,Train,8db705826e908b5ec15afe630bade0ae,11429782454868299426
cell0123.png,/content/elpv-dataset/src/elpv_dataset/data/images/cell0123.png,0,poly,Train,6acfb80a0e75e0a51450a57ecbf4a75d,2349076015557413262
cell1704.png,/content/elpv-dataset/src/elpv_dataset/data/images/cell1704.png,0,poly,Train,cf1c79b7a84ea889173213534bf07fcb,14894145651029543582
cell1991.png,/content/elpv-dataset/src/elpv_dataset/data/images/cell1991.png,1,poly,Train,f5846c47d0bec986b9587c2a5eaf09d9,9260672481491454603
cell0418.png,/content/elpv-dataset/src/elpv_dataset/data/images/cell0418.png,1,mono,Train,62dcd2badc01fdc1210bdf355e63b191,10124833722617464450
cell0248.png,/content/elpv-dataset/src/elpv_dataset/data/images/cell0248.png,1,poly,Train,a3e9e4ac84cfe8206c29da2a20c7d575,17485124630713961160
cell2059.png,/content/elpv-dataset/src/elpv_dataset/data/images/cell2059.png,0,poly,Train,e0e8b2a15724693275298ce7e2037ec5,14147665355150775898
cell2443.png,/content/elpv-dataset/src/elpv_dataset/data/images/cell2443.png,0,mono,Train,5ee71d1b8cca64b80578ae644427bbae,10272304508512931470
cell0805.png,/content/elpv-dataset/src/elpv_dataset/data/images/cell0805.png,0,poly,Train,06977f2321587a0e4650a19ae88fe6fb,14162849428893371524
cell1795.png,/content/elpv-dataset/src/elpv_dataset/data/images/cell1795.png,0,poly,Train,e492d96b927acc57847fe1cbab0e2653,13760316376124137118
cell1580.png,/content/elpv-dataset/src/elpv_dataset/data/images/cell1580.png,0,mono,Train,2705d240a6d4e7f8ae7f6bcce890f3cd,10847067623553140874
cell1862.png,/content/elpv-dataset/src/elpv_dataset/data/images/cell1862.png,0,poly,Train,01c353aa528f9c4bfad34cd7e53cd697,11213572584641365670
cell2454.png,/content/elpv-dataset/src/elpv_dataset/data/images/cell2454.png,0,poly,Train,09a1097c8093ef0740844db40a205ed5,15767553742001370678
cell0102.png,/content/elpv-dataset/src/elpv_dataset/data/images/cell0102.png,0,poly,Train,043853abb9e10a4406c12b61f1c30134,14477615488263295120
cell1626.png,/content/elpv-dataset/src/elpv_dataset/data/images/cell1626.png,1,poly,Train,abee213ffa772b568a24eabc1398e05a,4518435995096259820
cell0517.png,/content/elpv-dataset/src/elpv_dataset/data/images/cell0517.png,1,mono,Train,79c1f3daa543f36508aff4f83d507255,12546789587856820214
cell0024.png,/content/elpv-dataset/src/elpv_dataset/data/images/cell0024.png,1,mono,Train,150c2b10191ef591df8cd942be239bb7,9255029442978148992
cell1662.png,/content/elpv-dataset/src/elpv_dataset/data/images/cell1662.png,0,poly,Train,bbb4321a1c13ca43ee2c66e7f0f6e3fd,2712449575697966706
cell0208.png,/content/elpv-dataset/src/elpv_dataset/data/images/cell0208.png,1,poly,Train,c8005229f3199719deb47d0e5203bdc8,14883990553080268436
cell1979.png,/content/elpv-dataset/src/elpv_dataset/data/images/cell1979.png,0,poly,Train,a6b1c004dab72c416756d09812f1bb1b,18226827061943307107
cell0164.png,/content/elpv-dataset/src/elpv_dataset/data/images/cell0164.png,1,poly,Train,31abce7916d9ae911a383ada5d92f76a,1265951993992098001
cell0647.png,/content/elpv-dataset/src/elpv_dataset/data/images/cell0647.png,0,poly,Train,617c988dc47453a3542174eded864e06,9838281115680413852
cell1904.png,/content/elpv-dataset/src/elpv_dataset/data/images/cell1904.png,1,poly,Train,5dd9c2676b6efe2b315c4e47e6ce6a39,11865457266155489159
cell2177.png,/content/elpv-dataset/src/elpv_dataset/data/images/cell2177.png,0,mono,Train,5f3e74dd4d5cbdb9ee496c7d87d73694,14451662589661191890
cell1134.png,/content/elpv-dataset/src/elpv_dataset/data/images/cell1134.png,0,mono,Train,de4e152221c1a9f315377e775f89913a,10272304680714280590
cell1558.png,/content/elpv-dataset/src/elpv_dataset/data/images/cell1558.png,0,mono,Train,99ee3eb31852db28b9492ec5e436d91a,9550030956673797762
cell0391.png,/content/elpv-dataset/src/elpv_dataset/data/images/cell0391.png,1,mono,Train,0ae0876359fcd512afa68d16b59fdef4,16036896621207930498
cell1060.png,/content/elpv-dataset/src/elpv_dataset/data/images/cell1060.png,0,mono,Train,fcd4c954c6013164b4fd60910458e60d,10272304543544811198
cell0036.png,/content/elpv-dataset/src/elpv_dataset/data/images/cell0036.png,1,mono,Train,49c4e75fa7bff44e9ac21c5e42d551c4,10272304543006361222
cell0261.png,/content/elpv-dataset/src/elpv_dataset/data/images/cell0261.png,1,poly,Train,250c733687c9bb4708efbfa89a05ea9a,14754538641090596548
cell2145.png,/content/elpv-dataset/src/elpv_dataset/data/images/cell2145.png,0,mono,Train,9c5f32600ad8df11e247add95cd76983,15609140746140974842
cell2119.png,/content/elpv-dataset/src/elpv_dataset/data/images/cell2119.png,0,poly,Train,0ec8a24df317bb939a79da08710ffd98,12288571615366147300
cell0722.png,/content/elpv-dataset/src/elpv_dataset/data/images/cell0722.png,0,poly,Train,2f71745540cf610072e4e7b430fdafda,9260703344991704208
cell1520.png,/content/elpv-dataset/src/elpv_dataset/data/images/cell1520.png,0,mono,Train,c60e12fd7e0a2d322ef6a47601842d33,10272295738222479488
cell0397.png,/content/elpv-dataset/src/elpv_dataset/data/images/cell0397.png,0,mono,Train,ea9467fa495a7077a569952a997957dd,11430011126530613198
cell2533.png,/content/elpv-dataset/src/elpv_dataset/data/images/cell2533.png,0,poly,Train,edf8eba0a5b7bd89f0affe8faba5b04c,10724386350985286800
cell1533.png,/content/elpv-dataset/src/elpv_dataset/data/images/cell1533.png,0,mono,Train,5233799a4d4904fddd18464ebb0c603d,14892998036640664222
cell1110.png,/content/elpv-dataset/src/elpv_dataset/data/images/cell1110.png,0,mono,Train,713f64a37b7c63fd70d99e842a22cc23,9405352784150562438
cell0062.png,/content/elpv-dataset/src/elpv_dataset/data/images/cell0062.png,0,poly,Train,c60617ac08cda644758292109c640f6f,9408726094716125826
cell1314.png,/content/elpv-dataset/src/elpv_dataset/data/images/cell1314.png,0,mono,Train,6b52334248da00b4a59b37c63eb471d7,10272322203912408710
cell1656.png,/content/elpv-dataset/src/elpv_dataset/data/images/cell1656.png,0,poly,Train,77878e29476c4c91c6f888c925bb0051,14161220021684440716
cell0399.png,/content/elpv-dataset/src/elpv_dataset/data/images/cell0399.png,1,mono,Train,a749d4dac49c3ead3622fca0cf1e6159,11430046375544262300
cell1362.png,/content/elpv-dataset/src/elpv_dataset/data/images/cell1362.png,0,mono,Train,d55e68bfe796be8a8ac9f08d2bfcc422,9405350559290000002
cell1181.png,/content/elpv-dataset/src/elpv_dataset/data/images/cell1181.png,0,mono,Train,4009f98c222ab8d26349691a38ce1112,10848782887497420446
cell0542.png,/content/elpv-dataset/src/elpv_dataset/data/images/cell0542.png,0,poly,Train,8955f73b82295467ecfee0c8993c17ea,10412463628419633296
cell0088.png,/content/elpv-dataset/src/elpv_dataset/data/images/cell0088.png,0,poly,Train,a30461a6fbf635d1d882309b1f1ad286,10703520066781890278
cell1475.png,/content/elpv-dataset/src/elpv_dataset/data/images/cell1475.png,0,mono,Train,1858978bc1175637ffdc6ae95e966088,15458190717696247524
cell1015.png,/content/elpv-dataset/src/elpv_dataset/data/images/cell1015.png,0,mono,Train,053e95ef98efe7f5a74266e4f611cb99,9696125265680178878
cell2479.png,/content/elpv-dataset/src/elpv_dataset/data/images/cell2479.png,0,poly,Train,31916079cacec28aeb274374e3c9ad30,12803905850836297350
cell0634.png,/content/elpv-dataset/src/elpv_dataset/data/images/cell0634.png,1,poly,Train,d810bdb1650a1813e33c8378ad0ba138,15182376389334983908
cell0973.png,/content/elpv-dataset/src/elpv_dataset/data/images/cell0973.png,0,mono,Train,84745d7c0fc8f9c1fbd327116f40405a,14888794401036734350
cell0532.png,/content/elpv-dataset/src/elpv_dataset/data/images/cell0532.png,0,mono,Train,e8c8ac905db67efe4569d159f9f1eb17,12587278241724546814
cell1426.png,/content/elpv-dataset/src/elpv_dataset/data/images/cell1426.png,1,mono,Train,37a31560f693dbfe151f8da6e33d90d6,11713456389203592846
cell2501.png,/content/elpv-dataset/src/elpv_dataset/data/images/cell2501.png,0,poly,Train,a312c9d3a04c38a307f95766faf78f26,11714621957936548482
cell0804.png,/content/elpv-dataset/src/elpv_dataset/data/images/cell0804.png,1,poly,Train,1ca667867379f0aa53d8684fe20411c3,15747551735519682254
cell0947.png,/content/elpv-dataset/src/elpv_dataset/data/images/cell0947.png,0,mono,Train,56bbc8a5922d8bb8434251fb57afdd77,9260118276057892488
cell1588.png,/content/elpv-dataset/src/elpv_dataset/data/images/cell1588.png,0,mono,Train,a6022d992fbc5491098bbfcc3b5a0001,10281329336059350766
cell2371.png,/content/elpv-dataset/src/elpv_dataset/data/images/cell2371.png,0,poly,Train,edbd162ce78ed4e0984adcaffd247371,18347567470432108446
cell1665.png,/content/elpv-dataset/src/elpv_dataset/data/images/cell1665.png,1,poly,Train,d1b7e7c6246e9aefea165817c8452325,11441838612726586575
cell0572.png,/content/elpv-dataset/src/elpv_dataset/data/images/cell0572.png,0,poly,Train,7d514bd111e11e6dc46ca909c54a5835,11723075002923780834
cell1380.png,/content/elpv-dataset/src/elpv_dataset/data/images/cell1380.png,0,mono,Train,0db933026add6655dd05d71e8333af52,9695843756209512094
cell0996.png,/content/elpv-dataset/src/elpv_dataset/data/images/cell0996.png,1,mono,Train,cd6c96e680538c2e1efd266b0309c621,18356318857661955726
cell1205.png,/content/elpv-dataset/src/elpv_dataset/data/images/cell1205.png,0,mono,Train,f2db6c39f96faccd6c0e0d4963c72c45,10848817659517504646
cell0252.png,/content/elpv-dataset/src/elpv_dataset/data/images/cell0252.png,1,poly,Train,c4f3b407a3dcb660f7f687dffb763b8d,9711630690761086630
cell1292.png,/content/elpv-dataset/src/elpv_dataset/data/images/cell1292.png,0,mono,Train,cc810d5ee8fcabeba3766e34f2eaceb8,9693600787117020834
cell0383.png,/content/elpv-dataset/src/elpv_dataset/data/images/cell0383.png,1,mono,Train,e1183402ef3719291c47e35b2a887a42,9981813537126661868
cell2432.png,/content/elpv-dataset/src/elpv_dataset/data/images/cell2432.png,0,mono,Train,51a3a0f11d25db95e00a8ebf9f1b57e1,12154820286926460604
cell1472.png,/content/elpv-dataset/src/elpv_dataset/data/images/cell1472.png,0,mono,Train,ac8816bdae71f138ecd892f76fa77057,10848765295310311062
cell1614.png,/content/elpv-dataset/src/elpv_dataset/data/images/cell1614.png,0,mono,Train,6975c53a9cc8c6c398de25a9aa2c85cc,12587172344199294638
cell1638.png,/content/elpv-dataset/src/elpv_dataset/data/images/cell1638.png,1,poly,Train,2d47ea53e282e9f3316955a0a6d116e4,9433053041860510086
cell0846.png,/content/elpv-dataset/src/elpv_dataset/data/images/cell0846.png,0,poly,Train,c3c5fdc2db528f1d064c2f1690c8ed0a,18351833056177198742
cell2011.png,/content/elpv-dataset/src/elpv_dataset/data/images/cell2011.png,0,poly,Train,5389cd754bdc596dafe30c72c97ecdee,6241088362633399964
cell1804.png,/content/elpv-dataset/src/elpv_dataset/data/images/cell1804.png,0,poly,Train,6c8189d3c4d71da3929d42db4d10e1dc,11294171030388231404
cell0811.png,/content/elpv-dataset/src/elpv_dataset/data/images/cell0811.png,0,poly,Train,aac483e563f8ded1c37e1a8a31e74f82,13219177318428043180
cell1995.png,/content/elpv-dataset/src/elpv_dataset/data/images/cell1995.png,0,poly,Train,53a0d11a17c7a40681b5a6cd8171c943,18226897430687484771
cell0280.png,/content/elpv-dataset/src/elpv_dataset/data/images/cell0280.png,1,poly,Train,fa4133c98fcc96a1cbd7f86f0cd93eee,9711632889783555750
cell1976.png,/content/elpv-dataset/src/elpv_dataset/data/images/cell1976.png,1,poly,Train,c0b4502ccd34a954b55c0bde74cc6b9f,4079289906261044816
cell0104.png,/content/elpv-dataset/src/elpv_dataset/data/images/cell0104.png,0,poly,Train,f37f73e59c8da631dd19e9652f251bf8,15915381190666671746
cell1642.png,/content/elpv-dataset/src/elpv_dataset/data/images/cell1642.png,0,poly,Train,21f6c9cc738a8c12021fecf89397643f,14575491771734068964
cell0830.png,/content/elpv-dataset/src/elpv_dataset/data/images/cell0830.png,0,poly,Train,a9fde4e90b8122f9d97fd5922447ee88,9262667012932425412
cell0956.png,/content/elpv-dataset/src/elpv_dataset/data/images/cell0956.png,0,mono,Train,9925e04d36d9073e5c78270095609e7d,10276825769315180174
cell0682.png,/content/elpv-dataset/src/elpv_dataset/data/images/cell0682.png,1,poly,Train,d3b9d4672615674f6b124d2bb702adac,16755862902231180000
cell0742.png,/content/elpv-dataset/src/elpv_dataset/data/images/cell0742.png,1,poly,Train,91ba8522140ba9fc831bff5eb8d7ff32,12691285037719654532
cell0266.png,/content/elpv-dataset/src/elpv_dataset/data/images/cell0266.png,1,poly,Train,07913242434f946145844dae9292acc6,13948429711938591966
cell0698.png,/content/elpv-dataset/src/elpv_dataset/data/images/cell0698.png,0,poly,Train,72159f0e92e9f1ee778589fe4243762b,6102611436734703316
cell2246.png,/content/elpv-dataset/src/elpv_dataset/data/images/cell2246.png,0,poly,Train,9bbaea55a061f1882387257a3cc28d33,9261103490082571918
cell2244.png,/content/elpv-dataset/src/elpv_dataset/data/images/cell2244.png,0,poly,Train,c13f32d1c0859e2bc0d8e3bcab2ce3ed,36033764182196748
cell2422.png,/content/elpv-dataset/src/elpv_dataset/data/images/cell2422.png,0,mono,Train,64f6be5f38982c6ec6da363b4b4c96e9,14305269178667273930
cell0300.png,/content/elpv-dataset/src/elpv_dataset/data/images/cell0300.png,0,poly,Train,625c374e480513297aa37b3f9af0f26b,8237829903372633228
cell1381.png,/content/elpv-dataset/src/elpv_dataset/data/images/cell1381.png,1,mono,Train,bd0580e92d2d83136405571d82837bd0,10272295712421480070
cell2169.png,/content/elpv-dataset/src/elpv_dataset/data/images/cell2169.png,0,mono,Train,1b056ee4496d6cff1cca62343c21b406,17928494243786952392
cell0773.png,/content/elpv-dataset/src/elpv_dataset/data/images/cell0773.png,1,poly,Train,aa6be20d0b953a13e6835463a199f10e,17580631254154082803
cell0862.png,/content/elpv-dataset/src/elpv_dataset/data/images/cell0862.png,1,poly,Train,ff4c105d257daae21ef325eb97c7cd3a,11857640048755912428
cell2050.png,/content/elpv-dataset/src/elpv_dataset/data/images/cell2050.png,0,poly,Train,64b67dcb7cddc7682c8233d19859be26,10419797697329270404
cell1488.png,/content/elpv-dataset/src/elpv_dataset/data/images/cell1488.png,0,mono,Train,e337b52e3bedb9db979944cd9cf1b1dc,9695843790703464086
cell0941.png,/content/elpv-dataset/src/elpv_dataset/data/images/cell0941.png,0,mono,Train,8b6a4a6f116da61a9bdb74c71c65c0e2,10270052743193206414
cell0914.png,/content/elpv-dataset/src/elpv_dataset/data/images/cell0914.png,0,mono,Train,8599936a8a2a5617d252ecd40a4833ff,10276808211487954574
cell2591.png,/content/elpv-dataset/src/elpv_dataset/data/images/cell2591.png,0,poly,Train,d5fee516b54573c8f2ee39fb2410a44a,16899681303990675366
cell0869.png,/content/elpv-dataset/src/elpv_dataset/data/images/cell0869.png,1,poly,Train,5bcec2b320aab3f19b4aa55a3859aa1b,18369843126368911006
cell2416.png,/content/elpv-dataset/src/elpv_dataset/data/images/cell2416.png,0,mono,Train,4ec64d9842bed6fefdf1ead1f598f000,10137227323870449294
cell1999.png,/content/elpv-dataset/src/elpv_dataset/data/images/cell1999.png,0,poly,Train,ac059d99a85d90fec4129c15cdb200e2,18226897430687484771
cell0232.png,/content/elpv-dataset/src/elpv_dataset/data/images/cell0232.png,1,poly,Train,247e93ad80e919048fb924a6a2c77092,10129987958419000990
cell0695.png,/content/elpv-dataset/src/elpv_dataset/data/images/cell0695.png,1,poly,Train,85aa5a037ac7702d64f62470c2cbc99d,13382057876135000248
cell0243.png,/content/elpv-dataset/src/elpv_dataset/data/images/cell0243.png,1,poly,Train,2139228d223a67e1e4c8f7f83bf2e3ed,16050458049432684160
cell2313.png,/content/elpv-dataset/src/elpv_dataset/data/images/cell2313.png,0,poly,Train,3c83b6dbc16cc8944d1cae042cebd938,16352265573186047142
cell1759.png,/content/elpv-dataset/src/elpv_dataset/data/images/cell1759.png,0,poly,Train,908f01475d9b6a77f202fd0c433caf98,10706917360210431660
cell0980.png,/content/elpv-dataset/src/elpv_dataset/data/images/cell0980.png,0,mono,Train,971f0d72e1e576c6bc056d82e3d1e457,10285938560475250686
cell1273.png,/content/elpv-dataset/src/elpv_dataset/data/images/cell1273.png,0,mono,Train,905e6e7e1058ea1fec9cfc1ee30e140f,9693592025115297422
cell1772.png,/content/elpv-dataset/src/elpv_dataset/data/images/cell1772.png,0,poly,Train,d32dd55437179092bc265a81dd3f5898,939352943927731886
cell1169.png,/content/elpv-dataset/src/elpv_dataset/data/images/cell1169.png,1,mono,Train,2a1d7ab7be277b4729895a113b0e5154,10848193549263342742
cell0379.png,/content/elpv-dataset/src/elpv_dataset/data/images/cell0379.png,1,mono,Train,1f0ac7bb0efb754785b07e1b45bdf000,11138429434859783852
cell0285.png,/content/elpv-dataset/src/elpv_dataset/data/images/cell0285.png,1,poly,Train,26c9bcf402b91c0d3494dd06fcbf5ea1,9950299377464677080
cell0938.png,/content/elpv-dataset/src/elpv_dataset/data/images/cell0938.png,0,mono,Train,d5e30994be520ca2ebd58a19e7d2dd56,10270052743058986630
cell0068.png,/content/elpv-dataset/src/elpv_dataset/data/images/cell0068.png,1,poly,Train,9bb5bd99aba3c021581f2eb2b98f2d4f,16498016835239077606
cell1136.png,/content/elpv-dataset/src/elpv_dataset/data/images/cell1136.png,0,mono,Train,4404c71d7047a33722a2e2e7f24162cc,10274556411808489150
cell1581.png,/content/elpv-dataset/src/elpv_dataset/data/images/cell1581.png,0,mono,Train,6a3c11beef029b600ade2b97f72b74e9,9405911344680700032
cell2073.png,/content/elpv-dataset/src/elpv_dataset/data/images/cell2073.png,0,poly,Train,92fa68bb6a44c4ea4a07b6eb3727cea3,9767910353072718414
cell1447.png,/content/elpv-dataset/src/elpv_dataset/data/images/cell1447.png,0,mono,Train,9e25f23d9a095160d8ecfca5c2f40913,10848765295310311070
cell1063.png,/content/elpv-dataset/src/elpv_dataset/data/images/cell1063.png,0,mono,Train,3275a78fa551b925750c0efc1441d4f1,9259542123273816206
cell0021.png,/content/elpv-dataset/src/elpv_dataset/data/images/cell0021.png,1,mono,Train,fa5778843ba26462f407669a6f970807,14035061997549552262
cell0675.png,/content/elpv-dataset/src/elpv_dataset/data/images/cell0675.png,1,poly,Train,93538b93162c55c91cb223ee6772bca0,14745535762498492117
cell0814.png,/content/elpv-dataset/src/elpv_dataset/data/images/cell0814.png,0,poly,Train,ad9bfed40c73ac1f5480a0e10ed28ec3,14761905463350976254
cell0220.png,/content/elpv-dataset/src/elpv_dataset/data/images/cell0220.png,1,poly,Train,56d1e0c69515b457ee894dfb0d90ecd0,11940676789550500038
cell0793.png,/content/elpv-dataset/src/elpv_dataset/data/images/cell0793.png,1,poly,Train,419645ed4748fb1f1baca9ce32752ca0,18230284297568190200
cell1978.png,/content/elpv-dataset/src/elpv_dataset/data/images/cell1978.png,0,poly,Train,4186909641c5a4291a6e928eb7008a31,4296025638328249978
cell1541.png,/content/elpv-dataset/src/elpv_dataset/data/images/cell1541.png,0,mono,Train,1319eaa74b78a577d35270f1bd72f95f,9703151136357648512
cell0039.png,/content/elpv-dataset/src/elpv_dataset/data/images/cell0039.png,1,mono,Train,89664826e7bf6487057eb48fdd692692,17198910623926095534
cell0874.png,/content/elpv-dataset/src/elpv_dataset/data/images/cell0874.png,1,poly,Train,c9d0ff4de927efbed9df7165836bf2b3,14339143345948770042
cell2240.png,/content/elpv-dataset/src/elpv_dataset/data/images/cell2240.png,0,poly,Train,44da2ca0df4b46656857717836548e8a,9259995173772101134
cell0494.png,/content/elpv-dataset/src/elpv_dataset/data/images/cell0494.png,1,mono,Train,532b86d43733f4501d1e8013f9cc3a14,14304704055522756490
cell0242.png,/content/elpv-dataset/src/elpv_dataset/data/images/cell0242.png,1,poly,Train,e63eeb56a695007018d2a596c4783b23,9260105252474348262
cell2372.png,/content/elpv-dataset/src/elpv_dataset/data/images/cell2372.png,0,poly,Train,0214aafefb769df1f053c84016d78a0f,18347530808322822046
cell1891.png,/content/elpv-dataset/src/elpv_dataset/data/images/cell1891.png,0,poly,Train,824ce7ef6cbd660cad2a95a8cacef07d,10065418188671403974
cell2623.png,/content/elpv-dataset/src/elpv_dataset/data/images/cell2623.png,0,poly,Train,8f1eff75ec54cf6530f7aa8dee6b00a1,17189882004979379878
cell1516.png,/content/elpv-dataset/src/elpv_dataset/data/images/cell1516.png,0,mono,Train,29762eec7b993d5727c8d46624a95abd,9551154648933894272
cell1173.png,/content/elpv-dataset/src/elpv_dataset/data/images/cell1173.png,1,mono,Train,71c90673466427ebaa2909f150958fb7,13451863472117558974
cell2182.png,/content/elpv-dataset/src/elpv_dataset/data/images/cell2182.png,0,mono,Train,700e142c096aba64de2ab2e746e7ec7c,14883990526939791504
cell1590.png,/content/elpv-dataset/src/elpv_dataset/data/images/cell1590.png,0,mono,Train,17c5bdefa8846c0b46616f08a3446d42,10299379330720911070
cell1724.png,/content/elpv-dataset/src/elpv_dataset/data/images/cell1724.png,0,poly,Train,79e155b1041681eb2082fc468360709d,12115293946332153993
cell1006.png,/content/elpv-dataset/src/elpv_dataset/data/images/cell1006.png,0,mono,Train,3f531d1884e22596ba6e361a6305a6bb,11855311015934594694
cell1873.png,/content/elpv-dataset/src/elpv_dataset/data/images/cell1873.png,0,poly,Train,ce8aeb3a6e80c5af3bcad4ee570d6f68,11787509726299194510
cell0853.png,/content/elpv-dataset/src/elpv_dataset/data/images/cell0853.png,1,poly,Train,27f2890d1ba60236b21a377d87afea70,10869154983339548302
cell1946.png,/content/elpv-dataset/src/elpv_dataset/data/images/cell1946.png,0,poly,Train,52f096c59650ad1902e67d0193569915,14811359013838296180
cell2243.png,/content/elpv-dataset/src/elpv_dataset/data/images/cell2243.png,0,poly,Train,92e109b84c725213c3cb28deb213ca79,9404233507141583370
cell1560.png,/content/elpv-dataset/src/elpv_dataset/data/images/cell1560.png,0,mono,Train,0a4088621c36929b372d64daa99ccfdf,9405913543703824532
cell0322.png,/content/elpv-dataset/src/elpv_dataset/data/images/cell0322.png,1,poly,Train,8ca5520bc14956503aaa674c6baaedb4,16612244700827668720
cell0905.png,/content/elpv-dataset/src/elpv_dataset/data/images/cell0905.png,0,mono,Train,4facd5c06f34f7845834d0711005045d,9693591992236179082
cell2478.png,/content/elpv-dataset/src/elpv_dataset/data/images/cell2478.png,0,poly,Train,3cf69b3218011025ef32fd1df5498d16,9549410573409224326
cell2168.png,/content/elpv-dataset/src/elpv_dataset/data/images/cell2168.png,0,mono,Train,ab01c5f4ff8e564e2e9a7bf7e647f616,14018164702484792964
cell1680.png,/content/elpv-dataset/src/elpv_dataset/data/images/cell1680.png,0,poly,Train,765b75a045a91b382f5350da1e9a4fef,627896671403940998
cell0718.png,/content/elpv-dataset/src/elpv_dataset/data/images/cell0718.png,0,poly,Train,a640d0fbd457c2a237540324b6b08239,10290431495734098152
cell1153.png,/content/elpv-dataset/src/elpv_dataset/data/images/cell1153.png,0,mono,Train,d89ca0318799e4bd7a700d7ba0c350e1,11425243639800827550
cell2504.png,/content/elpv-dataset/src/elpv_dataset/data/images/cell2504.png,0,poly,Train,26af133411b0834dbbd7ac82b1a20dad,9405391448217851096
cell0138.png,/content/elpv-dataset/src/elpv_dataset/data/images/cell0138.png,0,poly,Train,97ee2acb1ba35876f80c7fefea97dffe,13871583590193867945
cell0192.png,/content/elpv-dataset/src/elpv_dataset/data/images/cell0192.png,1,poly,Train,065bf70c7828d1a3093ee9834503113d,12578235650589755026
cell1315.png,/content/elpv-dataset/src/elpv_dataset/data/images/cell1315.png,1,mono,Train,604da9c3cc37de30a9a92dde50f33a73,9984085110230779526
cell1339.png,/content/elpv-dataset/src/elpv_dataset/data/images/cell1339.png,0,mono,Train,0078eec3521fdf87ba07d6d1fbbd9810,9693583160302274178
cell0583.png,/content/elpv-dataset/src/elpv_dataset/data/images/cell0583.png,0,poly,Train,4b3c855fe2ea1990cbca6785f88f80b4,11257436362732644010
cell2527.png,/content/elpv-dataset/src/elpv_dataset/data/images/cell2527.png,0,poly,Train,1f813f903bc098934ee6efd738030576,9405348386641187984
cell1323.png,/content/elpv-dataset/src/elpv_dataset/data/images/cell1323.png,0,mono,Train,37250c0f218c4b3a9841e2ec3960fd40,9980681013640201858
cell0298.png,/content/elpv-dataset/src/elpv_dataset/data/images/cell0298.png,1,poly,Train,9e32ea7a9ee3b1e695687eff8e493907,17344660537318743454
cell2117.png,/content/elpv-dataset/src/elpv_dataset/data/images/cell2117.png,0,poly,Train,9e71bfb69f0c6db1e78b20d8d90a91e7,16196851710241323196
cell0659.png,/content/elpv-dataset/src/elpv_dataset/data/images/cell0659.png,0,poly,Train,dbb102187b7c6683f1b0149a6f49ba09,10932121656245195674
cell1565.png,/content/elpv-dataset/src/elpv_dataset/data/images/cell1565.png,0,mono,Train,9356ee68f18d61fc439a87b12fb82eec,16068455199485628062
cell0083.png,/content/elpv-dataset/src/elpv_dataset/data/images/cell0083.png,1,poly,Train,6dfd172e1b359324abca589a633c32c7,13310053136502785668
cell1537.png,/content/elpv-dataset/src/elpv_dataset/data/images/cell1537.png,0,mono,Train,b0ae382ae916d22bd0138e06ffe03268,9405915760008005760
cell0607.png,/content/elpv-dataset/src/elpv_dataset/data/images/cell0607.png,1,poly,Train,a6f42f5efbf81799481c169e1072a6b2,3039593902402154383
cell2049.png,/content/elpv-dataset/src/elpv_dataset/data/images/cell2049.png,0,poly,Train,3ce7b53585579e479e330cb2ec7ffad1,2967844007951506072
cell1309.png,/content/elpv-dataset/src/elpv_dataset/data/images/cell1309.png,0,mono,Train,86aacf5e8098a845bdd62c11bc51671f,10276808211353738886
cell1080.png,/content/elpv-dataset/src/elpv_dataset/data/images/cell1080.png,1,mono,Train,e4b894b535f34494791f058bbb373fe4,16036964916420058782
cell2606.png,/content/elpv-dataset/src/elpv_dataset/data/images/cell2606.png,0,poly,Train,7c64e95eeee4f78e59e6667a95ee5cd5,14307527575747331212
cell2592.png,/content/elpv-dataset/src/elpv_dataset/data/images/cell2592.png,0,poly,Train,f1dc4f4236f0ef671d1aa139d67640fe,9549711713767949962
cell1600.png,/content/elpv-dataset/src/elpv_dataset/data/images/cell1600.png,0,mono,Train,2ac25938ad8d43e71516e042c90d26e3,9838824248351819904
cell0934.png,/content/elpv-dataset/src/elpv_dataset/data/images/cell0934.png,0,mono,Train,6582862dd20d1d66729efa52356edda2,10270070404770860686
cell1826.png,/content/elpv-dataset/src/elpv_dataset/data/images/cell1826.png,0,poly,Train,955b97e50886be3e0534a1b76271554b,13307156789835370652
cell0887.png,/content/elpv-dataset/src/elpv_dataset/data/images/cell0887.png,1,poly,Train,53015ce01bb140a6b8aecd77784baa37,17077333740188511974
cell0085.png,/content/elpv-dataset/src/elpv_dataset/data/images/cell0085.png,0,poly,Train,2e7069dd4ca7d76bf6e7f93231ab3695,10992385703657007766
cell0425.png,/content/elpv-dataset/src/elpv_dataset/data/images/cell0425.png,0,mono,Train,aa077bb9198d2b1d58498451c049c05d,9549463557000038022
cell2047.png,/content/elpv-dataset/src/elpv_dataset/data/images/cell2047.png,0,poly,Train,3f10f5b9d6a897c764e5cd4d87ad75e7,10855390930884899435
cell2512.png,/content/elpv-dataset/src/elpv_dataset/data/images/cell2512.png,0,poly,Train,416d04097e01b51e942b9845e8f4ddc6,11135300241680007306
cell0376.png,/content/elpv-dataset/src/elpv_dataset/data/images/cell0376.png,1,mono,Train,f31eccee7750855a3c6b7af06e358e40,15190325852431459970
cell1607.png,/content/elpv-dataset/src/elpv_dataset/data/images/cell1607.png,0,mono,Train,1dfc55928159014057a8358e66e35679,14893015352876117638
cell1854.png,/content/elpv-dataset/src/elpv_dataset/data/images/cell1854.png,1,poly,Train,0d67cdc2fab788e30f63e6bf8844627a,7361034800508338818
cell0530.png,/content/elpv-dataset/src/elpv_dataset/data/images/cell0530.png,1,mono,Train,b5cc3a8f6a1ea612125dd58c0ca142e3,14169067723448125062
cell1044.png,/content/elpv-dataset/src/elpv_dataset/data/images/cell1044.png,1,mono,Train,b538a98a40d6460dcc5fcc9fa212b095,9260674628873912966
cell2100.png,/content/elpv-dataset/src/elpv_dataset/data/images/cell2100.png,0,poly,Train,3ade15f5a38c600465b4697513526140,10994050398554210496
cell1765.png,/content/elpv-dataset/src/elpv_dataset/data/images/cell1765.png,0,poly,Train,eec20bdb9626a147b26bd4c52ff71f35,10271350579201221803
cell1072.png,/content/elpv-dataset/src/elpv_dataset/data/images/cell1072.png,0,mono,Train,002a150ef3377ca3c8b55087de10a7d6,18347259156188008070
cell0999.png,/content/elpv-dataset/src/elpv_dataset/data/images/cell0999.png,0,mono,Train,1ae6f6f02770414165ffa2ee92b9cbf1,9551728568267083422
cell0393.png,/content/elpv-dataset/src/elpv_dataset/data/images/cell0393.png,1,mono,Train,2be9f52649e6e9aa5187c1554d504829,10277098413939529348
cell1527.png,/content/elpv-dataset/src/elpv_dataset/data/images/cell1527.png,0,mono,Train,e656ea292cb5230e796153b58f125691,15477357680485396158
cell2494.png,/content/elpv-dataset/src/elpv_dataset/data/images/cell2494.png,0,poly,Train,94d668dda92a11195957a8ccd68bc50f,11713518238308161164
cell1960.png,/content/elpv-dataset/src/elpv_dataset/data/images/cell1960.png,0,poly,Train,d4775d3060fbead0838806ddacc814b7,12127304252118161046
cell0327.png,/content/elpv-dataset/src/elpv_dataset/data/images/cell0327.png,0,poly,Train,78f76b321d8c09445e82cd71440cba27,17797025851921322224
cell0904.png,/content/elpv-dataset/src/elpv_dataset/data/images/cell0904.png,0,mono,Train,ad4e5d6fb453e0e55419cbd4675e8845,9404229066020390542
cell1694.png,/content/elpv-dataset/src/elpv_dataset/data/images/cell1694.png,0,poly,Train,463821a7a08b563e02075ad65d706e08,4230980659814584027
cell2070.png,/content/elpv-dataset/src/elpv_dataset/data/images/cell2070.png,1,poly,Train,eb580b21bb4286357ce6c23b3aa61b1b,9405933533022814926
cell1770.png,/content/elpv-dataset/src/elpv_dataset/data/images/cell1770.png,0,poly,Train,3dd3b2467b5775e014b6b2e312f1bff8,14038171725442444238
cell2030.png,/content/elpv-dataset/src/elpv_dataset/data/images/cell2030.png,0,poly,Train,d597b01232cd52ad841a2647bcabc0c5,9767910354146460366
cell0967.png,/content/elpv-dataset/src/elpv_dataset/data/images/cell0967.png,0,mono,Train,c50cf5c98c61f2b2c5a75c5572c82ab6,9693582610546984582
cell0420.png,/content/elpv-dataset/src/elpv_dataset/data/images/cell0420.png,1,mono,Train,38291ce7e88eacd3d2f8a696efae542a,10992871687124453030
cell0614.png,/content/elpv-dataset/src/elpv_dataset/data/images/cell0614.png,1,poly,Train,68547e0f89c2891035781a1be106ca92,16030060894438219516
cell1667.png,/content/elpv-dataset/src/elpv_dataset/data/images/cell1667.png,1,poly,Train,c6a08a5239ce778df3d3d00f768c5be0,4223865775394558710
cell1049.png,/content/elpv-dataset/src/elpv_dataset/data/images/cell1049.png,1,mono,Train,8f3c7dfcbd69fadd564d615d70aed0b6,13871228141701203590
cell0016.png,/content/elpv-dataset/src/elpv_dataset/data/images/cell0016.png,1,mono,Train,8fb6b674de5a83dce8d1c62b15b50822,12286524031443829382
cell0567.png,/content/elpv-dataset/src/elpv_dataset/data/images/cell0567.png,0,poly,Train,cf1c381af6cf0c12fdffd77e27546a0b,10575262026943734948
cell1199.png,/content/elpv-dataset/src/elpv_dataset/data/images/cell1199.png,0,mono,Train,b11c93995bcbafe09db544fd3bea325b,10560552511345692318
cell0484.png,/content/elpv-dataset/src/elpv_dataset/data/images/cell0484.png,1,mono,Train,378893e356cacfb354ac2ce01a4dc238,14452757651232260224
cell0343.png,/content/elpv-dataset/src/elpv_dataset/data/images/cell0343.png,0,poly,Train,4d667d2111a71b5c75959798fc1ccbbf,10997381888790028996
cell2500.png,/content/elpv-dataset/src/elpv_dataset/data/images/cell2500.png,0,poly,Train,ded43b70a63af42e8f24afe57918d4ff,16186555233706609308
cell1271.png,/content/elpv-dataset/src/elpv_dataset/data/images/cell1271.png,0,mono,Train,741e6a58a966f4f7f6d1ea44c05168e3,11427495508602429070
cell1842.png,/content/elpv-dataset/src/elpv_dataset/data/images/cell1842.png,1,poly,Train,d37d8615f1d9eeed2be7ae3be4ba7d07,11003009201470571010
cell0662.png,/content/elpv-dataset/src/elpv_dataset/data/images/cell0662.png,1,poly,Train,1685e39eeb08d8abc9c7c3500383e29e,9377306699150443716
cell0591.png,/content/elpv-dataset/src/elpv_dataset/data/images/cell0591.png,0,poly,Train,85cf2dd1e2aafc2c72c1219498bc3948,16500886587097936598
cell2001.png,/content/elpv-dataset/src/elpv_dataset/data/images/cell2001.png,0,poly,Train,379f286005e07e70dc0e67010c8ca7e9,17650436678384061283
cell1194.png,/content/elpv-dataset/src/elpv_dataset/data/images/cell1194.png,0,mono,Train,d7aabf787d1a833f83c25f662c2a7274,10569594894971473566
cell1145.png,/content/elpv-dataset/src/elpv_dataset/data/images/cell1145.png,0,mono,Train,0b101ff09e1f132571a0e1b694c48a88,10848211132826947206
cell0948.png,/content/elpv-dataset/src/elpv_dataset/data/images/cell0948.png,0,mono,Train,4cbff840bbfabf4e607b78f4dbe0dbc2,9404222468950099598
cell0026.png,/content/elpv-dataset/src/elpv_dataset/data/images/cell0026.png,1,mono,Train,adb8fc09b55b8eea4b37caf54b5d6172,13892704086282764430
cell1050.png,/content/elpv-dataset/src/elpv_dataset/data/images/cell1050.png,1,mono,Train,d9d50dcac2a656c80b41d2d65df03822,9259542131863750796
cell0259.png,/content/elpv-dataset/src/elpv_dataset/data/images/cell0259.png,0,poly,Train,0503c0ba49f2dad0bb31bd301b7fe5b6,15264817819472805261
cell1838.png,/content/elpv-dataset/src/elpv_dataset/data/images/cell1838.png,1,poly,Train,ee5e9511087ec34d57c72dcbcc908bf9,17651567192382163594
cell0716.png,/content/elpv-dataset/src/elpv_dataset/data/images/cell0716.png,0,poly,Train,ad1a16a0cd153d8dde29a113d4d4ae5d,10440103366567434988
cell1785.png,/content/elpv-dataset/src/elpv_dataset/data/images/cell1785.png,0,poly,Train,10fbfc7700d9d4395e2739ef1fe62199,12432336908624627864
cell1903.png,/content/elpv-dataset/src/elpv_dataset/data/images/cell1903.png,1,poly,Train,940314f018b8add9afadf0e595c35d39,9368054727683737090
cell1359.png,/content/elpv-dataset/src/elpv_dataset/data/images/cell1359.png,0,mono,Train,ea42cfa5d6b0d2ead792a769dc63d2ce,9405352784150300294
cell0615.png,/content/elpv-dataset/src/elpv_dataset/data/images/cell0615.png,1,poly,Train,85da43fad9a054711d90e5a5581337ec,10221932658212665572
cell0257.png,/content/elpv-dataset/src/elpv_dataset/data/images/cell0257.png,1,poly,Train,00b7201c19e60e5e20b56a04dc7c823c,14902035935716851262
cell0547.png,/content/elpv-dataset/src/elpv_dataset/data/images/cell0547.png,0,poly,Train,6a6f0176564a0ef3883f8dd242f3e8a0,10993551228467987610
cell1729.png,/content/elpv-dataset/src/elpv_dataset/data/images/cell1729.png,1,poly,Train,334962ebc02394ad9906f5f30f63f818,12434032364413423116
cell1630.png,/content/elpv-dataset/src/elpv_dataset/data/images/cell1630.png,1,poly,Train,5fd5566ee681b582bc1ad5b2e48e723e,4512283062771812060
cell1708.png,/content/elpv-dataset/src/elpv_dataset/data/images/cell1708.png,0,poly,Train,2296087c25356772c2265de808930056,16622450662299307746
cell0535.png,/content/elpv-dataset/src/elpv_dataset/data/images/cell0535.png,1,mono,Train,229dbc61a9f335a36f43a8970bbb2da7,13310840111811011750
cell2006.png,/content/elpv-dataset/src/elpv_dataset/data/images/cell2006.png,0,poly,Train,1a427b5a8582fa30956a54a773075b0a,5242191077892045491
cell2542.png,/content/elpv-dataset/src/elpv_dataset/data/images/cell2542.png,1,poly,Train,4393159607a5aac765125b4bcfe81c2e,10719928938132070038
cell0966.png,/content/elpv-dataset/src/elpv_dataset/data/images/cell0966.png,0,mono,Train,0eff101460cb9d810917c2a99747efba,9693582610681202310
cell1495.png,/content/elpv-dataset/src/elpv_dataset/data/images/cell1495.png,0,mono,Train,2af00292128a86e93b8613079cb794e2,9261809376547735688
cell2339.png,/content/elpv-dataset/src/elpv_dataset/data/images/cell2339.png,0,poly,Train,fc2446becf9d2efce177a7e86d992493,13479164105308517550
cell0620.png,/content/elpv-dataset/src/elpv_dataset/data/images/cell0620.png,1,poly,Train,bdd9f4682abdd972e71ff6074a980ea5,9706078457654588068
cell2491.png,/content/elpv-dataset/src/elpv_dataset/data/images/cell2491.png,0,poly,Train,b20b970b6fe51ce238a9c85e47c4fbfc,11141446769376601780
cell1677.png,/content/elpv-dataset/src/elpv_dataset/data/images/cell1677.png,0,poly,Train,e103af6bb3cb7aa88e858b2d4b091331,12440224813632358026
cell0666.png,/content/elpv-dataset/src/elpv_dataset/data/images/cell0666.png,1,poly,Train,ffc4b946fb09c53cd919f3240ec2dd81,10728249880366339284
cell0554.png,/content/elpv-dataset/src/elpv_dataset/data/images/cell0554.png,0,poly,Train,0d0a49d960871774b0ef708d600acb45,17209058793824770268
cell1248.png,/content/elpv-dataset/src/elpv_dataset/data/images/cell1248.png,0,mono,Train,9d4db99bacbf4ec0ea61f4c80893e6eb,10848774091404381854
cell1635.png,/content/elpv-dataset/src/elpv_dataset/data/images/cell1635.png,1,poly,Train,09fc58c829d05ec4d6cb039eede82444,6758999193926032608
cell0715.png,/content/elpv-dataset/src/elpv_dataset/data/images/cell0715.png,1,poly,Train,1f6df75051e435aac24322c48291b9aa,11149216899373000936
cell2118.png,/content/elpv-dataset/src/elpv_dataset/data/images/cell2118.png,0,poly,Train,4ee2d06cb67c536cbdea62bd40ddc853,10417589783826059456
cell1553.png,/content/elpv-dataset/src/elpv_dataset/data/images/cell1553.png,0,mono,Train,ba4cf7248b0018bafbc25a35a4d73f7b,14892997898129034974
cell0998.png,/content/elpv-dataset/src/elpv_dataset/data/images/cell0998.png,1,mono,Train,b2b8e9782f2b0b55efeeb57cca4c1784,14888547144585621166
cell1005.png,/content/elpv-dataset/src/elpv_dataset/data/images/cell1005.png,0,mono,Train,10e89403a6fa5cc051e7ccddf12cc69f,9404222486197207682
cell0697.png,/content/elpv-dataset/src/elpv_dataset/data/images/cell0697.png,0,poly,Train,f37d261b16e64ebf587de44e9edce7f0,10133354972533267130
cell0553.png,/content/elpv-dataset/src/elpv_dataset/data/images/cell0553.png,0,poly,Train,07047601b81794b707281ef4bcf70f74,15766764744257486566
cell2114.png,/content/elpv-dataset/src/elpv_dataset/data/images/cell2114.png,0,poly,Train,a2d401aff54669f49f58be7ffaff3958,10218301016535376550
cell0798.png,/content/elpv-dataset/src/elpv_dataset/data/images/cell0798.png,1,poly,Train,f9a7d725e6c4823840d548ebccf53225,12145237092485711588
cell1954.png,/content/elpv-dataset/src/elpv_dataset/data/images/cell1954.png,1,poly,Train,4d61c6c4fd377a644262b7962736411f,12869544485490170771
cell0626.png,/content/elpv-dataset/src/elpv_dataset/data/images/cell0626.png,1,poly,Train,a82addf68cc948f67d01dda27e984408,12286535198864089738
cell2178.png,/content/elpv-dataset/src/elpv_dataset/data/images/cell2178.png,0,mono,Train,2da36a7d8f476c2fbcf4dd92976d5cc1,13875184210442880132
cell1098.png,/content/elpv-dataset/src/elpv_dataset/data/images/cell1098.png,1,mono,Train,3c768399efe17e871a9dcfd7fd138a5f,10270043912606221966
cell2455.png,/content/elpv-dataset/src/elpv_dataset/data/images/cell2455.png,0,poly,Train,58cb3135319825a88301b97fbd98aede,12867506035859687651
cell1997.png,/content/elpv-dataset/src/elpv_dataset/data/images/cell1997.png,0,poly,Train,c09bb0d52b23760cb7e32d7aa3a87122,16638208896902536336
cell2486.png,/content/elpv-dataset/src/elpv_dataset/data/images/cell2486.png,0,poly,Train,69a5b64c5a9e7fa9b66deb48ce47bdf0,2930936048908674707
cell2399.png,/content/elpv-dataset/src/elpv_dataset/data/images/cell2399.png,0,mono,Train,d1d14497dbc736060e6edf171a6432aa,15318579094888023168
cell0633.png,/content/elpv-dataset/src/elpv_dataset/data/images/cell0633.png,0,poly,Train,98ab732606f5739741eb990d56f7af04,15838771722107795156
cell0319.png,/content/elpv-dataset/src/elpv_dataset/data/images/cell0319.png,1,poly,Train,bc7fbf8bc10e965c1a103e22e8e87849,5528409122217559718
cell0571.png,/content/elpv-dataset/src/elpv_dataset/data/images/cell0571.png,0,poly,Train,c7df562c40f11ce849abe6e3cd7ac8a2,11528932466999885032
cell2225.png,/content/elpv-dataset/src/elpv_dataset/data/images/cell2225.png,0,poly,Train,2828148745748cead87450989194df4a,36636339705613838
cell0059.png,/content/elpv-dataset/src/elpv_dataset/data/images/cell0059.png,1,mono,Train,0c35e3342f69797456eb5d5f0db606c7,16023471910651337468
cell1692.png,/content/elpv-dataset/src/elpv_dataset/data/images/cell1692.png,0,poly,Train,41053249957a19ad022f23177d5e48bc,6528767862990884404
cell1651.png,/content/elpv-dataset/src/elpv_dataset/data/images/cell1651.png,1,poly,Train,93350306735dcd7ad4d38448a6c3a8c4,10713692835301069956
cell2391.png,/content/elpv-dataset/src/elpv_dataset/data/images/cell2391.png,0,poly,Train,2113de95ceaf1dadfc5c5825c1d8b074,13734455689211418530
cell2298.png,/content/elpv-dataset/src/elpv_dataset/data/images/cell2298.png,0,poly,Train,bdff850d4cd9fcf42fe8f070ce5d2d5e,10630399259088487048
cell2340.png,/content/elpv-dataset/src/elpv_dataset/data/images/cell2340.png,0,poly,Train,c1eeebd6fccd015840ced89abd29532e,16333397678510212088
cell1081.png,/content/elpv-dataset/src/elpv_dataset/data/images/cell1081.png,0,mono,Train,124de5b0318f5c0a31211cd5261f8c69,9698113217332418190
cell2482.png,/content/elpv-dataset/src/elpv_dataset/data/images/cell2482.png,0,poly,Train,10e61258dcee6ce2a5ba62f376fc70ab,16424388914447960770
cell1348.png,/content/elpv-dataset/src/elpv_dataset/data/images/cell1348.png,0,mono,Train,666249ede07bc28d9530a025f100cf05,12582651220835866254
cell1505.png,/content/elpv-dataset/src/elpv_dataset/data/images/cell1505.png,0,mono,Train,9b00e4e1816aac3a8a5f273e2ec79b93,16063986510967270110
cell0229.png,/content/elpv-dataset/src/elpv_dataset/data/images/cell0229.png,1,poly,Train,f767ae5f7682af422462129e7d928a57,13451845330444127902
cell1155.png,/content/elpv-dataset/src/elpv_dataset/data/images/cell1155.png,0,mono,Train,fea536d0527beb9c213c84dce31b5395,13731086649014521502
cell2506.png,/content/elpv-dataset/src/elpv_dataset/data/images/cell2506.png,0,poly,Train,6a9879fd18b668e5030bd273b48f68f5,10271735013131726474
cell0408.png,/content/elpv-dataset/src/elpv_dataset/data/images/cell0408.png,1,mono,Train,024404a7c52b0633fc31f04e434f3fdc,9659544626937339786
cell0160.png,/content/elpv-dataset/src/elpv_dataset/data/images/cell0160.png,1,poly,Train,183347087b01088768339e2fb83c6450,14468025737027817099
cell0560.png,/content/elpv-dataset/src/elpv_dataset/data/images/cell0560.png,0,poly,Train,fa2a44364ea53cdfb6b7ceb076ef2653,16396067651127517898
cell2466.png,/content/elpv-dataset/src/elpv_dataset/data/images/cell2466.png,0,poly,Train,79da286fdca7bc188b689be030a8fd9f,3237180823569860483
cell0810.png,/content/elpv-dataset/src/elpv_dataset/data/images/cell0810.png,0,poly,Train,500e7ac91d105dcf079d75bd59aa3566,16761989442055080397
cell1364.png,/content/elpv-dataset/src/elpv_dataset/data/images/cell1364.png,0,mono,Train,fef46ca834bea2e7f940034780152124,9404226884243456646
cell2060.png,/content/elpv-dataset/src/elpv_dataset/data/images/cell2060.png,1,poly,Train,12448916d1bce670a84a476eba6a8627,2845376452755108759
cell0844.png,/content/elpv-dataset/src/elpv_dataset/data/images/cell0844.png,0,poly,Train,ed2206c1f6dc315251b551f2191caa69,13039846014948663022
cell1513.png,/content/elpv-dataset/src/elpv_dataset/data/images/cell1513.png,0,mono,Train,8ae1c2f554d62b365862d6bbd25a86bf,10281329334448720590
cell0067.png,/content/elpv-dataset/src/elpv_dataset/data/images/cell0067.png,0,poly,Train,3c396a9405d48eebabc2672d65b2acd5,14762965101335717580
cell0022.png,/content/elpv-dataset/src/elpv_dataset/data/images/cell0022.png,1,mono,Train,bc6082764a341fbc1511644837a6995b,9802118169350276742
cell0539.png,/content/elpv-dataset/src/elpv_dataset/data/images/cell0539.png,1,mono,Train,e09ed8bd8f49e4cef89bcdc00c32e228,14888547418929807102
cell1547.png,/content/elpv-dataset/src/elpv_dataset/data/images/cell1547.png,0,mono,Train,53d3f5912d3a00e9d753de6a4c23fce6,14911029889361440462
cell0007.png,/content/elpv-dataset/src/elpv_dataset/data/images/cell0007.png,1,mono,Train,b50833083be00dfc00696a59ba185f36,10269955642173326998
cell1798.png,/content/elpv-dataset/src/elpv_dataset/data/images/cell1798.png,0,poly,Train,b06166fdbb0d78fd57a16d9165f5c39f,15340639002116402734
cell0330.png,/content/elpv-dataset/src/elpv_dataset/data/images/cell0330.png,0,poly,Train,b2856c083eab9182f7b14a155e54e2b5,16322046198854111472
cell1876.png,/content/elpv-dataset/src/elpv_dataset/data/images/cell1876.png,0,poly,Train,cfacbc8affe20fd1a299392409f96163,9698084562119134926
cell1045.png,/content/elpv-dataset/src/elpv_dataset/data/images/cell1045.png,1,mono,Train,a607eddfd97afd1d0d55bb27cd4dfe3f,9259544348167668354
cell0293.png,/content/elpv-dataset/src/elpv_dataset/data/images/cell0293.png,1,poly,Train,408af815b5154f0b8c7cffbf1d62858d,17207865630265053874
cell0051.png,/content/elpv-dataset/src/elpv_dataset/data/images/cell0051.png,1,mono,Train,7f90e43659fcc90d0e0e7c0811a6b4f1,11863764027237633668
cell0688.png,/content/elpv-dataset/src/elpv_dataset/data/images/cell0688.png,0,poly,Train,90276bf97d631545412c3d742b2f326f,10534546432995635810
cell0292.png,/content/elpv-dataset/src/elpv_dataset/data/images/cell0292.png,1,poly,Train,314e2d748eb8877cabde5afdc1facf20,10851025926854986920
cell1350.png,/content/elpv-dataset/src/elpv_dataset/data/images/cell1350.png,0,mono,Train,f143a443ca9cacdf15aff60162fb9f0e,10851017060899528326
cell1881.png,/content/elpv-dataset/src/elpv_dataset/data/images/cell1881.png,0,poly,Train,7d025a8ab8d461ef43eced50bf0bdb77,11441094336816580278
cell1137.png,/content/elpv-dataset/src/elpv_dataset/data/images/cell1137.png,0,mono,Train,878280422ff31854af6baf956dedd7d7,10274556411674271374
cell1769.png,/content/elpv-dataset/src/elpv_dataset/data/images/cell1769.png,0,poly,Train,6524aa5c791a0b09f84e83afbbdd73aa,17506607612664139470
cell1985.png,/content/elpv-dataset/src/elpv_dataset/data/images/cell1985.png,0,poly,Train,6770a0a062d04968776d6e4c11589023,4792853384378503111
cell2148.png,/content/elpv-dataset/src/elpv_dataset/data/images/cell2148.png,0,mono,Train,1f65b8d09cc9aa2079f1dca9e189b6d9,13871793299301368448
cell0753.png,/content/elpv-dataset/src/elpv_dataset/data/images/cell0753.png,0,poly,Train,176011e796fed4af78ef66457881a70e,15489843889681396472
cell1073.png,/content/elpv-dataset/src/elpv_dataset/data/images/cell1073.png,1,mono,Train,5faa08bb09a37a4e5a60419304935319,11429817816216174334
cell0287.png,/content/elpv-dataset/src/elpv_dataset/data/images/cell0287.png,1,poly,Train,a4f2d7468545b2db17eab3dc9a791686,16919111920870917782
cell0255.png,/content/elpv-dataset/src/elpv_dataset/data/images/cell0255.png,1,poly,Train,dfa303125b33765d0e150170f782cecf,9711532433760040614
cell0377.png,/content/elpv-dataset/src/elpv_dataset/data/images/cell0377.png,1,mono,Train,3c2d4c23de06b6852b66f7e8372ef2db,9550368507013500894
cell1307.png,/content/elpv-dataset/src/elpv_dataset/data/images/cell1307.png,0,mono,Train,8fcc3cc60f650479c7851dcee5548ced,10851017163978741424
cell0337.png,/content/elpv-dataset/src/elpv_dataset/data/images/cell0337.png,0,poly,Train,7931359e6aa35a2587034e32a41c7cdf,16635046441675707640
cell2342.png,/content/elpv-dataset/src/elpv_dataset/data/images/cell2342.png,0,poly,Train,77db33495785bf8154e2a0353c864950,12110069818587886766
cell0268.png,/content/elpv-dataset/src/elpv_dataset/data/images/cell0268.png,1,poly,Train,5001e2851a04013a78180c8f1f94b57b,1932267350449101982
cell1415.png,/content/elpv-dataset/src/elpv_dataset/data/images/cell1415.png,1,mono,Train,ec1041ec1b97667801c65654b0113a66,14884008153625562782
cell0419.png,/content/elpv-dataset/src/elpv_dataset/data/images/cell0419.png,1,mono,Train,5f14cb94df24f3007172469493121a1b,14897609543433232110
cell2080.png,/content/elpv-dataset/src/elpv_dataset/data/images/cell2080.png,0,poly,Train,26dfc43c2f6b318298a208117ea1b3e9,14449437547696002764
cell0812.png,/content/elpv-dataset/src/elpv_dataset/data/images/cell0812.png,1,poly,Train,7f1493489f67375ab5e54786c3e8aafd,11135306881731300486
cell2363.png,/content/elpv-dataset/src/elpv_dataset/data/images/cell2363.png,0,poly,Train,7c92146753d90ebfae9f4e903174ea23,11975802209081229444
cell1087.png,/content/elpv-dataset/src/elpv_dataset/data/images/cell1087.png,1,mono,Train,177b6a20e9e5064374c69ecd623d234d,10125937520623388302
cell2444.png,/content/elpv-dataset/src/elpv_dataset/data/images/cell2444.png,0,mono,Train,9a933dc4851372961274ff27140557d2,9982943851519838850
cell0152.png,/content/elpv-dataset/src/elpv_dataset/data/images/cell0152.png,0,poly,Train,f7e602f026b428161c0688db3f97adff,11864366190282063088
cell2357.png,/content/elpv-dataset/src/elpv_dataset/data/images/cell2357.png,0,poly,Train,0d45c1a264ca3c0811f6845d726f0400,12011831014724244100
cell1251.png,/content/elpv-dataset/src/elpv_dataset/data/images/cell1251.png,0,mono,Train,32df699c5013b7e5d9202497889241d3,9695834994610441886
cell1924.png,/content/elpv-dataset/src/elpv_dataset/data/images/cell1924.png,0,poly,Train,20cc84cf7106fdc36ce08138d8e6fa30,12942144210836844232
cell1875.png,/content/elpv-dataset/src/elpv_dataset/data/images/cell1875.png,0,poly,Train,53e7eb92df09ab99bd1a1ac42be4cfaa,13447360131598036702
cell1066.png,/content/elpv-dataset/src/elpv_dataset/data/images/cell1066.png,0,mono,Train,34e3f5624b0798da8a3b745688b84797,9259542131897303174
cell1150.png,/content/elpv-dataset/src/elpv_dataset/data/images/cell1150.png,0,mono,Train,5bfea83de9ce0e9c57f3b4e22e61446d,9694141720832673920
cell2370.png,/content/elpv-dataset/src/elpv_dataset/data/images/cell2370.png,0,poly,Train,8fa30a92a45c8359b050ef9ffaad7db9,12518870393799548558
cell2074.png,/content/elpv-dataset/src/elpv_dataset/data/images/cell2074.png,1,poly,Train,fedefbed69cd05efba4d34697dbac47d,9262944244853801678
cell0119.png,/content/elpv-dataset/src/elpv_dataset/data/images/cell0119.png,0,poly,Train,93fdb7470b00309614412881fe5e717b,14622131182880869014
cell1637.png,/content/elpv-dataset/src/elpv_dataset/data/images/cell1637.png,1,poly,Train,9757ce9745cca8736bfa3e07ffff3a37,9405530046142910118
cell0108.png,/content/elpv-dataset/src/elpv_dataset/data/images/cell0108.png,0,poly,Train,c31dcff95146b03263d1d46ac368d170,16890882441368342674
cell1051.png,/content/elpv-dataset/src/elpv_dataset/data/images/cell1051.png,0,mono,Train,6d31eb670ed5ea37c2f8036c7a42651e,11430029887738388222
cell1939.png,/content/elpv-dataset/src/elpv_dataset/data/images/cell1939.png,0,poly,Train,070211c799880d9b8ebe3e3914c46ad3,12596127247359902098
cell2064.png,/content/elpv-dataset/src/elpv_dataset/data/images/cell2064.png,0,poly,Train,280edd0983fae726ce24efb9d104b4eb,7687247119637190293
cell0060.png,/content/elpv-dataset/src/elpv_dataset/data/images/cell0060.png,0,mono,Train,8d23178734de5d0524198bc7e8a530ec,11425217251520712366
cell1353.png,/content/elpv-dataset/src/elpv_dataset/data/images/cell1353.png,0,mono,Train,81ac89132eedb00de1a3dcad9ff6e879,9693860271862224526
cell1240.png,/content/elpv-dataset/src/elpv_dataset/data/images/cell1240.png,0,mono,Train,593b22cc11564f704d287e5d48b7c5bc,10849037974193475462
cell1097.png,/content/elpv-dataset/src/elpv_dataset/data/images/cell1097.png,1,mono,Train,53a8f8eba73396b79f2fbe91def32588,14883990527075589822
cell0820.png,/content/elpv-dataset/src/elpv_dataset/data/images/cell0820.png,0,poly,Train,2fb0bc4482f0abd57dee6d7f8b4afbea,10131021860495070949
cell1685.png,/content/elpv-dataset/src/elpv_dataset/data/images/cell1685.png,0,poly,Train,4ebe75690c098028cb65baf1fa0dc467,13526560380486930399
cell0476.png,/content/elpv-dataset/src/elpv_dataset/data/images/cell0476.png,1,mono,Train,bdcabacfd4298016bf64941d9ee16b96,10271176409615467152
cell2531.png,/content/elpv-dataset/src/elpv_dataset/data/images/cell2531.png,0,poly,Train,084e9e5891dc06e927e8c47772aeb91f,9404222624106189968
cell0965.png,/content/elpv-dataset/src/elpv_dataset/data/images/cell0965.png,0,mono,Train,2d51bd884244de099904e65df7fa6275,10270043912740441730
cell0430.png,/content/elpv-dataset/src/elpv_dataset/data/images/cell0430.png,1,mono,Train,40aa21184fcdca1afb8b32a4613fd3f7,14452229903268479104
cell2306.png,/content/elpv-dataset/src/elpv_dataset/data/images/cell2306.png,0,poly,Train,ed239b5608047bd9de2a48595511ad08,12017519320513418884
cell0037.png,/content/elpv-dataset/src/elpv_dataset/data/images/cell0037.png,1,mono,Train,4fa893151fb56657eb58edfa5fc24f54,1541566149122987658
cell2180.png,/content/elpv-dataset/src/elpv_dataset/data/images/cell2180.png,0,mono,Train,549beb61dc62985f3427c7b472404ed4,13872923614502094468
cell2471.png,/content/elpv-dataset/src/elpv_dataset/data/images/cell2471.png,0,poly,Train,3cdf908a4666f04122fb52c2460ac8ce,14612657777458931366
cell0631.png,/content/elpv-dataset/src/elpv_dataset/data/images/cell0631.png,1,poly,Train,692fd0024bccd7da2f13fd7003e6fa48,15771310018628334519
cell1343.png,/content/elpv-dataset/src/elpv_dataset/data/images/cell1343.png,0,mono,Train,e00f19d8d397dc4868dd043b19aad742,9404222469017338498
cell1034.png,/content/elpv-dataset/src/elpv_dataset/data/images/cell1034.png,0,mono,Train,776a2cc60c9e76e321ccc76221f60f57,18212203462888693406
cell0182.png,/content/elpv-dataset/src/elpv_dataset/data/images/cell0182.png,1,poly,Train,1de9b78e94b544b2db810bcac181277c,14736484521346911950
cell1766.png,/content/elpv-dataset/src/elpv_dataset/data/images/cell1766.png,0,poly,Train,7ac59957b6849685c1b2ac0221390391,16710293828373288838
cell0590.png,/content/elpv-dataset/src/elpv_dataset/data/images/cell0590.png,0,poly,Train,670b2a0f501f56512fc4228b20680fb9,10380837327027355840
cell1223.png,/content/elpv-dataset/src/elpv_dataset/data/images/cell1223.png,1,mono,Train,8ca2474f4b1f24214dc325023dcaf57b,12878811395578313650
cell0545.png,/content/elpv-dataset/src/elpv_dataset/data/images/cell0545.png,0,poly,Train,de429eb1c858260230cd4a1bea8d2472,15052407234231584912
cell2091.png,/content/elpv-dataset/src/elpv_dataset/data/images/cell2091.png,0,poly,Train,40af7818a02bf121e9996d24f7e59948,10496705360989955692
cell1132.png,/content/elpv-dataset/src/elpv_dataset/data/images/cell1132.png,1,mono,Train,b5443cacbacabf3500009728c5628f94,10276809311133802138
cell2193.png,/content/elpv-dataset/src/elpv_dataset/data/images/cell2193.png,0,mono,Train,612f14723ed1fb424f481e47db4e5592,15604566501813554824
cell1305.png,/content/elpv-dataset/src/elpv_dataset/data/images/cell1305.png,0,mono,Train,ac097214070f3b756a8d749eaeb6e69f,12582651221109544590
cell0854.png,/content/elpv-dataset/src/elpv_dataset/data/images/cell0854.png,1,poly,Train,ef5fbff38ca8867a16acf1ba06b24c6b,10272322186766221955
cell0859.png,/content/elpv-dataset/src/elpv_dataset/data/images/cell0859.png,1,poly,Train,872e95a7161a8836def87a7aebc2b122,14691838973298911395
cell1001.png,/content/elpv-dataset/src/elpv_dataset/data/images/cell1001.png,0,mono,Train,30edeab726d2362ca5ba235801394bb3,9404220269926712964
cell1688.png,/content/elpv-dataset/src/elpv_dataset/data/images/cell1688.png,0,poly,Train,db487b6d816d9b8f839f7cc20d6ac3c3,12577017597866720910
cell2620.png,/content/elpv-dataset/src/elpv_dataset/data/images/cell2620.png,0,poly,Train,1317a98e7ce7850487f679cce90e0906,11073979497216903886
cell1501.png,/content/elpv-dataset/src/elpv_dataset/data/images/cell1501.png,0,mono,Train,0042a07efafee0272cf6a7ee963b5f5d,9261793957447239818
cell1832.png,/content/elpv-dataset/src/elpv_dataset/data/images/cell1832.png,0,poly,Train,a0db238b75e4e3309aab07fd77241a1b,10821530452402408604
cell0288.png,/content/elpv-dataset/src/elpv_dataset/data/images/cell0288.png,1,poly,Train,5355c7b7b6b0ad1008bdb7f5985dd3b6,10568403041618681598
cell0790.png,/content/elpv-dataset/src/elpv_dataset/data/images/cell0790.png,1,poly,Train,d3cbfd879161485207f289216b16cebe,16036973846331180166
cell2109.png,/content/elpv-dataset/src/elpv_dataset/data/images/cell2109.png,0,poly,Train,d4c19bd979f363eedc52ed9533f6c45a,13447360131243948538
cell2487.png,/content/elpv-dataset/src/elpv_dataset/data/images/cell2487.png,0,poly,Train,7922f732b74ceb6829ea2a202836f4e6,11954177342015464660
cell1078.png,/content/elpv-dataset/src/elpv_dataset/data/images/cell1078.png,0,mono,Train,2ece8c434fcdb58aa7bdec492ee4866d,11425243709327736574
cell1214.png,/content/elpv-dataset/src/elpv_dataset/data/images/cell1214.png,0,mono,Train,cc7818e739aada17eedbf3524b30bc2b,11425243639800303254
cell0370.png,/content/elpv-dataset/src/elpv_dataset/data/images/cell0370.png,1,mono,Train,46e6a77e26e360df1e1d8ff5a06635e8,9223513334911997064
cell2038.png,/content/elpv-dataset/src/elpv_dataset/data/images/cell2038.png,1,poly,Train,ef8dab81d15e39e579ab9b6a0aebc91e,15480717650712909403
cell0933.png,/content/elpv-dataset/src/elpv_dataset/data/images/cell0933.png,0,mono,Train,bc355916ae0de24cd10d8ed8d4bf72ea,10274573970173763214
cell0137.png,/content/elpv-dataset/src/elpv_dataset/data/images/cell0137.png,0,poly,Train,e982845dc896250a3ce49c853306d9f4,16620251708312587678
cell0324.png,/content/elpv-dataset/src/elpv_dataset/data/images/cell0324.png,1,poly,Train,7d8089bb04f98222c39d1cc3f9526075,17362664795709285528
cell2418.png,/content/elpv-dataset/src/elpv_dataset/data/images/cell2418.png,0,mono,Train,14fcd058074e43b1578c11ac1c1f931c,9405357182331817630
cell0033.png,/content/elpv-dataset/src/elpv_dataset/data/images/cell0033.png,1,mono,Train,2801cad0a4583af963aa0b1da5559fe9,10272322135192929926
cell1623.png,/content/elpv-dataset/src/elpv_dataset/data/images/cell1623.png,1,poly,Train,c772af4625ba4a0b4e99a665397d613a,10134475905575298694
cell1210.png,/content/elpv-dataset/src/elpv_dataset/data/images/cell1210.png,0,mono,Train,f392e928ee32aaf5833223c1595231d6,11425243639800827550
cell2150.png,/content/elpv-dataset/src/elpv_dataset/data/images/cell2150.png,0,mono,Train,5974cc2c93c70165d66f4dab4a6c45ec,14739875373358419652
cell0096.png,/content/elpv-dataset/src/elpv_dataset/data/images/cell0096.png,0,poly,Train,f1c9ebb97e78599dabd7cef6788b963a,10702424824515310234
cell0092.png,/content/elpv-dataset/src/elpv_dataset/data/images/cell0092.png,0,poly,Train,1c4d0887b0737cca0ae7fcf04768cb02,12009038263408430310
cell0694.png,/content/elpv-dataset/src/elpv_dataset/data/images/cell0694.png,1,poly,Train,2f206f625cccc9a98e442c64cafa6841,12589448488961228470
cell0034.png,/content/elpv-dataset/src/elpv_dataset/data/images/cell0034.png,1,mono,Train,8309a404509f13afe0f3b2ce6de6d55d,9259543364519362992
cell0707.png,/content/elpv-dataset/src/elpv_dataset/data/images/cell0707.png,1,poly,Train,2b8b88f0fe41a742229a1e486aef3a1f,10570663672017237674
cell2226.png,/content/elpv-dataset/src/elpv_dataset/data/images/cell2226.png,0,poly,Train,3c2a235958432baea7c011fb4236fb3a,9260118327597237902
cell0404.png,/content/elpv-dataset/src/elpv_dataset/data/images/cell0404.png,1,mono,Train,f0aea8b5bc0daa616899d9003d42081b,10132171846058049926
cell2507.png,/content/elpv-dataset/src/elpv_dataset/data/images/cell2507.png,0,poly,Train,967a50ac72a6ee34649d6fd6892d23cb,10143481630554895506
cell0901.png,/content/elpv-dataset/src/elpv_dataset/data/images/cell0901.png,0,mono,Train,4079486305c74b68879b7ca85a941df4,9693591956395820686
cell2541.png,/content/elpv-dataset/src/elpv_dataset/data/images/cell2541.png,0,poly,Train,3e84c78b7b90f0d95ffeb7c15ea164d3,10719928938132069534
cell1738.png,/content/elpv-dataset/src/elpv_dataset/data/images/cell1738.png,0,poly,Train,434b49e4a42fb16bff11d00dbf7a5954,907077926962764460
cell2183.png,/content/elpv-dataset/src/elpv_dataset/data/images/cell2183.png,1,mono,Train,60f908d6d281df85235ca49fcf3863e9,9260105081850856064
cell0736.png,/content/elpv-dataset/src/elpv_dataset/data/images/cell0736.png,0,poly,Train,3f3e00dda586cbefac0c525401650d59,10860033125911012044
cell0482.png,/content/elpv-dataset/src/elpv_dataset/data/images/cell0482.png,1,mono,Train,d626f1623218dd2a5f1411f1b81b91f7,14883990561299268230
cell0356.png,/content/elpv-dataset/src/elpv_dataset/data/images/cell0356.png,0,poly,Train,87d20a5de72e2016b59c73e6df5aee0c,10706397458843700627
cell0157.png,/content/elpv-dataset/src/elpv_dataset/data/images/cell0157.png,0,poly,Train,3097fe9875644e349278badaaf3bd113,15622091871208589258
cell2375.png,/content/elpv-dataset/src/elpv_dataset/data/images/cell2375.png,0,poly,Train,d8f0a6b02bc0d1b3acd039105a4cf875,12271072358993391502
cell0389.png,/content/elpv-dataset/src/elpv_dataset/data/images/cell0389.png,1,mono,Train,d03202349503318f7c7f898cc7ce590c,10276823505614706320
cell1755.png,/content/elpv-dataset/src/elpv_dataset/data/images/cell1755.png,0,poly,Train,782b4b097d61db24e739f7fbacf1ca4e,16260698961882290826
cell0574.png,/content/elpv-dataset/src/elpv_dataset/data/images/cell0574.png,0,poly,Train,a43bf6fdcd0772673d1ddad5fdd93b64,7975508703629853942
cell1837.png,/content/elpv-dataset/src/elpv_dataset/data/images/cell1837.png,1,poly,Train,0398bf20ae55db50838d714548565534,5770890450353592077
cell1726.png,/content/elpv-dataset/src/elpv_dataset/data/images/cell1726.png,0,poly,Train,b6e87acbec2fc2965b7f1c422b3fe979,13454071221692591838
cell1744.png,/content/elpv-dataset/src/elpv_dataset/data/images/cell1744.png,0,poly,Train,fdde547b3b6f6287bbc5b2c1127c9c9b,11429157616073908099
cell1213.png,/content/elpv-dataset/src/elpv_dataset/data/images/cell1213.png,0,mono,Train,b81adb13dd7f20b3732f6db6e32a4bb6,11425243639800303262
cell0929.png,/content/elpv-dataset/src/elpv_dataset/data/images/cell0929.png,0,mono,Train,5b1af886d475b905c04b3af54e74b625,9404222468949967490
cell1288.png,/content/elpv-dataset/src/elpv_dataset/data/images/cell1288.png,0,mono,Train,3abdc93951a036e1720a6dc74e00ff54,10277107278785975950
cell1802.png,/content/elpv-dataset/src/elpv_dataset/data/images/cell1802.png,0,poly,Train,2182efa4bb29730f12095201d1a828a2,13182259080743131826
cell1000.png,/content/elpv-dataset/src/elpv_dataset/data/images/cell1000.png,0,mono,Train,cb3f6d22845853c70facfe0549f8f547,9839958978779319950
cell2587.png,/content/elpv-dataset/src/elpv_dataset/data/images/cell2587.png,0,poly,Train,982d41d97f675c28d4a8fe947cb34370,13170639424709870280
cell1355.png,/content/elpv-dataset/src/elpv_dataset/data/images/cell1355.png,0,mono,Train,55eb7fe20be96785cd0aa4c7bbe4385c,10846504664910042762
cell0892.png,/content/elpv-dataset/src/elpv_dataset/data/images/cell0892.png,1,poly,Train,8fa98280e702949131f2b6bb64e8d83e,14609889072877841632
cell2233.png,/content/elpv-dataset/src/elpv_dataset/data/images/cell2233.png,0,poly,Train,039e5250efa33367c6059f17060359fc,10853286487123205822
cell0019.png,/content/elpv-dataset/src/elpv_dataset/data/images/cell0019.png,1,mono,Train,97134cdd7b5b8e26383d5a97374e1feb,9840994778867860098
cell0881.png,/content/elpv-dataset/src/elpv_dataset/data/images/cell0881.png,1,poly,Train,7dfa8f4d9aee5e631532975447c244dd,14762481608378201782
cell1987.png,/content/elpv-dataset/src/elpv_dataset/data/images/cell1987.png,0,poly,Train,1a9aca1bfd825ca6927b2fe84d37042a,11077972007133681337
cell2207.png,/content/elpv-dataset/src/elpv_dataset/data/images/cell2207.png,1,mono,Train,09411eef53d7b81b6a188c20840d1ac5,10704641276647344338
cell2595.png,/content/elpv-dataset/src/elpv_dataset/data/images/cell2595.png,0,poly,Train,58e8cd755b62b244967fccfcdf9c5c4c,15483013602217483982
cell2508.png,/content/elpv-dataset/src/elpv_dataset/data/images/cell2508.png,0,poly,Train,c852eb5fc6bf5afbbdd3b2c5cb5dca38,11135300241677910666
cell0074.png,/content/elpv-dataset/src/elpv_dataset/data/images/cell0074.png,0,poly,Train,e4274fa83a84a1373cb769aaf749a61f,12294530788233364162
cell0493.png,/content/elpv-dataset/src/elpv_dataset/data/images/cell0493.png,1,mono,Train,0e55c074e2cc22031f5e95abb8ae4ef4,14033993632656037798
cell2085.png,/content/elpv-dataset/src/elpv_dataset/data/images/cell2085.png,0,poly,Train,d7a38f45b3ce3bfcb53cbfb7f9fa680d,11139291616481180366
cell0870.png,/content/elpv-dataset/src/elpv_dataset/data/images/cell0870.png,1,poly,Train,ff079e0dce725167d89935e8685d4d2b,12151996645397269672
cell0363.png,/content/elpv-dataset/src/elpv_dataset/data/images/cell0363.png,1,mono,Train,77766ef023cdfd46ce5aed8dbe443ca2,9511743711233326814
cell0371.png,/content/elpv-dataset/src/elpv_dataset/data/images/cell0371.png,1,mono,Train,d8f41863f684d6df544a3148aa1fe3db,9368193163485154450
cell0822.png,/content/elpv-dataset/src/elpv_dataset/data/images/cell0822.png,0,poly,Train,0460fecddb63d9a2ae9ef7ec269ce4bc,9264054518994338436
cell1019.png,/content/elpv-dataset/src/elpv_dataset/data/images/cell1019.png,0,mono,Train,63397431ad1848829c435b5e09ec1c91,14884025745808461452
cell0355.png,/content/elpv-dataset/src/elpv_dataset/data/images/cell0355.png,0,poly,Train,a5884d5d904edc06800b459398dbabe9,12019718308161836244
cell2170.png,/content/elpv-dataset/src/elpv_dataset/data/images/cell2170.png,0,mono,Train,ae070fff22985e692e51682e0ef0a9a1,14451644997206181576
cell1053.png,/content/elpv-dataset/src/elpv_dataset/data/images/cell1053.png,1,mono,Train,685439899bf2b696d396502bdf1c7501,10281311742261632670
cell0912.png,/content/elpv-dataset/src/elpv_dataset/data/images/cell0912.png,1,mono,Train,018b1e4b4b7d843e24bff3735435100f,14888494333532477062
cell1446.png,/content/elpv-dataset/src/elpv_dataset/data/images/cell1446.png,0,mono,Train,74442685dfd8b74643de90b316eba1d1,10853268860577943174
cell1855.png,/content/elpv-dataset/src/elpv_dataset/data/images/cell1855.png,0,poly,Train,ab356f3a4602ed3a92b830062496a2e4,12581894894672322206
cell0410.png,/content/elpv-dataset/src/elpv_dataset/data/images/cell0410.png,0,mono,Train,ddc6e6bda83872648ad906532c0aca84,9513436424280901346
cell1963.png,/content/elpv-dataset/src/elpv_dataset/data/images/cell1963.png,0,poly,Train,6975fe41bfc353bc6e2ebca2796369c2,12424541827540321942
cell1576.png,/content/elpv-dataset/src/elpv_dataset/data/images/cell1576.png,0,mono,Train,76e37f62f179901c4ffb1b59d4cec050,9405911310253852800
cell2362.png,/content/elpv-dataset/src/elpv_dataset/data/images/cell2362.png,1,poly,Train,b841c178b4b3a6473595ce69aff490e5,11975748899947156100
cell0140.png,/content/elpv-dataset/src/elpv_dataset/data/images/cell0140.png,0,poly,Train,f9f512533178903a10061335fea208b2,16640345438931366787
cell0500.png,/content/elpv-dataset/src/elpv_dataset/data/images/cell0500.png,0,mono,Train,b2369835ce76da5649126970b98e1e97,9259542131964642432
cell2113.png,/content/elpv-dataset/src/elpv_dataset/data/images/cell2113.png,0,poly,Train,639ca8a1b0b8118602fe71743594ec76,10864567497680859826
cell2517.png,/content/elpv-dataset/src/elpv_dataset/data/images/cell2517.png,1,poly,Train,dbaf65aa22f7aaad3cc3710a4d0cd7ec,11429778199030838506
cell0109.png,/content/elpv-dataset/src/elpv_dataset/data/images/cell0109.png,0,poly,Train,4a0fe19cefdb203fe639613e74fb15af,14621174332045693586
cell1749.png,/content/elpv-dataset/src/elpv_dataset/data/images/cell1749.png,0,poly,Train,a20998c5f506b5713de9bd0edbaccd4e,12796343608553483926
cell0448.png,/content/elpv-dataset/src/elpv_dataset/data/images/cell0448.png,1,mono,Train,2640e98d53191125cf30dee7f2d002bd,9980962488583225736
cell1306.png,/content/elpv-dataset/src/elpv_dataset/data/images/cell1306.png,1,mono,Train,b47b02d9b226dd03122fa28ffc5047d3,10270039566235637434
cell1535.png,/content/elpv-dataset/src/elpv_dataset/data/images/cell1535.png,0,mono,Train,3c813f5f93feb6e96e590993018333c4,9703151136358042756
cell1453.png,/content/elpv-dataset/src/elpv_dataset/data/images/cell1453.png,0,mono,Train,f930b49f1c495827288be02b4ce3db3e,10272313304740171406
cell0013.png,/content/elpv-dataset/src/elpv_dataset/data/images/cell0013.png,1,mono,Train,751bcde6853c41c2d26dbaa3d7f8cb5a,14322201760977028750
cell1631.png,/content/elpv-dataset/src/elpv_dataset/data/images/cell1631.png,1,poly,Train,236f6965a6451fc76668072d020451be,14296174052914995918
cell0835.png,/content/elpv-dataset/src/elpv_dataset/data/images/cell0835.png,1,poly,Train,f3e8788a6e7745d6409654a3d95ef04b,17912653640300797598
cell1715.png,/content/elpv-dataset/src/elpv_dataset/data/images/cell1715.png,0,poly,Train,7113eecb6ea865e62402087f60693f16,11136426081557581446
cell1235.png,/content/elpv-dataset/src/elpv_dataset/data/images/cell1235.png,0,mono,Train,bd3852a8e7e17445874b19e4f1f0a20d,10848756499216764558
cell0294.png,/content/elpv-dataset/src/elpv_dataset/data/images/cell0294.png,1,poly,Train,418d44e9a08111b1b8890dd332a85eb3,18356281603556022713
cell2286.png,/content/elpv-dataset/src/elpv_dataset/data/images/cell2286.png,0,poly,Train,3cd8718bc877b7f5b7b8b16823b5ed7e,11429157615537065859
cell0779.png,/content/elpv-dataset/src/elpv_dataset/data/images/cell0779.png,0,poly,Train,e3e15a8efc3326b0ed136bf4c120a64d,10426027273419403393
cell1753.png,/content/elpv-dataset/src/elpv_dataset/data/images/cell1753.png,0,poly,Train,5bacc9cf1ca1371f7705c3bf2e7fe7fb,16059507064411401878
cell1064.png,/content/elpv-dataset/src/elpv_dataset/data/images/cell1064.png,1,mono,Train,0dadd45a17c28fa3b4f93187ba42e134,9259542123273814150
cell1311.png,/content/elpv-dataset/src/elpv_dataset/data/images/cell1311.png,0,mono,Train,815a02a4d18f13e01f78bcdff17f6d03,9981822332681750158
cell2530.png,/content/elpv-dataset/src/elpv_dataset/data/images/cell2530.png,0,poly,Train,beb5b39082184227fa84c5d9f2a8a753,14015917438693577908
cell1149.png,/content/elpv-dataset/src/elpv_dataset/data/images/cell1149.png,0,mono,Train,94868aa359dcb967af9ec73688dd0855,9406478709927872642
cell0372.png,/content/elpv-dataset/src/elpv_dataset/data/images/cell0372.png,1,mono,Train,096083547e6c1177b674a29a14a5974b,10295183405981040534
cell0455.png,/content/elpv-dataset/src/elpv_dataset/data/images/cell0455.png,1,mono,Train,6f88ca022c8088e01bdbc59be70d4fe5,11425507592568475534
cell1678.png,/content/elpv-dataset/src/elpv_dataset/data/images/cell1678.png,0,poly,Train,fe9e26b6cce83fb49e72c09a24f279ee,2276072882262908038
cell2029.png,/content/elpv-dataset/src/elpv_dataset/data/images/cell2029.png,0,poly,Train,08e8652db6b77bcacf9049faef892022,10344371105376142030
cell0922.png,/content/elpv-dataset/src/elpv_dataset/data/images/cell0922.png,0,mono,Train,51f56ead7dc55cabe3a735c15cf1e64e,9404229083267368590
cell0635.png,/content/elpv-dataset/src/elpv_dataset/data/images/cell0635.png,0,poly,Train,8ec4ea118af06d673eeb58ee8f90eb5e,9000134819096354042
cell1697.png,/content/elpv-dataset/src/elpv_dataset/data/images/cell1697.png,0,poly,Train,79c0763f7096a1918d93ab98592b8fdb,9836514725155216797
cell0312.png,/content/elpv-dataset/src/elpv_dataset/data/images/cell0312.png,1,poly,Train,e31a0c64b88be85f9934d6ba09fb084d,10642171525878687414
cell0316.png,/content/elpv-dataset/src/elpv_dataset/data/images/cell0316.png,1,poly,Train,d993bbef00b4c512d5fbfc1f9915fa41,9697277658427982502
cell1872.png,/content/elpv-dataset/src/elpv_dataset/data/images/cell1872.png,0,poly,Train,abfc6e89e33ff6a090488da35dbbb676,9409853060502824066
cell0873.png,/content/elpv-dataset/src/elpv_dataset/data/images/cell0873.png,1,poly,Train,18046aaf144a7da2f2930f21dc0292a1,11153959401789771470
cell1027.png,/content/elpv-dataset/src/elpv_dataset/data/images/cell1027.png,0,mono,Train,40ee5fa6d2b25fbfe413c15f6d93adac,9259546521320325248
cell0089.png,/content/elpv-dataset/src/elpv_dataset/data/images/cell0089.png,1,poly,Train,f9317c14e6435fad892d4342a28a330c,10702954883445476582
cell0392.png,/content/elpv-dataset/src/elpv_dataset/data/images/cell0392.png,1,mono,Train,d95d941d6747e8c33a0d383a217f37c8,14888505104470023348
cell2249.png,/content/elpv-dataset/src/elpv_dataset/data/images/cell2249.png,0,poly,Train,1bbc3d6321cb34aa545adad691a66c68,11429800015986658990
cell0750.png,/content/elpv-dataset/src/elpv_dataset/data/images/cell0750.png,0,poly,Train,be5efb8e40d828a4d0106f558fda8856,2648302263076947094
cell0302.png,/content/elpv-dataset/src/elpv_dataset/data/images/cell0302.png,0,poly,Train,eea184442563154d0d0d9237fa851031,11577773878042608772
cell1511.png,/content/elpv-dataset/src/elpv_dataset/data/images/cell1511.png,0,mono,Train,f92a1acc0df75a1c474d800533ec5cfb,11434250839055567566
cell1341.png,/content/elpv-dataset/src/elpv_dataset/data/images/cell1341.png,0,mono,Train,02f0e673056846b956e1388ce51633fe,9404224685153092226
cell2245.png,/content/elpv-dataset/src/elpv_dataset/data/images/cell2245.png,0,poly,Train,b0d065903ae8b786c7d1b2241afe2daf,9404083939066282510
cell1660.png,/content/elpv-dataset/src/elpv_dataset/data/images/cell1660.png,0,poly,Train,1801b59c9d1dcd52e6a778312e69f3b0,11134180921627543196
cell2094.png,/content/elpv-dataset/src/elpv_dataset/data/images/cell2094.png,0,poly,Train,63a362121ab85e8cba266ec7fde5a7fe,15614743755086821586
cell0380.png,/content/elpv-dataset/src/elpv_dataset/data/images/cell0380.png,1,mono,Train,eb7c1bb516eb096835b4622d535a7fa8,13871228141701333895
cell2111.png,/content/elpv-dataset/src/elpv_dataset/data/images/cell2111.png,0,poly,Train,050a565322f6d7cbf9a58bf88395de92,10281342614586705964
cell1674.png,/content/elpv-dataset/src/elpv_dataset/data/images/cell1674.png,1,poly,Train,433bf8cb601576f2859e0104efebe909,3718337930483833241
cell2063.png,/content/elpv-dataset/src/elpv_dataset/data/images/cell2063.png,0,poly,Train,096e7fffce80105928b6b6fca7316463,16838561906055091844
cell2289.png,/content/elpv-dataset/src/elpv_dataset/data/images/cell2289.png,1,poly,Train,d83836c9202b9750dececb5a03a99c5e,9702713901204819692
cell1725.png,/content/elpv-dataset/src/elpv_dataset/data/images/cell1725.png,0,poly,Train,8b5cf57a8b95ff5cb40e628e46167c5c,10200001071742377363
cell0223.png,/content/elpv-dataset/src/elpv_dataset/data/images/cell0223.png,1,poly,Train,89c4dcb33e51de94902c4ccba769f28f,3042355849059522127
cell2540.png,/content/elpv-dataset/src/elpv_dataset/data/images/cell2540.png,0,poly,Train,262841771925b9c081e74be2ed2f32fd,11139271901454447834
cell0578.png,/content/elpv-dataset/src/elpv_dataset/data/images/cell0578.png,1,poly,Train,b739826cc586133f39d776e1cc62bf4c,16204761672691785938
cell2267.png,/content/elpv-dataset/src/elpv_dataset/data/images/cell2267.png,0,poly,Train,7d4e33ed8e12a5070e5f4fdb3861ddff,10276843327011593963
cell2258.png,/content/elpv-dataset/src/elpv_dataset/data/images/cell2258.png,0,poly,Train,5358becef0948f156fcee0d76f821fb8,9403657320140932736
cell1201.png,/content/elpv-dataset/src/elpv_dataset/data/images/cell1201.png,0,mono,Train,e035967173d99fe4db681dc5a28c5ab7,9695272044656494726
cell2467.png,/content/elpv-dataset/src/elpv_dataset/data/images/cell2467.png,0,poly,Train,e386462ab7f7d713caffb581d7dea256,13161395577997098190
cell0566.png,/content/elpv-dataset/src/elpv_dataset/data/images/cell0566.png,0,poly,Train,a762240bcb72d696705bb08bd5f6bd8a,11858702021832254636
cell1636.png,/content/elpv-dataset/src/elpv_dataset/data/images/cell1636.png,0,poly,Train,3da9167ba29a5679f6f3d2d5bcde99b8,3288901531908634226
cell1445.png,/content/elpv-dataset/src/elpv_dataset/data/images/cell1445.png,0,mono,Train,ee7713b2232662c8aaa204ccd0fc3d71,10851017164112957086
cell1916.png,/content/elpv-dataset/src/elpv_dataset/data/images/cell1916.png,0,poly,Train,594a13f5db848d6deca4fa87e712821a,9550633609238054020
cell1624.png,/content/elpv-dataset/src/elpv_dataset/data/images/cell1624.png,1,poly,Train,1f9c485b6e4237fec5ca295b2077397e,15769016063306008764
cell1613.png,/content/elpv-dataset/src/elpv_dataset/data/images/cell1613.png,0,mono,Train,748748c8ca09c9a3076f5edc99a70e53,12587207665473464990
cell1646.png,/content/elpv-dataset/src/elpv_dataset/data/images/cell1646.png,1,poly,Train,0ed83a122171870646264ccd6784ec68,16493913214714064842
cell1182.png,/content/elpv-dataset/src/elpv_dataset/data/images/cell1182.png,1,mono,Train,3a3e9f8777e9ddb8acd94ace9e3c3821,9550024333733169282
cell1167.png,/content/elpv-dataset/src/elpv_dataset/data/images/cell1167.png,0,mono,Train,4722b47f0585d16ec868f5347306452b,9695834994609917062
cell0719.png,/content/elpv-dataset/src/elpv_dataset/data/images/cell0719.png,0,poly,Train,89175289db5d0efbf251681197522a0c,14325375046530295540
cell2522.png,/content/elpv-dataset/src/elpv_dataset/data/images/cell2522.png,0,poly,Train,5d07ad7e164368e2c75c5d3bb98833f9,15475684059464519372
cell1083.png,/content/elpv-dataset/src/elpv_dataset/data/images/cell1083.png,0,mono,Train,4fff6975cd9a1e4a676cfe757877d204,9553980436666812046
cell0825.png,/content/elpv-dataset/src/elpv_dataset/data/images/cell0825.png,0,poly,Train,e72d910fc59f75e58cc67fa0a27590ae,12725066452098515082
cell1926.png,/content/elpv-dataset/src/elpv_dataset/data/images/cell1926.png,0,poly,Train,c980f8b2082823ce12ff89e076b320e5,2741720817567829150
cell1885.png,/content/elpv-dataset/src/elpv_dataset/data/images/cell1885.png,0,poly,Train,47373edcbb46c3ea40fc25a28b1ee4c9,9123886917185615512
cell2569.png,/content/elpv-dataset/src/elpv_dataset/data/images/cell2569.png,0,poly,Train,f5ffaf69905388d8cc6a0da74c7ddbe1,14595830829038866072
cell0840.png,/content/elpv-dataset/src/elpv_dataset/data/images/cell0840.png,0,poly,Train,a1e8aab4e4fd6c5075c4e2d59606690b,16884213680783909682
cell1922.png,/content/elpv-dataset/src/elpv_dataset/data/images/cell1922.png,0,poly,Train,211d85503c1a2f0c95e19437e827da50,1900408624640856755
cell0407.png,/content/elpv-dataset/src/elpv_dataset/data/images/cell0407.png,1,mono,Train,7493b5f9c4050ee9a97c97bb35d2c085,16005721327114782606
cell2165.png,/content/elpv-dataset/src/elpv_dataset/data/images/cell2165.png,0,mono,Train,3ec84fcf98b65ccd338d3d189436e697,15892788047512505496
cell0651.png,/content/elpv-dataset/src/elpv_dataset/data/images/cell0651.png,0,poly,Train,853710ba177af0e137493921fc597cc5,16783502865686182843
cell2608.png,/content/elpv-dataset/src/elpv_dataset/data/images/cell2608.png,0,poly,Train,527a705405fbe10275de46b12b3cc654,17062708104766869134
cell1861.png,/content/elpv-dataset/src/elpv_dataset/data/images/cell1861.png,0,poly,Train,85a1036576132727b9701dca37feb7eb,11353529124058961580
cell2528.png,/content/elpv-dataset/src/elpv_dataset/data/images/cell2528.png,0,poly,Train,1414e85a58a84a01ef9a66cccd066ae4,9404884727474196632
cell0898.png,/content/elpv-dataset/src/elpv_dataset/data/images/cell0898.png,1,poly,Train,d3ff0effd6ee4275f4fddc0b87906b14,10272322186766230435
cell0478.png,/content/elpv-dataset/src/elpv_dataset/data/images/cell0478.png,1,mono,Train,93e4202c3bf8b0994433044efc856040,9693580961278756484
cell2152.png,/content/elpv-dataset/src/elpv_dataset/data/images/cell2152.png,0,mono,Train,4a06b1ac6a5f09d578f25d1c89064171,16466997034227500672
cell0172.png,/content/elpv-dataset/src/elpv_dataset/data/images/cell0172.png,0,poly,Train,8246634f713257a240397ed597b8a631,10426311371002110666
cell2211.png,/content/elpv-dataset/src/elpv_dataset/data/images/cell2211.png,0,mono,Train,cf704d22688d3c3206b35e9f3ae800b4,17619927334927109836
cell0848.png,/content/elpv-dataset/src/elpv_dataset/data/images/cell0848.png,0,poly,Train,fb8d14bb5371bcf4398f4fe1dc4c535c,13034779465367867118
cell0498.png,/content/elpv-dataset/src/elpv_dataset/data/images/cell0498.png,1,mono,Train,5e9b8a7d2688bba342ff6d1b9174e491,11283923375736718214
cell1321.png,/content/elpv-dataset/src/elpv_dataset/data/images/cell1321.png,0,mono,Train,31052a3f68c593722c3dcae646832b1e,9980681013640070786
cell1561.png,/content/elpv-dataset/src/elpv_dataset/data/images/cell1561.png,0,mono,Train,9ddb81d435940b390c85c6244094fcf6,9991377097081391252
cell0768.png,/content/elpv-dataset/src/elpv_dataset/data/images/cell0768.png,0,poly,Train,f133c4fcad817e13271176f7258c0b3f,6402087633785376773
cell2124.png,/content/elpv-dataset/src/elpv_dataset/data/images/cell2124.png,0,poly,Train,9264fb1d9a2e170ac2e5087c2e4e155c,10417589705843458250
cell0641.png,/content/elpv-dataset/src/elpv_dataset/data/images/cell0641.png,1,poly,Train,b415e8bc13d7687786bab4a541583320,17483998101298648001
cell2463.png,/content/elpv-dataset/src/elpv_dataset/data/images/cell2463.png,0,poly,Train,0f168477c5f5fb137742d6c000ae76ca,2491219125827307747
cell2560.png,/content/elpv-dataset/src/elpv_dataset/data/images/cell2560.png,0,poly,Train,a7c6b6c47e4883d9fddd6c4fd93b021f,12010799707951255202
cell0348.png,/content/elpv-dataset/src/elpv_dataset/data/images/cell0348.png,0,poly,Train,c47bfece131d8a19c6ff9ca6c66fe198,17362664794637344920
cell1890.png,/content/elpv-dataset/src/elpv_dataset/data/images/cell1890.png,1,poly,Train,f5535f130ce2d6e93df16481a8b5bc5c,10599648959026900714
cell2622.png,/content/elpv-dataset/src/elpv_dataset/data/images/cell2622.png,0,poly,Train,bae0cf5b8212fd34a6f3860571b1616d,10847704395544827070
cell0508.png,/content/elpv-dataset/src/elpv_dataset/data/images/cell0508.png,0,mono,Train,3594ec97f38ddac6f748100013412635,9404222468949968514
cell1287.png,/content/elpv-dataset/src/elpv_dataset/data/images/cell1287.png,0,mono,Train,aa603c411fde0586e999765eecc33ca4,10276825803540831914
cell0446.png,/content/elpv-dataset/src/elpv_dataset/data/images/cell0446.png,1,mono,Train,e7583c0bbdbf2f33301448fb3bc161bd,9512306652359984512
cell0105.png,/content/elpv-dataset/src/elpv_dataset/data/images/cell0105.png,0,poly,Train,db18913d008f5edd97cba928fbc6aae7,11140454786717094064
cell2312.png,/content/elpv-dataset/src/elpv_dataset/data/images/cell2312.png,0,poly,Train,e1136bfe55da3c7490cd9c3be752b4fb,14038171725443492814
cell1178.png,/content/elpv-dataset/src/elpv_dataset/data/images/cell1178.png,0,mono,Train,58d53c5b0bd32fdfddee2e4c51545f3c,10848765295311359630
cell1740.png,/content/elpv-dataset/src/elpv_dataset/data/images/cell1740.png,0,poly,Train,f3b049abcd2b944a29907fbfefb4cd17,11426914611816341383
cell0772.png,/content/elpv-dataset/src/elpv_dataset/data/images/cell0772.png,0,poly,Train,4576c7ff2512b1742835754f8ad66a4d,8241693077908226096
cell1844.png,/content/elpv-dataset/src/elpv_dataset/data/images/cell1844.png,1,poly,Train,cb1f3b53ef9e1b9c78fe54d58f8eeea3,10417037871164591627
cell1322.png,/content/elpv-dataset/src/elpv_dataset/data/images/cell1322.png,0,mono,Train,6aa57085310702aa0aa18cf3bd8c0ad4,10557141765977048706
cell0520.png,/content/elpv-dataset/src/elpv_dataset/data/images/cell0520.png,1,mono,Train,8992c542bdfc5ba08a9a5d5f5c727f29,13554865278890675686
cell1880.png,/content/elpv-dataset/src/elpv_dataset/data/images/cell1880.png,0,poly,Train,049c0e602fb1c1c3a53477745729a96e,11443258382978301606
cell1133.png,/content/elpv-dataset/src/elpv_dataset/data/images/cell1133.png,0,mono,Train,a9f5750c0b015262e5c528126db4223d,10274556549113224958
cell1909.png,/content/elpv-dataset/src/elpv_dataset/data/images/cell1909.png,0,poly,Train,c37deca07e9db8e68b87d6b75d653375,3933485308609594501
cell0925.png,/content/elpv-dataset/src/elpv_dataset/data/images/cell0925.png,0,mono,Train,e7134603eb1f2b728fe6c65bb2cd49a9,9692459459419211406
cell1713.png,/content/elpv-dataset/src/elpv_dataset/data/images/cell1713.png,0,poly,Train,815b0d69f41b8c066544b2148ff31c3e,16471584267200521838
cell1887.png,/content/elpv-dataset/src/elpv_dataset/data/images/cell1887.png,0,poly,Train,23e53b4f2df06357bbc2bf229395327c,9662781037820064950
cell0991.png,/content/elpv-dataset/src/elpv_dataset/data/images/cell0991.png,0,mono,Train,66ba0f310ddf6fbd78ff2330ffc02796,16041733568163913438
cell1988.png,/content/elpv-dataset/src/elpv_dataset/data/images/cell1988.png,0,poly,Train,7822cf675f5f04294dc6b33e63d4134c,7153769973880677728
cell1721.png,/content/elpv-dataset/src/elpv_dataset/data/images/cell1721.png,0,poly,Train,33ce3764bed661d2a34646420ee19e6e,12151462381260671177
cell2307.png,/content/elpv-dataset/src/elpv_dataset/data/images/cell2307.png,0,poly,Train,2ce4a53426df93b8dcd8e3857b55e2bd,10271491316689839275
cell1490.png,/content/elpv-dataset/src/elpv_dataset/data/images/cell1490.png,0,mono,Train,6f001b855b42992149a399b1e2b6ffe1,9695843790568720006
cell2396.png,/content/elpv-dataset/src/elpv_dataset/data/images/cell2396.png,0,poly,Train,4eb030097d708b353a305454afe37133,13119981500072531894
cell1718.png,/content/elpv-dataset/src/elpv_dataset/data/images/cell1718.png,0,poly,Train,45ad11a39b7dadc3870904ff60579f8d,12117544646768367625
cell0035.png,/content/elpv-dataset/src/elpv_dataset/data/images/cell0035.png,1,mono,Train,648852541406239fc8ecbf00341a90d6,12866377928372038286
cell1267.png,/content/elpv-dataset/src/elpv_dataset/data/images/cell1267.png,1,mono,Train,9e07f5a3e6997f1c34113c12d96f06e1,10276821302414055054
cell2284.png,/content/elpv-dataset/src/elpv_dataset/data/images/cell2284.png,0,poly,Train,54fea84cb0d68b04ca77b5ec0cc983e5,11429158167448685955
cell0411.png,/content/elpv-dataset/src/elpv_dataset/data/images/cell0411.png,1,mono,Train,2cac084b82e01677d1ef240e7dbb097c,9846725373201645698
cell0249.png,/content/elpv-dataset/src/elpv_dataset/data/images/cell0249.png,1,poly,Train,f1040369c40a63170b3dd30dc1f472b0,2776062964154763065
cell1106.png,/content/elpv-dataset/src/elpv_dataset/data/images/cell1106.png,0,mono,Train,8da3ac7ac26d374787cdb614da315f35,9405352852870039174
cell0445.png,/content/elpv-dataset/src/elpv_dataset/data/images/cell0445.png,0,mono,Train,b912ec8fc970c0d830c2256a65ceb7c7,10128501654771107726
cell0440.png,/content/elpv-dataset/src/elpv_dataset/data/images/cell0440.png,1,mono,Train,355b018affa74263639ca63e76f0fd0d,9259542123273781900
cell0652.png,/content/elpv-dataset/src/elpv_dataset/data/images/cell0652.png,1,poly,Train,d8ced7f791bd1ed26de0ae4da4fd3a9e,12026480765684457636
cell0436.png,/content/elpv-dataset/src/elpv_dataset/data/images/cell0436.png,1,mono,Train,84cf3b33c3da4f4d09e7450d2d88eaf8,9695843756914247304
cell2544.png,/content/elpv-dataset/src/elpv_dataset/data/images/cell2544.png,1,poly,Train,4e001c4c3e7619f85e6890605c04a975,11446390078835906782
cell2322.png,/content/elpv-dataset/src/elpv_dataset/data/images/cell2322.png,0,poly,Train,8f18a565c8f90130082e7311201c2468,9837681911673958564
cell0944.png,/content/elpv-dataset/src/elpv_dataset/data/images/cell0944.png,0,mono,Train,168d1c2459e0f74952252775c7b61144,9549474569296584332
cell0692.png,/content/elpv-dataset/src/elpv_dataset/data/images/cell0692.png,0,poly,Train,3798e2696da4dd862456e5e0f6e9f1ae,14468599561331065411
cell0667.png,/content/elpv-dataset/src/elpv_dataset/data/images/cell0667.png,1,poly,Train,4664e98bf90f22e8ce99933989cbedf5,17216037509651935974
cell0341.png,/content/elpv-dataset/src/elpv_dataset/data/images/cell0341.png,0,poly,Train,151ff7d867f008e8dfa9b559da39dbb9,11294621924675473118
cell2536.png,/content/elpv-dataset/src/elpv_dataset/data/images/cell2536.png,1,poly,Train,8575f5bdd4be4b79d43ebf1482fbf877,10435586590689578148
cell0829.png,/content/elpv-dataset/src/elpv_dataset/data/images/cell0829.png,0,poly,Train,9d335d95453cc78b72d305d2a5938281,10846572990659074184
cell1698.png,/content/elpv-dataset/src/elpv_dataset/data/images/cell1698.png,0,poly,Train,692645a6ff5e54606ac3070529ba7120,10127626508527245446
cell2586.png,/content/elpv-dataset/src/elpv_dataset/data/images/cell2586.png,0,poly,Train,eb5c9539ae588f1be7808cf76d4dabe4,13154361962363521409
cell0198.png,/content/elpv-dataset/src/elpv_dataset/data/images/cell0198.png,1,poly,Train,210711e3e32e7df2397e3bd5dbad4a6e,9895485661317318894
cell0857.png,/content/elpv-dataset/src/elpv_dataset/data/images/cell0857.png,1,poly,Train,cf5ffeb8f9fb93ba3bccca9f5d9d7556,11281207759050802934
cell0876.png,/content/elpv-dataset/src/elpv_dataset/data/images/cell0876.png,1,poly,Train,be0abc6c99abb86e01cc7a41420f651c,9476025404394517178
cell0703.png,/content/elpv-dataset/src/elpv_dataset/data/images/cell0703.png,1,poly,Train,44f9000d676955ae3a2e515430af2330,12306317501749321776
cell1198.png,/content/elpv-dataset/src/elpv_dataset/data/images/cell1198.png,0,mono,Train,dffc2e30d32516a726f8016b71122ecd,10559963173112155790
cell1990.png,/content/elpv-dataset/src/elpv_dataset/data/images/cell1990.png,0,poly,Train,27463ea7533094a92f91fe451d9b39cf,10839653232946878095
cell2184.png,/content/elpv-dataset/src/elpv_dataset/data/images/cell2184.png,0,mono,Train,e7946f54add50dfde45e584b76dec9f7,13871228141701202112
cell0349.png,/content/elpv-dataset/src/elpv_dataset/data/images/cell0349.png,0,poly,Train,5afef37299e2d812f9758c9389d27b46,17358161195009974424
cell0561.png,/content/elpv-dataset/src/elpv_dataset/data/images/cell0561.png,0,poly,Train,7248bfc1c60985e0714d8bdbacad4eaa,11165213943389138638
cell1534.png,/content/elpv-dataset/src/elpv_dataset/data/images/cell1534.png,0,mono,Train,76ea4b1d84c12d4025d8b4db07fd1777,14892997760689032854
cell1584.png,/content/elpv-dataset/src/elpv_dataset/data/images/cell1584.png,0,mono,Train,e56380517c901c792249b24d0664bed0,9405911344680962176
cell2179.png,/content/elpv-dataset/src/elpv_dataset/data/images/cell2179.png,0,mono,Train,d6e0b7429df6362a591034262a71e924,15025853915336183426
cell2582.png,/content/elpv-dataset/src/elpv_dataset/data/images/cell2582.png,0,poly,Train,60122a80c9a39e44ca6f6af5c649d8de,11155010070105198214
cell0501.png,/content/elpv-dataset/src/elpv_dataset/data/images/cell0501.png,1,mono,Train,45102147616c4d67a545f64270d2c98c,13871228141701464256
cell1557.png,/content/elpv-dataset/src/elpv_dataset/data/images/cell1557.png,0,mono,Train,adba18a5b28cfadc8ab13ee1183dbfd5,9261793957581457538
cell1212.png,/content/elpv-dataset/src/elpv_dataset/data/images/cell1212.png,0,mono,Train,bdd024c0b9f766600ebe8a01c60ba760,10848774091404381830
cell0303.png,/content/elpv-dataset/src/elpv_dataset/data/images/cell0303.png,1,poly,Train,457af7dd8ce9878baa119166a5953f88,11105512403359740602
cell0052.png,/content/elpv-dataset/src/elpv_dataset/data/images/cell0052.png,1,mono,Train,1409f99b52f88501c9c8a84c9a12818c,13744632839238778620
cell1510.png,/content/elpv-dataset/src/elpv_dataset/data/images/cell1510.png,0,mono,Train,d004a3517e16ddb1b423aa6a6f5d4fe0,12587172343662431966
cell1042.png,/content/elpv-dataset/src/elpv_dataset/data/images/cell1042.png,1,mono,Train,53741affc3d81f43fb3ad6b5ffc505f2,9259542123273815174
cell1949.png,/content/elpv-dataset/src/elpv_dataset/data/images/cell1949.png,0,poly,Train,944cf4b1317b1cdf1d8983189b001797,10566467999832768648
cell0743.png,/content/elpv-dataset/src/elpv_dataset/data/images/cell0743.png,1,poly,Train,7642debbd3ba07462767142a6e268040,13599668793752861374
cell0761.png,/content/elpv-dataset/src/elpv_dataset/data/images/cell0761.png,0,poly,Train,7b475258b49f3260591f1e6bf9410f30,18085892049675663030
cell2415.png,/content/elpv-dataset/src/elpv_dataset/data/images/cell2415.png,0,mono,Train,64c4bc4c1891ddd6a6beadb0d362b0fd,9986334797391107802
cell2171.png,/content/elpv-dataset/src/elpv_dataset/data/images/cell2171.png,0,mono,Train,8c39b5b2aa412559c044dafbf7798068,14451082047252759168
cell1780.png,/content/elpv-dataset/src/elpv_dataset/data/images/cell1780.png,0,poly,Train,d886df2c9e92cb8e4fc6d071ec650142,10125912287825670308
cell1548.png,/content/elpv-dataset/src/elpv_dataset/data/images/cell1548.png,0,mono,Train,f8a037875defaace7f60122cf9ed6215,16063951394509344462
cell2580.png,/content/elpv-dataset/src/elpv_dataset/data/images/cell2580.png,0,poly,Train,0fa8b62dc1b4ddbfa6e00de6a5d8c68a,14617163335541884569
cell1618.png,/content/elpv-dataset/src/elpv_dataset/data/images/cell1618.png,1,poly,Train,05ebbc4f8be2a7ff9f472a73d7510c94,12228076885229618894
cell1799.png,/content/elpv-dataset/src/elpv_dataset/data/images/cell1799.png,0,poly,Train,bdfb81a4f52dc0596a290561a4e9a80f,13182540529979465270
cell2351.png,/content/elpv-dataset/src/elpv_dataset/data/images/cell2351.png,0,poly,Train,1ed8d46f2ba4e12c39dbe978866f734b,11334940480273402254
cell1289.png,/content/elpv-dataset/src/elpv_dataset/data/images/cell1289.png,0,mono,Train,607ecf7face6444936d4ac84667555e4,10270052812181118606
cell1052.png,/content/elpv-dataset/src/elpv_dataset/data/images/cell1052.png,0,mono,Train,270724aa5de17e4a970d7504fdc9f26f,14902066807478075038
cell0725.png,/content/elpv-dataset/src/elpv_dataset/data/images/cell0725.png,0,poly,Train,e903b6f1752046abe4fc8d00d3ace8d6,15625442148654185022
cell1102.png,/content/elpv-dataset/src/elpv_dataset/data/images/cell1102.png,0,mono,Train,d57e4364bbf4075547425462080e1832,9404226952963200654
cell0989.png,/content/elpv-dataset/src/elpv_dataset/data/images/cell0989.png,0,mono,Train,c2f63a7bc07d15eace13c1216c20e74e,9693578762255499904
cell0038.png,/content/elpv-dataset/src/elpv_dataset/data/images/cell0038.png,1,mono,Train,660fb7c114e6fa4d1826325c6d275700,14593495130964133516
cell1207.png,/content/elpv-dataset/src/elpv_dataset/data/images/cell1207.png,0,mono,Train,d05b36163c91fbf3e15014cda7df17ed,9695272035965897862
cell2319.png,/content/elpv-dataset/src/elpv_dataset/data/images/cell2319.png,0,poly,Train,9474a7369ca5e98d39ed74e6a8a9af2a,11429158167448690563
cell0194.png,/content/elpv-dataset/src/elpv_dataset/data/images/cell0194.png,1,poly,Train,2aa8b95345e98dd22ffafccbe23fb304,15268301383375759306
cell0642.png,/content/elpv-dataset/src/elpv_dataset/data/images/cell0642.png,1,poly,Train,1a701f99c954c7a802e6b71e359e91a9,14447693309231411874
cell0345.png,/content/elpv-dataset/src/elpv_dataset/data/images/cell0345.png,0,poly,Train,ebc11c389dc4b0d914ca97478d5d5c94,15047814585632040088
cell0813.png,/content/elpv-dataset/src/elpv_dataset/data/images/cell0813.png,0,poly,Train,1c7c3718cdb6ba5e24b741a64c4d6e60,18230281694241263262
cell2490.png,/content/elpv-dataset/src/elpv_dataset/data/images/cell2490.png,0,poly,Train,6e7466c53eb6e8133d44a3cd794df7a3,11086132591154621163
cell0450.png,/content/elpv-dataset/src/elpv_dataset/data/images/cell0450.png,1,mono,Train,0d1e6279fc89e7144b44637dd25150eb,10127637614606452358
cell0174.png,/content/elpv-dataset/src/elpv_dataset/data/images/cell0174.png,0,poly,Train,0124701e695c78bc845ae0b491b0f5e0,11135963694404901782
cell0775.png,/content/elpv-dataset/src/elpv_dataset/data/images/cell0775.png,0,poly,Train,a529a72030095307d0f897164177b925,15758837209525089006
cell1683.png,/content/elpv-dataset/src/elpv_dataset/data/images/cell1683.png,0,poly,Train,3f2a92df1ba0b2ce5e7ffbd3c0912693,11498881969165309062
cell1316.png,/content/elpv-dataset/src/elpv_dataset/data/images/cell1316.png,0,mono,Train,d17ad2278f4279e6aab6b1ea398424f3,9548898416512238724
cell2558.png,/content/elpv-dataset/src/elpv_dataset/data/images/cell2558.png,0,poly,Train,1a3787726c0260f576bddbcf23332ffe,16345490339519044744
cell0656.png,/content/elpv-dataset/src/elpv_dataset/data/images/cell0656.png,0,poly,Train,71fef53310c43eb32a5c79dcbfb1cce8,7652654199324914153
cell2261.png,/content/elpv-dataset/src/elpv_dataset/data/images/cell2261.png,0,poly,Train,03d0f3500dd819c2b0e5641ee97aa94c,1767168685721128586
cell0263.png,/content/elpv-dataset/src/elpv_dataset/data/images/cell0263.png,1,poly,Train,9bdf20eb16137217c067195944399177,13008250182123056382
cell0850.png,/content/elpv-dataset/src/elpv_dataset/data/images/cell0850.png,0,poly,Train,d5383f481ba49e529962eaa6e1970fdf,9331898931041310340
cell2436.png,/content/elpv-dataset/src/elpv_dataset/data/images/cell2436.png,0,mono,Train,26ae2e5e0c51c4da20cbc631dfa97d6f,10125363566963236492
cell0221.png,/content/elpv-dataset/src/elpv_dataset/data/images/cell0221.png,1,poly,Train,18c723293d01e04a077cc058edefc694,13168419270063397258
cell1682.png,/content/elpv-dataset/src/elpv_dataset/data/images/cell1682.png,0,poly,Train,9df58dc5d6b5bdc9edbb6323a6878d5c,11147601198163170310
cell0679.png,/content/elpv-dataset/src/elpv_dataset/data/images/cell0679.png,0,poly,Train,1282a54867781a6bdfc171cba7309de0,11211870516147440812
cell0045.png,/content/elpv-dataset/src/elpv_dataset/data/images/cell0045.png,1,mono,Train,9aa11faa815fa4c9ebaeff56f517f435,9983370136628158110
cell0103.png,/content/elpv-dataset/src/elpv_dataset/data/images/cell0103.png,0,poly,Train,7fea25b11dde278e5dc3322a5fa6ce47,16059513970932766402
cell1118.png,/content/elpv-dataset/src/elpv_dataset/data/images/cell1118.png,0,mono,Train,bb05407efeb79c9f2651df608423bcdc,10270052743058982542
cell0469.png,/content/elpv-dataset/src/elpv_dataset/data/images/cell0469.png,1,mono,Train,80bd88dffe002b7e1ed1ca2e080432c7,14861630748422049422
cell1482.png,/content/elpv-dataset/src/elpv_dataset/data/images/cell1482.png,0,mono,Train,6d4c124c33a205040b8a0ec532819010,10702389476833265286
cell0278.png,/content/elpv-dataset/src/elpv_dataset/data/images/cell0278.png,1,poly,Train,c4e9280a7b01a59eaf18b6c3b169f907,9122795576614502062
cell0745.png,/content/elpv-dataset/src/elpv_dataset/data/images/cell0745.png,0,poly,Train,1db01eb1e7b0fe965567a4be8d398325,11147685460300053174
cell0884.png,/content/elpv-dataset/src/elpv_dataset/data/images/cell0884.png,1,poly,Train,5dd45b81da635b28d47af8c315a58c11,12604641487885864158
cell0253.png,/content/elpv-dataset/src/elpv_dataset/data/images/cell0253.png,1,poly,Train,0d50de567ab87a2478022ab74bba4cec,9558801117998919934
cell1470.png,/content/elpv-dataset/src/elpv_dataset/data/images/cell1470.png,0,mono,Train,723a5b07105a63bceb44e376fdd3d6d8,10848765295310311062
cell0200.png,/content/elpv-dataset/src/elpv_dataset/data/images/cell0200.png,1,poly,Train,0768bcc411dac88dca165faab4b2897f,16029410391224663734
cell1622.png,/content/elpv-dataset/src/elpv_dataset/data/images/cell1622.png,1,poly,Train,110aa8dba7bf97dafdaa9aec9a4a577f,5104298136240966794
cell0754.png,/content/elpv-dataset/src/elpv_dataset/data/images/cell0754.png,0,poly,Train,d76191108dd591e5f0653abff8939b80,13753600438286555322
cell2389.png,/content/elpv-dataset/src/elpv_dataset/data/images/cell2389.png,0,poly,Train,f9cf6e6f69190b997f5238deef021825,12006489604622027407
cell1499.png,/content/elpv-dataset/src/elpv_dataset/data/images/cell1499.png,0,mono,Train,565c16963a2613219c03c47a576a3429,9405915760008006278
cell2032.png,/content/elpv-dataset/src/elpv_dataset/data/images/cell2032.png,0,poly,Train,ef94fe4dee3941e52e012e3fe52be450,10344371105376142030
cell2043.png,/content/elpv-dataset/src/elpv_dataset/data/images/cell2043.png,0,poly,Train,0707c57a0467039fd1eb36eac01f463f,12154817949988722326
cell1020.png,/content/elpv-dataset/src/elpv_dataset/data/images/cell1020.png,0,mono,Train,64fbee9c9206888b01e58f5d3096b1eb,9695843790705573564
cell0421.png,/content/elpv-dataset/src/elpv_dataset/data/images/cell0421.png,1,mono,Train,c055d209fd022466e48cf84b115bfadd,10089756983555557506
cell1585.png,/content/elpv-dataset/src/elpv_dataset/data/images/cell1585.png,0,mono,Train,376136bce9afb369ce51d1f61c0401d2,11434286437359349470
cell1663.png,/content/elpv-dataset/src/elpv_dataset/data/images/cell1663.png,0,poly,Train,ac39f80b6fe6f371060bf3ee743884fe,2640383193886680178
cell1689.png,/content/elpv-dataset/src/elpv_dataset/data/images/cell1689.png,0,poly,Train,534ba1aa51c102ed03205b54e1ab42ce,13600535174086295230
cell1811.png,/content/elpv-dataset/src/elpv_dataset/data/images/cell1811.png,0,poly,Train,8394bae4f7899f157dc2fa10b2a2c651,3282167113327936472
cell2272.png,/content/elpv-dataset/src/elpv_dataset/data/images/cell2272.png,0,poly,Train,29db1e7e8197bdec53e31ed01d47eae5,10853304079313772202
cell1285.png,/content/elpv-dataset/src/elpv_dataset/data/images/cell1285.png,0,mono,Train,621ca97cff26db8a28076740c572d1f6,11429782630766122638
cell0521.png,/content/elpv-dataset/src/elpv_dataset/data/images/cell0521.png,1,mono,Train,dfc972406f15627d46f31644e320365e,14161166754738085004
cell0447.png,/content/elpv-dataset/src/elpv_dataset/data/images/cell0447.png,0,mono,Train,e9fd988e3773695356c63fc4d37bd1d8,10272577226068068224
cell1666.png,/content/elpv-dataset/src/elpv_dataset/data/images/cell1666.png,1,poly,Train,76c647c0e89ade397acaf8b8b4c65ed9,9908700701913631171
cell0415.png,/content/elpv-dataset/src/elpv_dataset/data/images/cell0415.png,1,mono,Train,4f7e04ff4192fd025781b0a6d79ad9e6,11139271626037567164
cell1572.png,/content/elpv-dataset/src/elpv_dataset/data/images/cell1572.png,0,mono,Train,664cac683ceb2cc50115b6fbbde91475,14306403909225066126
cell1479.png,/content/elpv-dataset/src/elpv_dataset/data/images/cell1479.png,0,mono,Train,4f7efaa5acc03b5d8d3fbf1121016e15,10702389511193530070
cell0004.png,/content/elpv-dataset/src/elpv_dataset/data/images/cell0004.png,0,mono,Train,81848004f59221619192aa49eea68064,9259542123273814656
cell0260.png,/content/elpv-dataset/src/elpv_dataset/data/images/cell0260.png,0,poly,Train,9d506af97e4965686f76eb2224faa0c4,16706042127838383746
cell0474.png,/content/elpv-dataset/src/elpv_dataset/data/images/cell0474.png,1,mono,Train,998b7cac4798683fcdcd623b9a704069,9405350645730412178
cell1834.png,/content/elpv-dataset/src/elpv_dataset/data/images/cell1834.png,0,poly,Train,142ff042e7fda5c02bceedc6bad515e7,10821248977425697948
cell0195.png,/content/elpv-dataset/src/elpv_dataset/data/images/cell0195.png,0,poly,Train,3595187ce8b591a05ac0ada71f1d90ca,3188533790207943841
cell2099.png,/content/elpv-dataset/src/elpv_dataset/data/images/cell2099.png,0,poly,Train,99dd441590cd6f74e0f33ef5190b413b,10994050536261599424
cell1974.png,/content/elpv-dataset/src/elpv_dataset/data/images/cell1974.png,0,poly,Train,6918cca8b04db96cb836de8fef663fd3,1770695884931379866
cell1225.png,/content/elpv-dataset/src/elpv_dataset/data/images/cell1225.png,0,mono,Train,4c0df67d94180f07743174a28d0ef6bc,9692171387472611970
cell2048.png,/content/elpv-dataset/src/elpv_dataset/data/images/cell2048.png,0,poly,Train,16de8ca01fda30bfafbb60db43d0cac2,3256074384103217816
cell2359.png,/content/elpv-dataset/src/elpv_dataset/data/images/cell2359.png,0,poly,Train,3b4edbbdbf727a1822f1c438c018ea07,14819915671461862298
cell2093.png,/content/elpv-dataset/src/elpv_dataset/data/images/cell2093.png,0,poly,Train,0c489818011991a05c958319b70ab023,15614743754013079762
cell1161.png,/content/elpv-dataset/src/elpv_dataset/data/images/cell1161.png,1,mono,Train,67eedeb91d00d6cc5600cb3305aa72fd,11425243639800843422
cell0029.png,/content/elpv-dataset/src/elpv_dataset/data/images/cell0029.png,1,mono,Train,31d78466e2c7156b76167aed45832ee7,17194407504524777190
cell2489.png,/content/elpv-dataset/src/elpv_dataset/data/images/cell2489.png,0,poly,Train,6fd339b37c7b2e3c0f76c30336cb83c7,11068118184055204584
cell2546.png,/content/elpv-dataset/src/elpv_dataset/data/images/cell2546.png,1,poly,Train,71459de070f6170dce4c268ca34a9c7a,9260703415053636832
cell2051.png,/content/elpv-dataset/src/elpv_dataset/data/images/cell2051.png,1,poly,Train,cec02cc6bd094707ab8d73e37f5432e3,11064104639491788524
cell0486.png,/content/elpv-dataset/src/elpv_dataset/data/images/cell0486.png,1,mono,Train,c3e45d9b74e43dce56729f5ed4c1c363,9223513334844752000
cell2259.png,/content/elpv-dataset/src/elpv_dataset/data/images/cell2259.png,0,poly,Train,a1ce64c261a21ab20c4928c8ba801b61,9405352818644387458
cell0918.png,/content/elpv-dataset/src/elpv_dataset/data/images/cell0918.png,0,mono,Train,1519c0361f2c56f3b9c1c8b1abe7ee50,11427477916281116364
cell0124.png,/content/elpv-dataset/src/elpv_dataset/data/images/cell0124.png,1,poly,Train,a38ed48bdc7525cc746a7102d0dbba0b,11140951774395669660
cell2352.png,/content/elpv-dataset/src/elpv_dataset/data/images/cell2352.png,0,poly,Train,f8a701b75fc1f4fa7a2c54a052254aa0,10182018958486690188
cell2382.png,/content/elpv-dataset/src/elpv_dataset/data/images/cell2382.png,0,poly,Train,04d2caf37e64d8f2423e7430eeceb75e,12983641511847306508
cell0203.png,/content/elpv-dataset/src/elpv_dataset/data/images/cell0203.png,1,poly,Train,67f5edf57a06cc6dd6e07fcd504aeea7,9984064784650112654
cell1522.png,/content/elpv-dataset/src/elpv_dataset/data/images/cell1522.png,0,mono,Train,2bbb63711e6d0625b605dbe52f9695b1,9550028731779811456
cell2110.png,/content/elpv-dataset/src/elpv_dataset/data/images/cell2110.png,0,poly,Train,393c0ead98002bff0437d2cc4f853ec1,17199153186462955692
cell0129.png,/content/elpv-dataset/src/elpv_dataset/data/images/cell0129.png,0,poly,Train,6dcbb2713b635b9841c0fdeafaa9cbea,9549487776420915626
cell2248.png,/content/elpv-dataset/src/elpv_dataset/data/images/cell2248.png,0,poly,Train,1109d22e6cacbea321b1e73f039856f0,10200244749944917666
cell0503.png,/content/elpv-dataset/src/elpv_dataset/data/images/cell0503.png,0,mono,Train,8cb6030f9191d301c97b464c5ed2f4f8,14884289628597030798
cell1846.png,/content/elpv-dataset/src/elpv_dataset/data/images/cell1846.png,0,poly,Train,b54beba8b6db0d176cfb3292907d0664,14305265935962121386
cell2297.png,/content/elpv-dataset/src/elpv_dataset/data/images/cell2297.png,0,poly,Train,6533b50d9f72d0a949650e87fcf4fbff,16404814149958146698
cell2220.png,/content/elpv-dataset/src/elpv_dataset/data/images/cell2220.png,0,poly,Train,8dfd38a752f0a8eedbdeef0b5c1e4ae9,36746290675222030
cell1166.png,/content/elpv-dataset/src/elpv_dataset/data/images/cell1166.png,0,mono,Train,036d02296e59db8621af89543ab228ea,9984065370762153102
cell0833.png,/content/elpv-dataset/src/elpv_dataset/data/images/cell0833.png,0,poly,Train,683b064be0801d206e7794eb8fd31913,12564680768841246390
cell1735.png,/content/elpv-dataset/src/elpv_dataset/data/images/cell1735.png,0,poly,Train,5c9aebfd68f477794be11c327cc29216,10559969761491589250
cell1480.png,/content/elpv-dataset/src/elpv_dataset/data/images/cell1480.png,0,mono,Train,8d6839e88b4a6125f69377c852ccaded,9549467972763289222
cell1444.png,/content/elpv-dataset/src/elpv_dataset/data/images/cell1444.png,0,mono,Train,ed855d8cc2067d21a1ec36fa210e47c0,9693600752488844958
cell2229.png,/content/elpv-dataset/src/elpv_dataset/data/images/cell2229.png,0,poly,Train,a35006444ef92eeb70224732ce15705f,10853268894937681598
cell1629.png,/content/elpv-dataset/src/elpv_dataset/data/images/cell1629.png,1,poly,Train,458f70d9e5d016cee95b20957a8ff60a,9553285683944181976
cell0604.png,/content/elpv-dataset/src/elpv_dataset/data/images/cell0604.png,1,poly,Train,193c10c3eab2d8f25783197e67bb0347,17967142181382035147
cell1994.png,/content/elpv-dataset/src/elpv_dataset/data/images/cell1994.png,0,poly,Train,594117558a281b5505badcf8642de9b5,11280588643258343984
cell1867.png,/content/elpv-dataset/src/elpv_dataset/data/images/cell1867.png,0,poly,Train,68722c13ab61c4105a7e15168c84230e,1480995728322235530
cell2355.png,/content/elpv-dataset/src/elpv_dataset/data/images/cell2355.png,0,poly,Train,a1e55f4f63dd19e10539131395fc3974,10003558612527942435
cell1918.png,/content/elpv-dataset/src/elpv_dataset/data/images/cell1918.png,0,poly,Train,9e6ef0546b29ab875df4d97e81ef1e44,15621270592645680846
cell0490.png,/content/elpv-dataset/src/elpv_dataset/data/images/cell0490.png,1,mono,Train,74ad58a08ef55caadf5e3216f7bc289c,12116583780511154370
cell0531.png,/content/elpv-dataset/src/elpv_dataset/data/images/cell0531.png,1,mono,Train,202e84f3254328fa7b44c3018b7d1898,9692450646599142534
cell0523.png,/content/elpv-dataset/src/elpv_dataset/data/images/cell0523.png,1,mono,Train,1080fc41d06312d0c0ded6e29b26e15f,12578428992652250252
cell1816.png,/content/elpv-dataset/src/elpv_dataset/data/images/cell1816.png,0,poly,Train,2c39937e83ed4756abdb3c5228aa1ddd,12578137966813966030
cell2069.png,/content/elpv-dataset/src/elpv_dataset/data/images/cell2069.png,0,poly,Train,74ae9fe008730279c62c1773d6c8a0cb,5507297186850445784
cell0585.png,/content/elpv-dataset/src/elpv_dataset/data/images/cell0585.png,0,poly,Train,75ae4eaccf8f3873d1260863e343a59c,10416971678372639938
cell0095.png,/content/elpv-dataset/src/elpv_dataset/data/images/cell0095.png,0,poly,Train,cb7333139f7c3ca8725efd4db5763b84,16626934643286789358
cell0680.png,/content/elpv-dataset/src/elpv_dataset/data/images/cell0680.png,1,poly,Train,708480b1eee0dc1d17d717f10056ef4d,10444059505001005216
cell0237.png,/content/elpv-dataset/src/elpv_dataset/data/images/cell0237.png,0,poly,Train,3f4facc2ce5518716eeda62e2f3add3b,15119629296195780282
cell0599.png,/content/elpv-dataset/src/elpv_dataset/data/images/cell0599.png,0,poly,Train,88587817bfc0b216d76387b35029add4,15337803283751410376
cell2266.png,/content/elpv-dataset/src/elpv_dataset/data/images/cell2266.png,0,poly,Train,caf39b48d27b0806442d763cd6c0e74a,9980694268037596814
cell1349.png,/content/elpv-dataset/src/elpv_dataset/data/images/cell1349.png,0,mono,Train,4ac582af7806d9eba35a52a2219c18b8,9693591991159266974
cell1254.png,/content/elpv-dataset/src/elpv_dataset/data/images/cell1254.png,0,mono,Train,1ffe4d78329962321c6a0d051f0274c1,10272594814077144710
cell0780.png,/content/elpv-dataset/src/elpv_dataset/data/images/cell0780.png,0,poly,Train,5844ba14046c7c8741c54e220ca23b09,11714056902944002192
cell0265.png,/content/elpv-dataset/src/elpv_dataset/data/images/cell0265.png,1,poly,Train,28f1e22c4f39edca32aed20db745943a,11576105774419070596
cell1438.png,/content/elpv-dataset/src/elpv_dataset/data/images/cell1438.png,0,mono,Train,cb51551dba593787f3d26cd362bce197,10272304611726364318
cell1843.png,/content/elpv-dataset/src/elpv_dataset/data/images/cell1843.png,1,poly,Train,e1d4dd228efdd4a4ef375f8b45c07f44,10422036089162336768
cell1892.png,/content/elpv-dataset/src/elpv_dataset/data/images/cell1892.png,0,poly,Train,80391d0db64be6b17ea5a8cad6ed36c4,11999704333022504905
cell0565.png,/content/elpv-dataset/src/elpv_dataset/data/images/cell0565.png,0,poly,Train,f2cdaec286d2b3748302a9d5bd7730a7,15336716949118553242
cell2009.png,/content/elpv-dataset/src/elpv_dataset/data/images/cell2009.png,0,poly,Train,3a62202c30363ad7184affe1fde9cd57,9693583177532626488
cell0533.png,/content/elpv-dataset/src/elpv_dataset/data/images/cell0533.png,1,mono,Train,a6c0cbb3b98d35fcd9b2b7bafc0fdbce,11134814291801589450
cell2373.png,/content/elpv-dataset/src/elpv_dataset/data/images/cell2373.png,0,poly,Train,5fa1ab6f30e3e346c1e1e780ca3031fc,10245379939569425308
cell0799.png,/content/elpv-dataset/src/elpv_dataset/data/images/cell0799.png,1,poly,Train,fa2c1c9b3e72f8c968383ccd75e59cd8,16927620175524454094
cell0752.png,/content/elpv-dataset/src/elpv_dataset/data/images/cell0752.png,0,poly,Train,aa5e8eecdb89a86b2437702d349630fd,9277627166483316864
cell1269.png,/content/elpv-dataset/src/elpv_dataset/data/images/cell1269.png,0,mono,Train,ecbdfa3c779584f26951c84380f9208a,10277107278516493958
cell0452.png,/content/elpv-dataset/src/elpv_dataset/data/images/cell0452.png,1,mono,Train,3387e79df51335fdcb71dbdc7f784998,10558632996649211790
cell0428.png,/content/elpv-dataset/src/elpv_dataset/data/images/cell0428.png,1,mono,Train,1d2eabd62d6b4c1c71082f57851fec5e,9223513326254817922
cell1773.png,/content/elpv-dataset/src/elpv_dataset/data/images/cell1773.png,0,poly,Train,c42a34c41248e95abeb251b6ba74a738,10813937180021886494
cell0696.png,/content/elpv-dataset/src/elpv_dataset/data/images/cell0696.png,1,poly,Train,2732192aab6a6048be08176017681c04,16495234942542344354
cell1599.png,/content/elpv-dataset/src/elpv_dataset/data/images/cell1599.png,0,mono,Train,e3c76a54ff84c61fb1c22e5b3669993e,9982939436394121352
cell1449.png,/content/elpv-dataset/src/elpv_dataset/data/images/cell1449.png,0,mono,Train,6ee71826b4192578a425014d444b92e5,11999461354022801086
cell1147.png,/content/elpv-dataset/src/elpv_dataset/data/images/cell1147.png,1,mono,Train,3715b1544b9260cc8c0f21c8b53a4c91,12144115311285669006
cell0961.png,/content/elpv-dataset/src/elpv_dataset/data/images/cell0961.png,0,mono,Train,c16a7747fd5b64aabf6bfbe2d0100682,14881723316716077702
cell0485.png,/content/elpv-dataset/src/elpv_dataset/data/images/cell0485.png,1,mono,Train,ff70f5e3938ee2eaeed0cd0f932df07e,10268913889666043526
cell0382.png,/content/elpv-dataset/src/elpv_dataset/data/images/cell0382.png,1,mono,Train,ff17ed54bed318bf82a6a19844f555e3,10274045692959710400
cell1775.png,/content/elpv-dataset/src/elpv_dataset/data/images/cell1775.png,0,poly,Train,7923b8a7cda872933f19705694ac37ec,11429166964078649219
cell1246.png,/content/elpv-dataset/src/elpv_dataset/data/images/cell1246.png,0,mono,Train,808f197db060c84a1218174e81d09af5,11425243639800303254
cell1105.png,/content/elpv-dataset/src/elpv_dataset/data/images/cell1105.png,0,mono,Train,32d4e81296c5457e73d0ae54e17fee6f,9981811406151784078
cell2185.png,/content/elpv-dataset/src/elpv_dataset/data/images/cell2185.png,0,mono,Train,ce20e0694cb493b3fac1627e0f5f6e06,18230288711715561172
cell2252.png,/content/elpv-dataset/src/elpv_dataset/data/images/cell2252.png,0,poly,Train,16303a443e4299f9ea25424d34908aa6,11429747239431081647
cell0113.png,/content/elpv-dataset/src/elpv_dataset/data/images/cell0113.png,0,poly,Train,5d90b69bc60596b2f0a396578d8eb6ca,12591781874902144702
cell0817.png,/content/elpv-dataset/src/elpv_dataset/data/images/cell0817.png,1,poly,Train,b010744e717a03fe8c6779cfcce61cf5,15748195740786543242
cell0548.png,/content/elpv-dataset/src/elpv_dataset/data/images/cell0548.png,0,poly,Train,dc27a7b6d20512025f8348c0980c08d1,10416993719405560018
cell2452.png,/content/elpv-dataset/src/elpv_dataset/data/images/cell2452.png,0,poly,Train,d97a712fdae5d97fc0a8645499d702ca,16494122390619857232
cell2523.png,/content/elpv-dataset/src/elpv_dataset/data/images/cell2523.png,0,poly,Train,92e0d27a385950dd0939994b3d0f26f4,15913155703170053266
cell0347.png,/content/elpv-dataset/src/elpv_dataset/data/images/cell0347.png,1,poly,Train,e35522a30320c62da1af06f600853241,16492608049438924824
cell0244.png,/content/elpv-dataset/src/elpv_dataset/data/images/cell0244.png,1,poly,Train,2bf8c0d3cf468ec589053f7151ea7c42,12868938244143090920
cell0025.png,/content/elpv-dataset/src/elpv_dataset/data/images/cell0025.png,1,mono,Train,48d0fc1e10009b41f916f18be90d588d,10128180558837483138
cell2590.png,/content/elpv-dataset/src/elpv_dataset/data/images/cell2590.png,0,poly,Train,c94f3f2f8e48a6f4e52ad009e4534c74,9839385033980156620
cell1912.png,/content/elpv-dataset/src/elpv_dataset/data/images/cell1912.png,0,poly,Train,330b0cb2128019cf7afa6dede06f0414,10780927618680533680
cell0417.png,/content/elpv-dataset/src/elpv_dataset/data/images/cell0417.png,1,mono,Train,f8cf5854dbd9dba2d7a3e3a6e40c9726,10276931632346627724
cell2317.png,/content/elpv-dataset/src/elpv_dataset/data/images/cell2317.png,0,poly,Train,dc4f237d4a44cb1649665a233f1804f2,11429166964078649219
cell1745.png,/content/elpv-dataset/src/elpv_dataset/data/images/cell1745.png,0,poly,Train,f4dd28717019fbe6e93093f075a3c341,16059518099079999126
cell2611.png,/content/elpv-dataset/src/elpv_dataset/data/images/cell2611.png,0,poly,Train,df20f62da1773045994ccc752edfd371,14593503952928279684
cell2496.png,/content/elpv-dataset/src/elpv_dataset/data/images/cell2496.png,0,poly,Train,a87229a9cb2e59345126f677d5be9894,11792577431144118888
cell1420.png,/content/elpv-dataset/src/elpv_dataset/data/images/cell1420.png,1,mono,Train,7d02408567651166437dd70c7fc30f64,10848800479953985182
cell2525.png,/content/elpv-dataset/src/elpv_dataset/data/images/cell2525.png,1,poly,Train,8bebba04a10998fad2df083f5388199c,11596798231873762737
cell1115.png,/content/elpv-dataset/src/elpv_dataset/data/images/cell1115.png,0,mono,Train,ee07fa30e1df2651d27ca5601b87e21d,10276825803808218814
cell2103.png,/content/elpv-dataset/src/elpv_dataset/data/images/cell2103.png,0,poly,Train,a4ef7757ce3376f8ca822bff6baaa9cd,13899393301085719176
cell1338.png,/content/elpv-dataset/src/elpv_dataset/data/images/cell1338.png,0,mono,Train,c3ca54d1d73d0bdc9af08fc7637f27b3,9693583160302274178
cell1270.png,/content/elpv-dataset/src/elpv_dataset/data/images/cell1270.png,0,mono,Train,87bb3c23167c9646927f6028a7797739,9700347459319799438
cell0738.png,/content/elpv-dataset/src/elpv_dataset/data/images/cell0738.png,1,poly,Train,9a8301882776021d992e794c6a8b320b,13165911440356421812
cell1436.png,/content/elpv-dataset/src/elpv_dataset/data/images/cell1436.png,0,mono,Train,945221a50d589e9f8a35d4023d50a752,10274574003726616198
cell1069.png,/content/elpv-dataset/src/elpv_dataset/data/images/cell1069.png,1,mono,Train,65fc8d827235ce983a7bad60785d57f3,9259542123273814144
cell0132.png,/content/elpv-dataset/src/elpv_dataset/data/images/cell0132.png,0,poly,Train,5c50bf39786ecd892d65bc0b53b2b9ce,10527404450022746318
cell2115.png,/content/elpv-dataset/src/elpv_dataset/data/images/cell2115.png,0,poly,Train,fa058d03867323efedeb8e3b85654849,14547922926044900076
cell1099.png,/content/elpv-dataset/src/elpv_dataset/data/images/cell1099.png,1,mono,Train,04d4ffa1828ad877eff31ad99d017a33,10272304508512931470
cell0479.png,/content/elpv-dataset/src/elpv_dataset/data/images/cell0479.png,1,mono,Train,894aa2ade6b7ed5206a7c76575a505b1,16040934372577025758
cell0467.png,/content/elpv-dataset/src/elpv_dataset/data/images/cell0467.png,1,mono,Train,e300c5800a9b5cb4d576d5786944a9a5,16591167185014228630
cell0304.png,/content/elpv-dataset/src/elpv_dataset/data/images/cell0304.png,1,poly,Train,feb4ebd22654fd1553e31c83e4c50db6,10136109032326215350
cell1898.png,/content/elpv-dataset/src/elpv_dataset/data/images/cell1898.png,0,poly,Train,697046cd4482332034f98676910831f0,9718463220126998096
cell2280.png,/content/elpv-dataset/src/elpv_dataset/data/images/cell2280.png,0,poly,Train,eefde2eac877e5d6fb09d802da84bc0c,907077922667805320
cell1754.png,/content/elpv-dataset/src/elpv_dataset/data/images/cell1754.png,0,poly,Train,5b12d7b769d777839e85a541bde3499b,14162494877430721958
cell0385.png,/content/elpv-dataset/src/elpv_dataset/data/images/cell0385.png,1,mono,Train,331a3ec2a00df4444e77696f5ab5fb1d,10270067783635996558
cell0362.png,/content/elpv-dataset/src/elpv_dataset/data/images/cell0362.png,1,mono,Train,03c64e2be32ed6ce7de0f616d678b167,10276848086770942080
cell2458.png,/content/elpv-dataset/src/elpv_dataset/data/images/cell2458.png,0,poly,Train,b030e4c12b3b857720093dd64b2cff6c,12220676677522721924
cell0994.png,/content/elpv-dataset/src/elpv_dataset/data/images/cell0994.png,1,mono,Train,4d0f75c6a0b8a4edf13b0bde368f9f7f,11429817677162385100
cell1140.png,/content/elpv-dataset/src/elpv_dataset/data/images/cell1140.png,0,mono,Train,c48bfe0f924bfe54eb01d8ea8ba31759,12289917175934652046
cell2343.png,/content/elpv-dataset/src/elpv_dataset/data/images/cell2343.png,0,poly,Train,ab590843e0b49f269177d1c4763a808b,9981600536380085650
cell1119.png,/content/elpv-dataset/src/elpv_dataset/data/images/cell1119.png,0,mono,Train,fd713810630c1fc39a9672f80aeb3d86,16899351360188618382
cell2198.png,/content/elpv-dataset/src/elpv_dataset/data/images/cell2198.png,0,mono,Train,582b2a417cc4b807384a9c5f07b3c6d5,16178775454302765696
cell0613.png,/content/elpv-dataset/src/elpv_dataset/data/images/cell0613.png,1,poly,Train,02ae525abd7e4a6ada8c5d2a83089117,12815255449660976876
cell1868.png,/content/elpv-dataset/src/elpv_dataset/data/images/cell1868.png,0,poly,Train,0f11ecf1bded596fdee91f0456cb6570,11716031022987904014
cell0335.png,/content/elpv-dataset/src/elpv_dataset/data/images/cell0335.png,1,poly,Train,46ad1bf29900385fcd3eac689f89672a,15620958001109010229
cell1515.png,/content/elpv-dataset/src/elpv_dataset/data/images/cell1515.png,0,mono,Train,06a7049ab4f3d2be403c69ce5d935e9f,10281302946100973212
cell1964.png,/content/elpv-dataset/src/elpv_dataset/data/images/cell1964.png,1,poly,Train,c7fc0913f5faf306a912a28af9ec23f7,7265100255498866235
cell1817.png,/content/elpv-dataset/src/elpv_dataset/data/images/cell1817.png,0,poly,Train,8b998f39cef65af6c9c4347c873f3822,10288689531021336218
cell0936.png,/content/elpv-dataset/src/elpv_dataset/data/images/cell0936.png,1,mono,Train,98a1f94ed72b6631c16c9ab0ad96f2d1,10276825803809267342
cell0949.png,/content/elpv-dataset/src/elpv_dataset/data/images/cell0949.png,0,mono,Train,a40d47de6ee2905bc344770091bbb5dd,9405357165017469602
cell0239.png,/content/elpv-dataset/src/elpv_dataset/data/images/cell0239.png,0,poly,Train,4d2145c0020f0fb92e63e504d5240678,10996871631910903458
cell0146.png,/content/elpv-dataset/src/elpv_dataset/data/images/cell0146.png,1,poly,Train,f79568d86cd9cd60acf2398b8785b3f7,12436347996807677670
cell2330.png,/content/elpv-dataset/src/elpv_dataset/data/images/cell2330.png,1,poly,Train,8a658628a18bd2016d3370efb4590ff0,649436451486107907
cell1894.png,/content/elpv-dataset/src/elpv_dataset/data/images/cell1894.png,0,poly,Train,8d0327482c27687a39f69e2f011111e1,10063167625808299910
cell2376.png,/content/elpv-dataset/src/elpv_dataset/data/images/cell2376.png,0,poly,Train,0f31b3177a9f6c84934deca9de49daf3,16399814535838051806
cell0133.png,/content/elpv-dataset/src/elpv_dataset/data/images/cell0133.png,0,poly,Train,14e8d69ab08335b841ee5f9ef18ea249,17490492934574231246
cell0097.png,/content/elpv-dataset/src/elpv_dataset/data/images/cell0097.png,0,poly,Train,54ad2e3a3f1bff8dec2e437dec51992e,9707716696793861870
cell2158.png,/content/elpv-dataset/src/elpv_dataset/data/images/cell2158.png,0,mono,Train,6de745adb0ae7d2d0a07a3bcd153da57,9261237596074708616
cell2044.png,/content/elpv-dataset/src/elpv_dataset/data/images/cell2044.png,1,poly,Train,ec249e958d35844123124d796e600809,12370990714943608758
cell2520.png,/content/elpv-dataset/src/elpv_dataset/data/images/cell2520.png,0,poly,Train,254d34d66686ec160ca68b5c5a68f6f3,16498570629191747302
cell1507.png,/content/elpv-dataset/src/elpv_dataset/data/images/cell1507.png,0,mono,Train,b1980f694700f2ce673a7607ea1a8a0f,12587207529110359774
cell2228.png,/content/elpv-dataset/src/elpv_dataset/data/images/cell2228.png,0,poly,Train,753bca7fb2a031ea30fadfb3fc019c51,10200240351898404526
cell1021.png,/content/elpv-dataset/src/elpv_dataset/data/images/cell1021.png,0,mono,Train,20870fb19a81e031a7fc9ee398b7bf08,9695861374063903360
cell0005.png,/content/elpv-dataset/src/elpv_dataset/data/images/cell0005.png,1,mono,Train,7c905c0deabf50ff425d13e3c3e3814d,9698086759929618306
cell1797.png,/content/elpv-dataset/src/elpv_dataset/data/images/cell1797.png,0,poly,Train,1e77be40b255fc48ce562bc6dd16cb61,11437112069041232026
cell2139.png,/content/elpv-dataset/src/elpv_dataset/data/images/cell2139.png,0,poly,Train,58bb786a028ed60fca97f98ff5003470,9575973048835814052
cell0617.png,/content/elpv-dataset/src/elpv_dataset/data/images/cell0617.png,1,poly,Train,b77bd6f9e887c5369b75fc57e31d4f1c,4304786663953640376
cell1538.png,/content/elpv-dataset/src/elpv_dataset/data/images/cell1538.png,0,mono,Train,dc616fbe7bb6736767bce469023e655b,9405913560950933632
cell0079.png,/content/elpv-dataset/src/elpv_dataset/data/images/cell0079.png,0,poly,Train,a68737bfe5f9886d8d8273e285a05f07,11718034833304242890
cell0464.png,/content/elpv-dataset/src/elpv_dataset/data/images/cell0464.png,1,mono,Train,a7c43ec8b7267a5d914c3b5fe8ad31fc,14883216280795908083
cell0170.png,/content/elpv-dataset/src/elpv_dataset/data/images/cell0170.png,0,poly,Train,23bb5e018e3fb1ddaec7c14a08d993b1,13338831192153364243
cell2195.png,/content/elpv-dataset/src/elpv_dataset/data/images/cell2195.png,0,mono,Train,3dc7a39e5184c4b8da6b9106fa776ef1,14037304983720985216
cell1418.png,/content/elpv-dataset/src/elpv_dataset/data/images/cell1418.png,1,mono,Train,3443bde27d6c092311433e3426bbead2,10272304508648197774
cell0834.png,/content/elpv-dataset/src/elpv_dataset/data/images/cell0834.png,1,poly,Train,c8d14f8f7e1c199a339d04f4deb15838,9987496252045442742
cell0622.png,/content/elpv-dataset/src/elpv_dataset/data/images/cell0622.png,0,poly,Train,d907238ca6a26ef84b20134fee61ff21,9550448856892707354
cell1870.png,/content/elpv-dataset/src/elpv_dataset/data/images/cell1870.png,0,poly,Train,a0170a7b0b458493c60d935d2914ba27,9995321012058883218
cell2548.png,/content/elpv-dataset/src/elpv_dataset/data/images/cell2548.png,1,poly,Train,b3fd77f659c4853defff7329433d4b23,11584043853973603464
cell0386.png,/content/elpv-dataset/src/elpv_dataset/data/images/cell0386.png,1,mono,Train,10edc12c13249930e94f006ce6ff0688,9950016783397684162
cell1032.png,/content/elpv-dataset/src/elpv_dataset/data/images/cell1032.png,1,mono,Train,66ee68700cb5802ea65e935abaf3c4c7,10272304542872145566
cell0564.png,/content/elpv-dataset/src/elpv_dataset/data/images/cell0564.png,1,poly,Train,8b071d6719025954445daa05093bd29b,14448892180769056872
cell1165.png,/content/elpv-dataset/src/elpv_dataset/data/images/cell1165.png,0,mono,Train,37399cfe8618534b0f79359b6fbc2aa6,13735590248641859230
cell0972.png,/content/elpv-dataset/src/elpv_dataset/data/images/cell0972.png,0,mono,Train,497ca35170cf05e0b3373a9b457e22e5,14334586591132421790
cell1454.png,/content/elpv-dataset/src/elpv_dataset/data/images/cell1454.png,1,mono,Train,fc7dc9a815f8657ee9c0062bd78e05f2,10848774194352000670
cell1405.png,/content/elpv-dataset/src/elpv_dataset/data/images/cell1405.png,1,mono,Train,4aaa1a4944d6a077b3f41b774c3f89e4,10272304543275323022
cell1091.png,/content/elpv-dataset/src/elpv_dataset/data/images/cell1091.png,0,mono,Train,01dd4398e4790aa6f77ef2ff7c43d877,12591781565929789086
cell1707.png,/content/elpv-dataset/src/elpv_dataset/data/images/cell1707.png,0,poly,Train,0dea7372d30fdc412fd28fc8d50f01b2,14898905441917970102
cell1792.png,/content/elpv-dataset/src/elpv_dataset/data/images/cell1792.png,0,poly,Train,fd9f5da67deab561cf611817e03daadb,7245773475289272966
cell0011.png,/content/elpv-dataset/src/elpv_dataset/data/images/cell0011.png,0,mono,Train,69ce6ee7ab6b99089b505a230da7e36f,9259542131964805760
cell2151.png,/content/elpv-dataset/src/elpv_dataset/data/images/cell2151.png,0,mono,Train,3d472f797fb47da62b64cf5e2bab3c3d,14739875373358417604
cell0283.png,/content/elpv-dataset/src/elpv_dataset/data/images/cell0283.png,1,poly,Train,7fc95a4a83b0220e537e1b3533aec6cc,18372065907971955888
cell0602.png,/content/elpv-dataset/src/elpv_dataset/data/images/cell0602.png,1,poly,Train,ab5a29600da9380ccaef3588bd42b19f,5278219313244050516
cell2388.png,/content/elpv-dataset/src/elpv_dataset/data/images/cell2388.png,0,poly,Train,71c7472dccd149316d4b7a3a09980743,16471511779820444566
cell2230.png,/content/elpv-dataset/src/elpv_dataset/data/images/cell2230.png,0,poly,Train,cbabd1a8212b1fedc29f41ba8217fa0d,11429729647243206334
cell1442.png,/content/elpv-dataset/src/elpv_dataset/data/images/cell1442.png,0,mono,Train,1e6f088b1c1765769c23715f9efbf8d9,16901620855402307230
cell1980.png,/content/elpv-dataset/src/elpv_dataset/data/images/cell1980.png,0,poly,Train,2da1103887d7ac7faf27a4f10067e01c,4583693064530734714
cell0457.png,/content/elpv-dataset/src/elpv_dataset/data/images/cell0457.png,1,mono,Train,4010ed9678e21c663e20455492939759,10270325426187308928
cell1562.png,/content/elpv-dataset/src/elpv_dataset/data/images/cell1562.png,0,mono,Train,f5ef8b4b3807981520da040f55a4b2fe,9405913543703824512
cell0930.png,/content/elpv-dataset/src/elpv_dataset/data/images/cell0930.png,0,mono,Train,9bf71bff3e15c1fb1afc2c1f381e362f,9692461641195225730
cell1634.png,/content/elpv-dataset/src/elpv_dataset/data/images/cell1634.png,1,poly,Train,35ed77cefa3813f6412703106b10b5ab,10127666183257359056
cell0301.png,/content/elpv-dataset/src/elpv_dataset/data/images/cell0301.png,1,poly,Train,d6627e88331163c3156a81c157adfcd6,15751021825893583612
cell0713.png,/content/elpv-dataset/src/elpv_dataset/data/images/cell0713.png,1,poly,Train,ae02bd81b9a0806052b17374044bdd2d,12894539076998982344
cell2037.png,/content/elpv-dataset/src/elpv_dataset/data/images/cell2037.png,0,poly,Train,aff499661ecd16a08b19cd242e43dac3,16182722254877418135
cell0911.png,/content/elpv-dataset/src/elpv_dataset/data/images/cell0911.png,1,mono,Train,fe747391427bd348e1a8bc57e263ae81,10285868187437153934
cell2102.png,/content/elpv-dataset/src/elpv_dataset/data/images/cell2102.png,0,poly,Train,1453505719530d2b712232b49dae58a5,10417589689334683840
cell2515.png,/content/elpv-dataset/src/elpv_dataset/data/images/cell2515.png,0,poly,Train,ab9645e882eafa78b0b9148121df74f5,18365361241959742698
cell2401.png,/content/elpv-dataset/src/elpv_dataset/data/images/cell2401.png,0,mono,Train,bb79ebd1e2c1d3d63fa966c6bc6f1611,10272295746913863372
cell1847.png,/content/elpv-dataset/src/elpv_dataset/data/images/cell1847.png,1,poly,Train,e1d5aaa46743d0f205fac97731b3ca3f,216912378764634755
cell0317.png,/content/elpv-dataset/src/elpv_dataset/data/images/cell0317.png,1,poly,Train,d03a21f827275b9e9da901123b1da20f,15904702662605457126
cell1184.png,/content/elpv-dataset/src/elpv_dataset/data/images/cell1184.png,0,mono,Train,6a8835a16080d7ab4fb7aac58462a461,9695830596563405958
cell1554.png,/content/elpv-dataset/src/elpv_dataset/data/images/cell1554.png,0,mono,Train,99108dfa9524cc99ca357e527b02cc1d,14902004959877720782
cell1360.png,/content/elpv-dataset/src/elpv_dataset/data/images/cell1360.png,0,mono,Train,ebe6f07eea702bb8441e4f522de7e042,9405370359156474498
cell2017.png,/content/elpv-dataset/src/elpv_dataset/data/images/cell2017.png,1,poly,Train,4edef8ed87874a86a2adad990f20ca2b,14760638834197841604
cell0726.png,/content/elpv-dataset/src/elpv_dataset/data/images/cell0726.png,0,poly,Train,92f0a550e8d64f4c89aa50039edde358,11833516745726137588
cell0274.png,/content/elpv-dataset/src/elpv_dataset/data/images/cell0274.png,1,poly,Train,5e9d2c8172aac700690bc3c2bf022f89,18224729477709329708
cell2392.png,/content/elpv-dataset/src/elpv_dataset/data/images/cell2392.png,1,poly,Train,8dbd89dd9c8adaa0f2f5d006e906b912,15748154053364461214
cell0744.png,/content/elpv-dataset/src/elpv_dataset/data/images/cell0744.png,1,poly,Train,41d0ff4241cbe58994f3cd0a3faa6de2,13094700452150950846
cell0063.png,/content/elpv-dataset/src/elpv_dataset/data/images/cell0063.png,0,poly,Train,0635e635e07264d8f28d3ff4c369b717,13600005450135277226
cell0412.png,/content/elpv-dataset/src/elpv_dataset/data/images/cell0412.png,1,mono,Train,f6f1b577e2c52114d4fcddc45befa01e,18347382303103033036
cell0544.png,/content/elpv-dataset/src/elpv_dataset/data/images/cell0544.png,0,poly,Train,5652dee5bd10eb83175bb9d365e6c086,12007877050148890796
cell2552.png,/content/elpv-dataset/src/elpv_dataset/data/images/cell2552.png,0,poly,Train,d363463c9341a8bdb4ebece346ec66c8,10127624154717929604
cell1899.png,/content/elpv-dataset/src/elpv_dataset/data/images/cell1899.png,1,poly,Train,edd8beb3adafe6d9212b7f2c4f688d30,13179422272623777343
cell1569.png,/content/elpv-dataset/src/elpv_dataset/data/images/cell1569.png,0,mono,Train,8d9eaf34f4c03f5de2bbb35fad2c2b72,14882882253714534030
cell1552.png,/content/elpv-dataset/src/elpv_dataset/data/images/cell1552.png,0,mono,Train,2b2a5cae50a59ade09e2d587cc481669,14902005098390407822
cell0314.png,/content/elpv-dataset/src/elpv_dataset/data/images/cell0314.png,0,poly,Train,3317b6b4f782d04e0185f63e5cc20520,2133825061752314600
cell1013.png,/content/elpv-dataset/src/elpv_dataset/data/images/cell1013.png,0,mono,Train,29001dc77ca836f92f4fd50862d9ec87,14883990561452105470
cell1831.png,/content/elpv-dataset/src/elpv_dataset/data/images/cell1831.png,0,poly,Train,b025be8e11da9a055e14898afa8b3fda,13126985866571189404
cell0861.png,/content/elpv-dataset/src/elpv_dataset/data/images/cell0861.png,1,poly,Train,a48b28c72fe983c5554dc12c5c58e724,9476014188107175564
cell1676.png,/content/elpv-dataset/src/elpv_dataset/data/images/cell1676.png,0,poly,Train,7a4ef4c55177b946e2200a3c5056f8ee,14327800427159093892
cell1790.png,/content/elpv-dataset/src/elpv_dataset/data/images/cell1790.png,0,poly,Train,e52e21c0af11b6af51974bb446ba26b8,11855876156153137168
cell1840.png,/content/elpv-dataset/src/elpv_dataset/data/images/cell1840.png,0,poly,Train,d460bc18a279a5696868282ec0bf56b6,9696470770164473522
cell1896.png,/content/elpv-dataset/src/elpv_dataset/data/images/cell1896.png,1,poly,Train,d1b7bd2677283fd96790c101ab2ba1dd,144115188075856128
cell0883.png,/content/elpv-dataset/src/elpv_dataset/data/images/cell0883.png,1,poly,Train,f66b3aadb90e025778ea68b1bb8a5786,13024092213120663294
cell0360.png,/content/elpv-dataset/src/elpv_dataset/data/images/cell0360.png,0,poly,Train,f14ba3473bbde630b2c0d266436a76fc,16346809391144685776
cell0295.png,/content/elpv-dataset/src/elpv_dataset/data/images/cell0295.png,1,poly,Train,396d07414ac7febc4e425c242b791d32,17599535852772040254
cell2561.png,/content/elpv-dataset/src/elpv_dataset/data/images/cell2561.png,0,poly,Train,46a7cda2d4f9dfd5da49ed264e883892,15768384990067199132
cell0928.png,/content/elpv-dataset/src/elpv_dataset/data/images/cell0928.png,0,mono,Train,55c35d5a15dde40db1eb9ae58980eec8,9404222468950491778
cell0272.png,/content/elpv-dataset/src/elpv_dataset/data/images/cell0272.png,0,poly,Train,a28bb44dc98c817fbe3e61a84699af1e,14739870959642661042
cell1888.png,/content/elpv-dataset/src/elpv_dataset/data/images/cell1888.png,0,poly,Train,3dee6017e5f643f96a482c44b63a9743,3609221210960965322
cell2316.png,/content/elpv-dataset/src/elpv_dataset/data/images/cell2316.png,0,poly,Train,333826a162051afd06bf6c135e8a5b39,4505824831883626118
cell2468.png,/content/elpv-dataset/src/elpv_dataset/data/images/cell2468.png,0,poly,Train,738dac12eaed025de94a5682cf12ba4a,13161395577997098206
cell0983.png,/content/elpv-dataset/src/elpv_dataset/data/images/cell0983.png,0,mono,Train,c93c7c5e8e40e806da1855db15a6f72c,9695843756208980672
cell2036.png,/content/elpv-dataset/src/elpv_dataset/data/images/cell2036.png,1,poly,Train,0a052453657bf32bb1b4e14b466d80ed,3980318880663507863
cell2231.png,/content/elpv-dataset/src/elpv_dataset/data/images/cell2231.png,0,poly,Train,936147a4ed56ba1b20961426c4487aeb,10276808142634258062
cell1385.png,/content/elpv-dataset/src/elpv_dataset/data/images/cell1385.png,0,mono,Train,1e47432fe1bcccbd84315bfa81932706,10846504665043340930
cell0199.png,/content/elpv-dataset/src/elpv_dataset/data/images/cell0199.png,1,poly,Train,a9eb602e128f092f005577fc1fc058e6,8371997003162982044
cell1818.png,/content/elpv-dataset/src/elpv_dataset/data/images/cell1818.png,0,poly,Train,69e16b3cfe164dc21bf2a05f6e384dc9,14382129819263997598
cell0786.png,/content/elpv-dataset/src/elpv_dataset/data/images/cell0786.png,1,poly,Train,a726223431b1940995645a483f18b326,14888505354182495364
cell1523.png,/content/elpv-dataset/src/elpv_dataset/data/images/cell1523.png,0,mono,Train,32351fc606d2c43d35d2b6c55bc14ed3,9694709068832344192
cell1972.png,/content/elpv-dataset/src/elpv_dataset/data/images/cell1972.png,0,poly,Train,4f7a9e47a884e09449214593f80bcd2a,9693451231798208134
cell0279.png,/content/elpv-dataset/src/elpv_dataset/data/images/cell0279.png,1,poly,Train,fe0f60c3c6e5cf3cbc75d379da85ea0a,4511123158570286766
cell1031.png,/content/elpv-dataset/src/elpv_dataset/data/images/cell1031.png,0,mono,Train,630cc9384a204f383091591c81aba3f9,16041504727726202526
cell2187.png,/content/elpv-dataset/src/elpv_dataset/data/images/cell2187.png,0,mono,Train,8df636a098e06e9dfb840028cdfce4b9,10128189354796287620
cell2407.png,/content/elpv-dataset/src/elpv_dataset/data/images/cell2407.png,0,mono,Train,4d85ff13a464ecc7de08d4c180dd8578,14881738761620590212
cell0926.png,/content/elpv-dataset/src/elpv_dataset/data/images/cell0926.png,0,mono,Train,13f79cdb41f19e5f75f53e9c3d9e573d,9693592059877695118
cell0569.png,/content/elpv-dataset/src/elpv_dataset/data/images/cell0569.png,0,poly,Train,19dd0da9a692bf9967e0c33e13f235e5,13016214949754073304
cell0064.png,/content/elpv-dataset/src/elpv_dataset/data/images/cell0064.png,0,poly,Train,02368bf4391ebbaa34a2df6db7ac26b5,13599882305906706090
cell2378.png,/content/elpv-dataset/src/elpv_dataset/data/images/cell2378.png,0,poly,Train,8e5b36820687bdeea01a2e83b1ba1a60,14559188169760727718
cell2087.png,/content/elpv-dataset/src/elpv_dataset/data/images/cell2087.png,0,poly,Train,7cb8419e126ba4d9bfeb15b2e1963988,10562830864156390094
cell2293.png,/content/elpv-dataset/src/elpv_dataset/data/images/cell2293.png,0,poly,Train,48655d1eb7002d666144d7eaf63e0c5b,9702713901154488302
cell1002.png,/content/elpv-dataset/src/elpv_dataset/data/images/cell1002.png,0,mono,Train,39d11aeda2920e9f8faf71bc1be9c56d,9404226884176347788
cell0107.png,/content/elpv-dataset/src/elpv_dataset/data/images/cell0107.png,0,poly,Train,338b2202426998f570afea88e05cd8fc,16927584826698010769
cell1017.png,/content/elpv-dataset/src/elpv_dataset/data/images/cell1017.png,0,mono,Train,e9479cb000a4cf997490f3fe66bc5b7f,14307529809130327710
cell1508.png,/content/elpv-dataset/src/elpv_dataset/data/images/cell1508.png,0,mono,Train,4f8c1b33581138c51bd13ec1ac39efa0,12587172343662423774
cell2308.png,/content/elpv-dataset/src/elpv_dataset/data/images/cell2308.png,0,poly,Train,bc2a86f97a2d7fcb40659d9cf9edee41,16710293828406843270
cell1012.png,/content/elpv-dataset/src/elpv_dataset/data/images/cell1012.png,0,mono,Train,3185a3bc03c601222583d8675746f223,16050475641750855422
cell0090.png,/content/elpv-dataset/src/elpv_dataset/data/images/cell0090.png,0,poly,Train,193030d5a4e32e5d630c41108189dbff,10990065681944717952
cell1604.png,/content/elpv-dataset/src/elpv_dataset/data/images/cell1604.png,0,mono,Train,9e7075724ba0faaab1636d2ae1894efd,9261798321134012544
cell0310.png,/content/elpv-dataset/src/elpv_dataset/data/images/cell0310.png,0,poly,Train,af06d3036340ac6d53ed0444417a8667,10991189427960996484
cell2262.png,/content/elpv-dataset/src/elpv_dataset/data/images/cell2262.png,0,poly,Train,4b68d03e7c8680d513f46444eda8f9e3,613063556904552074
cell1756.png,/content/elpv-dataset/src/elpv_dataset/data/images/cell1756.png,0,poly,Train,1415ed8ada3da49dbeac3964c1e5596b,10630399259088487048
cell1860.png,/content/elpv-dataset/src/elpv_dataset/data/images/cell1860.png,0,poly,Train,89a74d0b8889bad60194f44325311d3e,10568433312748985050
cell2219.png,/content/elpv-dataset/src/elpv_dataset/data/images/cell2219.png,0,poly,Train,e2fb3c5101c0a908cdb20c4d8da31a6a,9260118327722935822
cell0002.png,/content/elpv-dataset/src/elpv_dataset/data/images/cell0002.png,1,mono,Train,6fe83a757fdaf753cffd22544364b5fa,14178082157708608128
cell0275.png,/content/elpv-dataset/src/elpv_dataset/data/images/cell0275.png,1,poly,Train,81db4f4a0f9cdf3d24a65b4218f6d6c4,10285868187166875290
cell2519.png,/content/elpv-dataset/src/elpv_dataset/data/images/cell2519.png,0,poly,Train,b6de8874c38a063cde6f25117f07fa56,15475684136807485134
cell0512.png,/content/elpv-dataset/src/elpv_dataset/data/images/cell0512.png,1,mono,Train,7ea7b150633be3e5576d5e0df886d801,14884263240188465540
cell1573.png,/content/elpv-dataset/src/elpv_dataset/data/images/cell1573.png,0,mono,Train,70ea11719f7507ae7e821477f3edb2c1,14891889452969266830
cell0616.png,/content/elpv-dataset/src/elpv_dataset/data/images/cell0616.png,1,poly,Train,26bbdbad94851ca812bef2e525dc619c,12623440740436452263
cell1559.png,/content/elpv-dataset/src/elpv_dataset/data/images/cell1559.png,0,mono,Train,38064076f7b839f6dd3bf43422c0c9b8,9982374296040933524
cell1234.png,/content/elpv-dataset/src/elpv_dataset/data/images/cell1234.png,0,mono,Train,267855560bca37d61afe2e7d894296e1,9695834977430048398
cell0122.png,/content/elpv-dataset/src/elpv_dataset/data/images/cell0122.png,0,poly,Train,f4ed4a3bfe937cd228f0148604546c51,11866097472326078592
cell0354.png,/content/elpv-dataset/src/elpv_dataset/data/images/cell0354.png,0,poly,Train,6ee5a32cd662de6c08beaad207992e34,12019999783138546900
cell1009.png,/content/elpv-dataset/src/elpv_dataset/data/images/cell1009.png,0,mono,Train,d9c57eadd3a4ae574a36a193e6f71d07,9405211496839547528
cell0860.png,/content/elpv-dataset/src/elpv_dataset/data/images/cell0860.png,1,poly,Train,a40ca0c993def7066f45fc8d6ff62ed2,10290336585275703955
cell0487.png,/content/elpv-dataset/src/elpv_dataset/data/images/cell0487.png,1,mono,Train,de65aa10046d4b1d87ffee6fa030b252,9984074167931541130
cell0394.png,/content/elpv-dataset/src/elpv_dataset/data/images/cell0394.png,1,mono,Train,e05f9c9309b57710dea52860d2f72fd5,9695859244449965702
cell2278.png,/content/elpv-dataset/src/elpv_dataset/data/images/cell2278.png,0,poly,Train,0fa8094dfce83cddf97ac5b49d509b2f,9697524111261867907
cell2464.png,/content/elpv-dataset/src/elpv_dataset/data/images/cell2464.png,0,poly,Train,e24bdb5a4be76297d649c8205c059131,3644140647614286051
cell0741.png,/content/elpv-dataset/src/elpv_dataset/data/images/cell0741.png,1,poly,Train,20b9dad870abd32d85739e3c4774a29d,13689249338968685503
cell0962.png,/content/elpv-dataset/src/elpv_dataset/data/images/cell0962.png,0,mono,Train,e65089c56a5e79958cbc5888a83285f4,9693578212399022276
cell0197.png,/content/elpv-dataset/src/elpv_dataset/data/images/cell0197.png,1,poly,Train,bbb23c10133d0ea6a903699b261082f5,10245564386129120938
cell2364.png,/content/elpv-dataset/src/elpv_dataset/data/images/cell2364.png,0,poly,Train,a81f4ad8af71a55ca568fe952c9e27bb,11975802079963775104
cell0144.png,/content/elpv-dataset/src/elpv_dataset/data/images/cell0144.png,0,poly,Train,fd7000fd9d841df30972c6275166d4ce,14899205612029906062
cell1649.png,/content/elpv-dataset/src/elpv_dataset/data/images/cell1649.png,1,poly,Train,3a4a7ea1148e6cf48356cf5999c5d0e0,12007982774965999832
cell2057.png,/content/elpv-dataset/src/elpv_dataset/data/images/cell2057.png,1,poly,Train,740eb6bdb3970db4ca6eea352ad7522f,14183674214931551834
cell2096.png,/content/elpv-dataset/src/elpv_dataset/data/images/cell2096.png,0,poly,Train,95001030f697e1c07fab9035741d04b3,11864418641692893569
cell0190.png,/content/elpv-dataset/src/elpv_dataset/data/images/cell0190.png,1,poly,Train,be7b6f6bb2ee6e731bec0715b7b8b63c,4327833926243759798
cell1208.png,/content/elpv-dataset/src/elpv_dataset/data/images/cell1208.png,0,mono,Train,b9e2d87d07945669040fdaa85ef3dc72,10849037974126070918
cell2393.png,/content/elpv-dataset/src/elpv_dataset/data/images/cell2393.png,0,poly,Train,a7fd13011f53c8086890471b1e7fb257,13446051616994789867
cell1543.png,/content/elpv-dataset/src/elpv_dataset/data/images/cell1543.png,0,mono,Train,64a07035f01ed0a2f7ef97346d451fd2,9261793974828435584
cell1762.png,/content/elpv-dataset/src/elpv_dataset/data/images/cell1762.png,0,poly,Train,b10b8dcc0db20f7f4486eeb9f2f8d1bc,10629270042359005833
cell0781.png,/content/elpv-dataset/src/elpv_dataset/data/images/cell0781.png,1,poly,Train,2e3395fb2ad0ecbec89f86199b81255f,10137231738423117446
cell2221.png,/content/elpv-dataset/src/elpv_dataset/data/images/cell2221.png,0,poly,Train,9d8db138f61afe0afaf1ec2422ef5cda,9260707665753966094
cell2299.png,/content/elpv-dataset/src/elpv_dataset/data/images/cell2299.png,0,poly,Train,09d0759150311138639c7c5d61cedaff,13165882756888972974
cell0086.png,/content/elpv-dataset/src/elpv_dataset/data/images/cell0086.png,0,poly,Train,70ec762e5944acfc1703a8e590a9f219,15340609203000151182
cell2257.png,/content/elpv-dataset/src/elpv_dataset/data/images/cell2257.png,0,poly,Train,389386a422845deaa3ae06830c6177e5,9693578796682610306
cell1471.png,/content/elpv-dataset/src/elpv_dataset/data/images/cell1471.png,0,mono,Train,098fe55b4e4ea1b70fd5e3d8131764bd,10848765295310311062
cell2089.png,/content/elpv-dataset/src/elpv_dataset/data/images/cell2089.png,1,poly,Train,e7c584980fbb5963718f78bd0fff87ec,15614743754013079770
cell2281.png,/content/elpv-dataset/src/elpv_dataset/data/images/cell2281.png,0,poly,Train,780421b082413defe3becd70a57cd56f,10276818040302176414
cell1303.png,/content/elpv-dataset/src/elpv_dataset/data/images/cell1303.png,1,mono,Train,b4a99c77dcf5834ac99e26bb25f76ce3,9417183512153197696
cell1278.png,/content/elpv-dataset/src/elpv_dataset/data/images/cell1278.png,0,mono,Train,5c837d1ced502831d6064e86900a9a44,9693580961279543970
cell1815.png,/content/elpv-dataset/src/elpv_dataset/data/images/cell1815.png,0,poly,Train,2ec9b029e405ea3b9e2675dde501e85f,10788858534194481822
cell2336.png,/content/elpv-dataset/src/elpv_dataset/data/images/cell2336.png,1,poly,Train,607a154740708ef3370f4724c86017f2,14146603045082106129
cell0957.png,/content/elpv-dataset/src/elpv_dataset/data/images/cell0957.png,0,mono,Train,9a6a420175dbb642b26ef251ba6c0a35,10272304612398374542
cell1645.png,/content/elpv-dataset/src/elpv_dataset/data/images/cell1645.png,1,poly,Train,83466b5d9ac2a9500afdbabbcca70dac,11718641078126417624
cell1549.png,/content/elpv-dataset/src/elpv_dataset/data/images/cell1549.png,0,mono,Train,ddbc9ae3441d235d6d170bc46bfaed0a,16063951257066196622
cell0027.png,/content/elpv-dataset/src/elpv_dataset/data/images/cell0027.png,1,mono,Train,3c10c0f771e8c160cb50f1679e43051f,10124234355552387210
cell1180.png,/content/elpv-dataset/src/elpv_dataset/data/images/cell1180.png,0,mono,Train,eea7827aae4c83fa73455f49cdf5433e,10560552511344643726
cell2419.png,/content/elpv-dataset/src/elpv_dataset/data/images/cell2419.png,0,mono,Train,1a261b734d94cf7b32af1619b7762b12,10272304543006885510
cell2424.png,/content/elpv-dataset/src/elpv_dataset/data/images/cell2424.png,0,mono,Train,1068ae9cfcd5055820b3d567d3bbcdcf,11285629878367325852
cell2338.png,/content/elpv-dataset/src/elpv_dataset/data/images/cell2338.png,0,poly,Train,aa28c338e4cf913143c099ab779c4953,12445366413372720264
cell2403.png,/content/elpv-dataset/src/elpv_dataset/data/images/cell2403.png,0,mono,Train,e81a48f9cbe3b2066b1c92206408b3fc,9695834960183332494
cell0886.png,/content/elpv-dataset/src/elpv_dataset/data/images/cell0886.png,1,poly,Train,f79fdc01a2b1f4323d32a69cd22d327c,9696494977808219703
cell1272.png,/content/elpv-dataset/src/elpv_dataset/data/images/cell1272.png,0,mono,Train,351499630669cd11cdc543e65151e6f7,10274828987210307206
cell0256.png,/content/elpv-dataset/src/elpv_dataset/data/images/cell0256.png,1,poly,Train,dbbf5003219db8c55c2b4b2e275fa3a0,1645835657494849279
cell0008.png,/content/elpv-dataset/src/elpv_dataset/data/images/cell0008.png,1,mono,Train,ad808cde5a852618e5f2bc7b2afce3cb,9691891322121650308
cell0592.png,/content/elpv-dataset/src/elpv_dataset/data/images/cell0592.png,1,poly,Train,17a746ef8e6f23c2f957e25c485cd437,12718386129055308490
cell0611.png,/content/elpv-dataset/src/elpv_dataset/data/images/cell0611.png,1,poly,Train,235287e205b4b5bbd7bc3972b57dfc2b,15779481658102512848
cell2274.png,/content/elpv-dataset/src/elpv_dataset/data/images/cell2274.png,0,poly,Train,e93306be03acfef4169f46bb5581b931,15460451313737699006
cell1948.png,/content/elpv-dataset/src/elpv_dataset/data/images/cell1948.png,0,poly,Train,f463d8868b7b0d884663c327832b668f,10629272241450418824
cell0863.png,/content/elpv-dataset/src/elpv_dataset/data/images/cell0863.png,1,poly,Train,1b7f4b349794312a7c86e85b61d0cc7c,17794565241842863780
cell1883.png,/content/elpv-dataset/src/elpv_dataset/data/images/cell1883.png,0,poly,Train,dbc6f2e72ff0980ab3736d71f0722169,10560526226132053634
cell0951.png,/content/elpv-dataset/src/elpv_dataset/data/images/cell0951.png,0,mono,Train,124ef2291b5ecf973c8f686e365af956,10272304612532592270
cell2163.png,/content/elpv-dataset/src/elpv_dataset/data/images/cell2163.png,0,mono,Train,911aaa657f015d30ed5b0a63ab879687,11873334176176836332
cell1716.png,/content/elpv-dataset/src/elpv_dataset/data/images/cell1716.png,0,poly,Train,02b75f66398df5c1fe6930ec37af7c19,9839393959020103300
cell1336.png,/content/elpv-dataset/src/elpv_dataset/data/images/cell1336.png,0,mono,Train,70342a80eb77c5d49eb14172f9936df1,9403657311349670018
cell0612.png,/content/elpv-dataset/src/elpv_dataset/data/images/cell0612.png,1,poly,Train,b9558a86afc01f7ea83e0114e6df8f17,2369113583426248896
cell2056.png,/content/elpv-dataset/src/elpv_dataset/data/images/cell2056.png,0,poly,Train,acd3361e4bd6a6a8999554bf79e52bae,13309426448026474230
cell0728.png,/content/elpv-dataset/src/elpv_dataset/data/images/cell0728.png,0,poly,Train,10583da0c80f4bb1e5ab2282a404fc5d,12153429970908258998
cell1915.png,/content/elpv-dataset/src/elpv_dataset/data/images/cell1915.png,0,poly,Train,d6b397f52fdce2bf6c6d4fbfa8259e88,13251468768520083074
cell0233.png,/content/elpv-dataset/src/elpv_dataset/data/images/cell0233.png,1,poly,Train,dd48ad310e07067f956bdfa3fa8f03d2,17212431027161984590
cell0155.png,/content/elpv-dataset/src/elpv_dataset/data/images/cell0155.png,1,poly,Train,afe6afe6e7aa72e72da52327f29521e2,3942583572831333038
cell1361.png,/content/elpv-dataset/src/elpv_dataset/data/images/cell1361.png,0,mono,Train,4cd487e36159a2ba43fd6f3c821aafa6,9692452845168919170
cell0917.png,/content/elpv-dataset/src/elpv_dataset/data/images/cell0917.png,0,mono,Train,944f4a601d01ef2e94515752d5e55856,10272304542872667782
cell0388.png,/content/elpv-dataset/src/elpv_dataset/data/images/cell0388.png,1,mono,Train,a539394a4a55551ca7a5af5ee8913524,13891296211840927628
cell1973.png,/content/elpv-dataset/src/elpv_dataset/data/images/cell1973.png,0,poly,Train,ee1c42b703f533b1caa35fe54a420938,16179333980339341464
cell1116.png,/content/elpv-dataset/src/elpv_dataset/data/images/cell1116.png,0,mono,Train,330f2b89f6d6b8178dea477bd993065e,12591658420090607246
cell0937.png,/content/elpv-dataset/src/elpv_dataset/data/images/cell0937.png,0,mono,Train,3fe3c6d1d23b01629ff4f9437b0c263f,10270052812449554062
cell0771.png,/content/elpv-dataset/src/elpv_dataset/data/images/cell0771.png,0,poly,Train,8212037194314f852d82911a66f1da10,12970013703125252248
cell0955.png,/content/elpv-dataset/src/elpv_dataset/data/images/cell0955.png,0,mono,Train,b8fdca02fb12ff6531c167531c0a37bb,10272313373594787470
cell1751.png,/content/elpv-dataset/src/elpv_dataset/data/images/cell1751.png,0,poly,Train,95ccf9589de778485194467936a74329,9702713901154488300
cell1700.png,/content/elpv-dataset/src/elpv_dataset/data/images/cell1700.png,0,poly,Train,209fd3405c0fd46b6c8a84e3b65ed4e4,13874058302281521308
cell1717.png,/content/elpv-dataset/src/elpv_dataset/data/images/cell1717.png,0,poly,Train,4c78df49bb7d17d6dd89df21a5bfd7e2,15177593108314849922
cell1863.png,/content/elpv-dataset/src/elpv_dataset/data/images/cell1863.png,0,poly,Train,e142d3a487299fcbf5aff31a680c62a2,11213572585731884966
cell1324.png,/content/elpv-dataset/src/elpv_dataset/data/images/cell1324.png,0,mono,Train,e18a8e1663dd81f6844ba03a7b571903,9980681013640069762
cell2409.png,/content/elpv-dataset/src/elpv_dataset/data/images/cell2409.png,0,mono,Train,86622c02daad384866c6d0063419d383,14883990561434275532
cell1602.png,/content/elpv-dataset/src/elpv_dataset/data/images/cell1602.png,0,mono,Train,0c477f955c9cb09456ba5033d385e4f1,9261793923221850244
cell0466.png,/content/elpv-dataset/src/elpv_dataset/data/images/cell0466.png,1,mono,Train,884ba6d65dfe4fc206740d62b7d7cf95,9657835286390374560
cell2598.png,/content/elpv-dataset/src/elpv_dataset/data/images/cell2598.png,0,poly,Train,ce42e2c7e82ac55092371cbb79366701,15192528952350906059
cell2303.png,/content/elpv-dataset/src/elpv_dataset/data/images/cell2303.png,0,poly,Train,919219272876eda1e202cd432cdc3107,9837414734868942723
cell1691.png,/content/elpv-dataset/src/elpv_dataset/data/images/cell1691.png,0,poly,Train,782a787d4d5d7dd3be49941ff3461631,16982729564688945014
cell0831.png,/content/elpv-dataset/src/elpv_dataset/data/images/cell0831.png,0,poly,Train,f511bc160ed5e3f7ae0373fecd2a8d3d,14106373268595187358
cell0668.png,/content/elpv-dataset/src/elpv_dataset/data/images/cell0668.png,1,poly,Train,2a8562c95d6f2902af74d9e8b458f8b6,16635895163426191882
cell0504.png,/content/elpv-dataset/src/elpv_dataset/data/images/cell0504.png,0,mono,Train,3e5c61b6d6a89e86de630d48a83ecfe5,9224078483855114882
cell2563.png,/content/elpv-dataset/src/elpv_dataset/data/images/cell2563.png,0,poly,Train,eb8ad10aff06ffa5151f3c55e2be3312,11156698971572702364
cell0889.png,/content/elpv-dataset/src/elpv_dataset/data/images/cell0889.png,1,poly,Train,9b38b8c8cc828b75517e37d671dc1e27,9340673223686933734
cell2106.png,/content/elpv-dataset/src/elpv_dataset/data/images/cell2106.png,0,poly,Train,0272d4adcc6e7e4fd12041597960f261,13447360135538784762
cell0054.png,/content/elpv-dataset/src/elpv_dataset/data/images/cell0054.png,1,mono,Train,a9dba4913d9b8eabb7d46e78eeac013b,7116679972431366274
cell0515.png,/content/elpv-dataset/src/elpv_dataset/data/images/cell0515.png,1,mono,Train,afdb66734598f7645634673c81073817,13454168324205810076
cell0734.png,/content/elpv-dataset/src/elpv_dataset/data/images/cell0734.png,0,poly,Train,5ab48b93134ed21341301e48493db966,13238039591484569340
cell1528.png,/content/elpv-dataset/src/elpv_dataset/data/images/cell1528.png,0,mono,Train,212e82cb676874f84863c421bdd77374,15343375729546948350
cell2495.png,/content/elpv-dataset/src/elpv_dataset/data/images/cell2495.png,0,poly,Train,5c484731fc9060de328f9fab5bcee315,13446225236586168553
cell0196.png,/content/elpv-dataset/src/elpv_dataset/data/images/cell0196.png,1,poly,Train,1d58d694aa9bbc25516e555ce40d0016,15488873982750899868
cell0529.png,/content/elpv-dataset/src/elpv_dataset/data/images/cell0529.png,1,mono,Train,5463a172ab0aa73e501b7c2b61485e94,10636313261894434794
cell2624.png,/content/elpv-dataset/src/elpv_dataset/data/images/cell2624.png,0,poly,Train,e27ba63593270c14344e099c85398067,11285653679821190798
cell1068.png,/content/elpv-dataset/src/elpv_dataset/data/images/cell1068.png,0,mono,Train,1a7408a0a4f30b9e598587da98ecb18d,9259542123273815172
cell0352.png,/content/elpv-dataset/src/elpv_dataset/data/images/cell0352.png,0,poly,Train,5f6410ddcf3d3d77f9a9ee3b3391fcdf,16346534521827676368
cell0762.png,/content/elpv-dataset/src/elpv_dataset/data/images/cell0762.png,1,poly,Train,e485590a053ff1227d26a4f6cc51d526,9279878724702994560
cell1871.png,/content/elpv-dataset/src/elpv_dataset/data/images/cell1871.png,0,poly,Train,60b740a4253998f9a97913adeb3f4498,11788088619171218606
cell2347.png,/content/elpv-dataset/src/elpv_dataset/data/images/cell2347.png,0,poly,Train,da6ce441f838af20ba7e15e65ed17414,11370969827048185230
cell1525.png,/content/elpv-dataset/src/elpv_dataset/data/images/cell1525.png,0,mono,Train,0f5b793a356442fc7ad457fdd8377d02,16050440664615136958
cell1221.png,/content/elpv-dataset/src/elpv_dataset/data/images/cell1221.png,1,mono,Train,358b8762efcebfa1020ba9b1c1878a89,12873137674121294482
cell0759.png,/content/elpv-dataset/src/elpv_dataset/data/images/cell0759.png,1,poly,Train,73dcb4284eb2a70644ff68ba8d8798bc,9435237971370600937
cell2610.png,/content/elpv-dataset/src/elpv_dataset/data/images/cell2610.png,0,poly,Train,ad9b21f033e3a0fe4a899bda274b01f0,13732479790845433488
cell1070.png,/content/elpv-dataset/src/elpv_dataset/data/images/cell1070.png,0,mono,Train,e61eb1f950bf7d86521270b29b01d4da,9261237596074706562
cell0381.png,/content/elpv-dataset/src/elpv_dataset/data/images/cell0381.png,1,mono,Train,e80a36dea71c20b8235638ef8aa3eb6c,9260107281108993742
cell1671.png,/content/elpv-dataset/src/elpv_dataset/data/images/cell1671.png,1,poly,Train,e2357d44862717199ad0d7ac538ad23a,10297097551533425764
cell1625.png,/content/elpv-dataset/src/elpv_dataset/data/images/cell1625.png,1,poly,Train,6e5655e8bf73c05b5f68226388935824,17176270271232979406
cell0491.png,/content/elpv-dataset/src/elpv_dataset/data/images/cell0491.png,1,mono,Train,64a9ffab8c9c822566736da0c3dd36bd,9405361589269332098
cell2426.png,/content/elpv-dataset/src/elpv_dataset/data/images/cell2426.png,0,mono,Train,3df26d2ae5529833298701c355a49caf,14015345537423936206
cell1747.png,/content/elpv-dataset/src/elpv_dataset/data/images/cell1747.png,0,poly,Train,403b5f616c071b00e02a36658b5c0108,9702713901221596910
cell0570.png,/content/elpv-dataset/src/elpv_dataset/data/images/cell0570.png,0,poly,Train,89dc8771e1bf71612e632dd050bd566b,10418099803407032464
cell1048.png,/content/elpv-dataset/src/elpv_dataset/data/images/cell1048.png,1,mono,Train,b23f87b8516a06000b05505c19301aa8,9261802719214077570
cell1673.png,/content/elpv-dataset/src/elpv_dataset/data/images/cell1673.png,1,poly,Train,11be7fcc065ed8446412a2df527420b7,6507648305988214156
cell2135.png,/content/elpv-dataset/src/elpv_dataset/data/images/cell2135.png,0,poly,Train,2d5823bef2bded5eb7e095ad84ff74d8,11556287548531836578
cell1493.png,/content/elpv-dataset/src/elpv_dataset/data/images/cell1493.png,0,mono,Train,3b0c2a503057f3403549f3b1f8181acd,9693583160302276238
cell0328.png,/content/elpv-dataset/src/elpv_dataset/data/images/cell0328.png,0,poly,Train,b945b6c83c18af7e0dfe5cbe32d686a9,16612528374819508464
cell1067.png,/content/elpv-dataset/src/elpv_dataset/data/images/cell1067.png,0,mono,Train,deceb562a4905abbdbcd4338b761da86,9259542123273814150
cell0847.png,/content/elpv-dataset/src/elpv_dataset/data/images/cell0847.png,0,poly,Train,0a090f4aa7205e1fea0e990d082dd1a8,9484775028037817996
cell0733.png,/content/elpv-dataset/src/elpv_dataset/data/images/cell0733.png,0,poly,Train,a5e7f12f35a8d03c6cb1cc77e7558a3d,12519891493809550072
cell2538.png,/content/elpv-dataset/src/elpv_dataset/data/images/cell2538.png,1,poly,Train,779ced4a297588a377bb83bf59567156,18365392166081890052
cell2498.png,/content/elpv-dataset/src/elpv_dataset/data/images/cell2498.png,0,poly,Train,9973b05d6d4c19dc5a5e8b8e759b7834,13297032418247742128
cell1791.png,/content/elpv-dataset/src/elpv_dataset/data/images/cell1791.png,0,poly,Train,364282ac3ea4d0ae85747f6db04c0ee9,2632504085106690048
cell1390.png,/content/elpv-dataset/src/elpv_dataset/data/images/cell1390.png,1,mono,Train,9e976cd8a65b0d86fa2c44add18d2db7,10272304611994534550
cell0794.png,/content/elpv-dataset/src/elpv_dataset/data/images/cell0794.png,1,poly,Train,86768fd5a63923278b5270d73e843587,17217456800659133658
cell2430.png,/content/elpv-dataset/src/elpv_dataset/data/images/cell2430.png,0,mono,Train,6e6c42f7711cbc6e750dd3a08688f89d,10276819206741606044
cell1120.png,/content/elpv-dataset/src/elpv_dataset/data/images/cell1120.png,0,mono,Train,27446a52bc561520f08c0b4bbba098f9,10270052743193206430
cell2314.png,/content/elpv-dataset/src/elpv_dataset/data/images/cell2314.png,0,poly,Train,4584284b154dc0ef48e5ccda28275848,939352943927731886
cell1129.png,/content/elpv-dataset/src/elpv_dataset/data/images/cell1129.png,0,mono,Train,69f7348f7ff35e90508fa9177b0c0bc8,9261237578827728526
cell2559.png,/content/elpv-dataset/src/elpv_dataset/data/images/cell2559.png,0,poly,Train,db6c95279c34740522a7010ace884800,10724459279031912070
cell1805.png,/content/elpv-dataset/src/elpv_dataset/data/images/cell1805.png,0,poly,Train,2cabeeedb70a191b7c6aab57d5d0120c,11134787873856592084
cell2095.png,/content/elpv-dataset/src/elpv_dataset/data/images/cell2095.png,0,poly,Train,b8f5425e62e259eab1b532d0f62e23f4,12286568984354788508
cell0311.png,/content/elpv-dataset/src/elpv_dataset/data/images/cell0311.png,0,poly,Train,cc4441d19c443ab9f85a076dab2adcdb,16631668898730532084
cell2190.png,/content/elpv-dataset/src/elpv_dataset/data/images/cell2190.png,0,mono,Train,b5338b57e1432893aa08240d90efa4ae,13871793316548739712
cell1463.png,/content/elpv-dataset/src/elpv_dataset/data/images/cell1463.png,0,mono,Train,6c60e7664572028e260fe513937ab564,10853286555843202704
cell0228.png,/content/elpv-dataset/src/elpv_dataset/data/images/cell0228.png,1,poly,Train,0ca8afbe73dc88f2fd8bcbf0cc207f03,584423458671987852
cell1394.png,/content/elpv-dataset/src/elpv_dataset/data/images/cell1394.png,1,mono,Train,5eb5d9a038e618e80b5b0b87a3cf0bb0,10128215708715617942
cell1591.png,/content/elpv-dataset/src/elpv_dataset/data/images/cell1591.png,1,mono,Train,84eae23fa1b4fe0ec2c71a09a66ee23a,11425243639799795406
cell2381.png,/content/elpv-dataset/src/elpv_dataset/data/images/cell2381.png,0,poly,Train,bd206e729b0f72ea35d966a0c559564e,9563824858596123814
cell2276.png,/content/elpv-dataset/src/elpv_dataset/data/images/cell2276.png,0,poly,Train,61fc169d5c07c9a098f438d1fc6fbc02,9412117014179122831
cell2067.png,/content/elpv-dataset/src/elpv_dataset/data/images/cell2067.png,0,poly,Train,fd83c8cbdf751c54ff74a8a0357a5eb5,10417558817579897490
cell1783.png,/content/elpv-dataset/src/elpv_dataset/data/images/cell1783.png,0,poly,Train,751be8c95d6ce1d5c466cf5ddb3f0845,11426908015821593989
cell2040.png,/content/elpv-dataset/src/elpv_dataset/data/images/cell2040.png,0,poly,Train,f40158d251eca3f2d8020a48b6fe671e,12148655308867616680
cell0401.png,/content/elpv-dataset/src/elpv_dataset/data/images/cell0401.png,1,mono,Train,3fdc5ac4bcb1942956920e71d86c407a,14134167743012179672
cell2265.png,/content/elpv-dataset/src/elpv_dataset/data/images/cell2265.png,0,poly,Train,aeb56e5aac7977c575fbf408db0cece4,9405350617465127436
cell2549.png,/content/elpv-dataset/src/elpv_dataset/data/images/cell2549.png,0,poly,Train,9e4a09896458028e3c89dbedc8163163,11565387400264058016
cell0600.png,/content/elpv-dataset/src/elpv_dataset/data/images/cell0600.png,0,poly,Train,cf9388a0fde4a82fa659f8f5639f051d,16782880103155147970
cell2387.png,/content/elpv-dataset/src/elpv_dataset/data/images/cell2387.png,0,poly,Train,7d58086b8fa99d30ab78ce75cc40dd58,12006489604639067023
cell0264.png,/content/elpv-dataset/src/elpv_dataset/data/images/cell0264.png,1,poly,Train,8bc5e558be8f873ac6991d608f53fb04,10702407156803095734
cell1117.png,/content/elpv-dataset/src/elpv_dataset/data/images/cell1117.png,0,mono,Train,82b3eff3b7b6b184d11edb8c3960545b,10270052743327424142
cell0251.png,/content/elpv-dataset/src/elpv_dataset/data/images/cell0251.png,1,poly,Train,d35eaeba06613a0b764e24b897553d20,10276915075442711692
cell1255.png,/content/elpv-dataset/src/elpv_dataset/data/images/cell1255.png,0,mono,Train,a2c46f1d64351b9e93e451b3cd5dd646,9980683238466946690
cell0056.png,/content/elpv-dataset/src/elpv_dataset/data/images/cell0056.png,1,mono,Train,8f5bc95a5efe1e73ff3387c89aa98187,10564471411101959814
cell2112.png,/content/elpv-dataset/src/elpv_dataset/data/images/cell2112.png,0,poly,Train,cdbb0a6fd502d499ec205c692f8cbf99,12007994003096311526
cell0992.png,/content/elpv-dataset/src/elpv_dataset/data/images/cell0992.png,0,mono,Train,259587879f8e1a4232beabbe89e4a920,16041415631174010502
cell1595.png,/content/elpv-dataset/src/elpv_dataset/data/images/cell1595.png,0,mono,Train,0a98d4a331c60deb8e95173af07e1a24,10272295746913873548
cell0900.png,/content/elpv-dataset/src/elpv_dataset/data/images/cell0900.png,1,poly,Train,dbb5a1ad81e263f9235a5b185e31542b,10270063755523031714
cell2028.png,/content/elpv-dataset/src/elpv_dataset/data/images/cell2028.png,0,poly,Train,caf4d65563163c917e61ee4896aa283f,9767910353072718414
cell1294.png,/content/elpv-dataset/src/elpv_dataset/data/images/cell1294.png,0,mono,Train,18fce3f654d78e497da21f41f3886677,9549476837173663378
cell2543.png,/content/elpv-dataset/src/elpv_dataset/data/images/cell2543.png,0,poly,Train,451194746971153257c235bfb66c37db,16924204791355981034
cell1312.png,/content/elpv-dataset/src/elpv_dataset/data/images/cell1312.png,0,mono,Train,231cb1bc17479c546617b298730f6553,10274573969634795150
cell0049.png,/content/elpv-dataset/src/elpv_dataset/data/images/cell0049.png,1,mono,Train,606b539b87fea099f3c241fb653f9b3e,10270052801176020108
cell2241.png,/content/elpv-dataset/src/elpv_dataset/data/images/cell2241.png,0,poly,Train,57c47b7bb2a158b73fc27fa0f60dada0,9260118327731588622
cell0977.png,/content/elpv-dataset/src/elpv_dataset/data/images/cell0977.png,0,mono,Train,8284e8865f79e0a94682a260a8dd7b3c,9695861382889508814
cell2065.png,/content/elpv-dataset/src/elpv_dataset/data/images/cell2065.png,0,poly,Train,aede8a5ce2503d469231a1ee8803c492,11148370136565729679
cell2129.png,/content/elpv-dataset/src/elpv_dataset/data/images/cell2129.png,0,poly,Train,bc094064efa8452a1e9133d10424f38a,14883443184970412977
cell1317.png,/content/elpv-dataset/src/elpv_dataset/data/images/cell1317.png,0,mono,Train,ef5cfa5984f122104b8eef198d6b3d5f,9981806922171057798
cell0660.png,/content/elpv-dataset/src/elpv_dataset/data/images/cell0660.png,1,poly,Train,0c5d7bfe7e07b961fc413f46e873f3cf,11642281824510059104
cell0333.png,/content/elpv-dataset/src/elpv_dataset/data/images/cell0333.png,0,poly,Train,b104c52c425d9631a12e3abcac8db756,16644088979922016504
cell1882.png,/content/elpv-dataset/src/elpv_dataset/data/images/cell1882.png,0,poly,Train,b27acd3cbf4cb6c12c6b8b65f2cb069e,16055028014757351046
cell1043.png,/content/elpv-dataset/src/elpv_dataset/data/images/cell1043.png,1,mono,Train,75ffa4df7a9c59ecd9240e12373284ce,13871228141701202050
cell1517.png,/content/elpv-dataset/src/elpv_dataset/data/images/cell1517.png,0,mono,Train,38772b4144c9c3c408254c69359a37bd,10272295738222479492
cell0475.png,/content/elpv-dataset/src/elpv_dataset/data/images/cell0475.png,1,mono,Train,95c2cb0f45a84f4cb554f6d88824bf2a,16190153681935449790
cell0443.png,/content/elpv-dataset/src/elpv_dataset/data/images/cell0443.png,1,mono,Train,4412d28c9d07ac388b8e2a6a1e1fbe29,14882081972322994066
cell0135.png,/content/elpv-dataset/src/elpv_dataset/data/images/cell0135.png,0,poly,Train,9f422f3abc7e9440a0b5fc0dd65cac2b,11567665760227020700
cell2459.png,/content/elpv-dataset/src/elpv_dataset/data/images/cell2459.png,0,poly,Train,64d55960753b11e11a30acf49124cf42,3646392430248116451
cell1183.png,/content/elpv-dataset/src/elpv_dataset/data/images/cell1183.png,0,mono,Train,dafa0d7d2c80ae3d869aa08af219fcef,9695843790702939294
cell1982.png,/content/elpv-dataset/src/elpv_dataset/data/images/cell1982.png,1,poly,Train,0c243762f5fba1479e342078999fab35,4583693064530726412
cell0488.png,/content/elpv-dataset/src/elpv_dataset/data/images/cell0488.png,1,mono,Train,46f66f7ac3d50fc7a41d853a10ead462,9814047862190542542
cell0952.png,/content/elpv-dataset/src/elpv_dataset/data/images/cell0952.png,0,mono,Train,924fd88c398892718bfaf0eb1df5b5bc,10270043981459791502
cell2045.png,/content/elpv-dataset/src/elpv_dataset/data/images/cell2045.png,0,poly,Train,bea2150f0d2a7705b975b18c856f5644,10342945931780074668
cell1601.png,/content/elpv-dataset/src/elpv_dataset/data/images/cell1601.png,0,mono,Train,78b446dcd67e0ce40fb37ab62a0fd9e9,9261796122110888064
cell0438.png,/content/elpv-dataset/src/elpv_dataset/data/images/cell0438.png,1,mono,Train,3fc43cee4e0b54e1d238de2845ee9d2d,11678274302205363852
cell0782.png,/content/elpv-dataset/src/elpv_dataset/data/images/cell0782.png,1,poly,Train,7a0f1179c876b4a52b4ffa3ed65c1f7b,9547773608907295946
cell0702.png,/content/elpv-dataset/src/elpv_dataset/data/images/cell0702.png,1,poly,Train,1333376186cc04986efbc2637315de7e,9260107272518926496
cell2433.png,/content/elpv-dataset/src/elpv_dataset/data/images/cell2433.png,0,mono,Train,d84cd959a7ba62c4a816f2bbae353aab,16766534856947963612
cell0748.png,/content/elpv-dataset/src/elpv_dataset/data/images/cell0748.png,1,poly,Train,b329e5faf66dd6c9854f1f9f3b12afe4,15627676011270014982
cell0851.png,/content/elpv-dataset/src/elpv_dataset/data/images/cell0851.png,1,poly,Train,7b80d0864f828fa4c55bf41600d17875,16054944108460999299
cell0981.png,/content/elpv-dataset/src/elpv_dataset/data/images/cell0981.png,0,mono,Train,3d74162f305603edc80b7536388648bb,9259544330920691334
cell2350.png,/content/elpv-dataset/src/elpv_dataset/data/images/cell2350.png,1,poly,Train,ed78160bd81252c3dc6f568f14fd3d18,11334940454503603598
cell0506.png,/content/elpv-dataset/src/elpv_dataset/data/images/cell0506.png,1,mono,Train,f762b89d6878aa83fffeb8cb94d41421,9692734320078913664
cell1992.png,/content/elpv-dataset/src/elpv_dataset/data/images/cell1992.png,1,poly,Train,3c7e8b3b6211aaf0616f2ed97fa46835,12455508317493100995
cell0429.png,/content/elpv-dataset/src/elpv_dataset/data/images/cell0429.png,1,mono,Train,b15479e093fd6a5f0183c6165687b3da,15914180471958144694
cell2120.png,/content/elpv-dataset/src/elpv_dataset/data/images/cell2120.png,0,poly,Train,99f47cc8e4d5ed6a88ac5fa950e6ad11,12154303507161429158
cell0126.png,/content/elpv-dataset/src/elpv_dataset/data/images/cell0126.png,0,poly,Train,8a414e99da7727796179d5d429b4ff9e,11145457671408592534
cell2004.png,/content/elpv-dataset/src/elpv_dataset/data/images/cell2004.png,0,poly,Train,a273af991de93a9dffeacb6f7278e1fb,17791130315073160320
cell1719.png,/content/elpv-dataset/src/elpv_dataset/data/images/cell1719.png,0,poly,Train,9037cab8d32a9fb5112267ae5781217d,12115292842659711177
cell0882.png,/content/elpv-dataset/src/elpv_dataset/data/images/cell0882.png,1,poly,Train,b4a07344062b0e3da30eb14a0690b542,3219771354395612822
cell1156.png,/content/elpv-dataset/src/elpv_dataset/data/images/cell1156.png,0,mono,Train,d04c05d9fea40efa214fa9139e2a4e13,11443258038310309534
cell1135.png,/content/elpv-dataset/src/elpv_dataset/data/images/cell1135.png,0,mono,Train,7be9c8c1b7ee4ec3b5465aec4b9247ee,10276808211487956638
cell0353.png,/content/elpv-dataset/src/elpv_dataset/data/images/cell0353.png,0,poly,Train,31a08f4fdd13f4367cc7b6c704671efc,2061116780305371794
cell2209.png,/content/elpv-dataset/src/elpv_dataset/data/images/cell2209.png,0,mono,Train,4a6f42b3a38c1008c7cd590466b3ea3a,14739875373358419656
cell2005.png,/content/elpv-dataset/src/elpv_dataset/data/images/cell2005.png,0,poly,Train,bf5fd03a7e0addf29b9cdc1979a3de5e,17784379339249731268
cell1952.png,/content/elpv-dataset/src/elpv_dataset/data/images/cell1952.png,0,poly,Train,16a2f161044415f5ec29ae08025dfaa4,12001123850464824470
cell1705.png,/content/elpv-dataset/src/elpv_dataset/data/images/cell1705.png,0,poly,Train,6dd91d20a598bd993e56b38b0f9666cf,11402761016630488758
cell2539.png,/content/elpv-dataset/src/elpv_dataset/data/images/cell2539.png,0,poly,Train,03b191e94d4b639b41738cafc665f70c,15480841096123948690
cell2260.png,/content/elpv-dataset/src/elpv_dataset/data/images/cell2260.png,0,poly,Train,68ab57b100d3517e1b7656e4b3bbece2,9260116128708199042
cell2514.png,/content/elpv-dataset/src/elpv_dataset/data/images/cell2514.png,0,poly,Train,88fa8992ca71b216592565c8816a0bfb,10127624189109653636
cell1056.png,/content/elpv-dataset/src/elpv_dataset/data/images/cell1056.png,1,mono,Train,53042b4b34c22b805f4c80422813f9f7,9695843791778258686
cell2107.png,/content/elpv-dataset/src/elpv_dataset/data/images/cell2107.png,0,poly,Train,721199aa1f6621d644a880ea1e24669f,9847589676012460269
cell2121.png,/content/elpv-dataset/src/elpv_dataset/data/images/cell2121.png,0,poly,Train,fbfaaae327ea7a616b150aaa61d2ef12,2921923721296098982
cell1966.png,/content/elpv-dataset/src/elpv_dataset/data/images/cell1966.png,0,poly,Train,bf3a6b1e66e78daac0e87d04416161b1,16471524866261433524
cell1247.png,/content/elpv-dataset/src/elpv_dataset/data/images/cell1247.png,0,mono,Train,b4f893e70576d719072d69a8ae751327,10848782887496879774
cell0537.png,/content/elpv-dataset/src/elpv_dataset/data/images/cell0537.png,1,mono,Train,b195436ffb0eae02b78287107526cad9,16050546493148282622
cell1956.png,/content/elpv-dataset/src/elpv_dataset/data/images/cell1956.png,1,poly,Train,3f6b0c846e4eb72d00bdb0ff2a69d802,16767660881950811702
cell1089.png,/content/elpv-dataset/src/elpv_dataset/data/images/cell1089.png,0,mono,Train,641a603c5e46c19364fb7df4d46d430b,9549476768319964814
cell2155.png,/content/elpv-dataset/src/elpv_dataset/data/images/cell2155.png,0,mono,Train,2e892a9da214b9733a59bc94e87245c7,9551719772040103552
cell1233.png,/content/elpv-dataset/src/elpv_dataset/data/images/cell1233.png,0,mono,Train,8c5efeb077fd93afed280ec4a509cdb6,9984065370761629322
cell1086.png,/content/elpv-dataset/src/elpv_dataset/data/images/cell1086.png,1,mono,Train,39eea519cef6a3c3a26a270be68044a8,10125937520622864014
cell0721.png,/content/elpv-dataset/src/elpv_dataset/data/images/cell0721.png,0,poly,Train,87db0e736c331f9cc4b88fa4e78f1de4,18228577864112732922
cell1079.png,/content/elpv-dataset/src/elpv_dataset/data/images/cell1079.png,1,mono,Train,8c280188ba6492446b46003e3d1d4290,10272295885165477542
cell2027.png,/content/elpv-dataset/src/elpv_dataset/data/images/cell2027.png,0,poly,Train,8aaf519f571bf0f6d5c0111197f340bd,10711988196431260210
cell1568.png,/content/elpv-dataset/src/elpv_dataset/data/images/cell1568.png,0,mono,Train,4aac4178387defe8fcf84c9f942aa5e4,14891871860783222414
cell0708.png,/content/elpv-dataset/src/elpv_dataset/data/images/cell0708.png,1,poly,Train,70aaaa78f4d88ee2304559fd3041f8f8,6248434577571736214
cell1583.png,/content/elpv-dataset/src/elpv_dataset/data/images/cell1583.png,0,mono,Train,1bee051f8e491cb7ba9d32799fa452e6,9550026550003533952
cell1658.png,/content/elpv-dataset/src/elpv_dataset/data/images/cell1658.png,0,poly,Train,1db3122953f375db52fd7ca8ba006374,11283402288849202096
cell0815.png,/content/elpv-dataset/src/elpv_dataset/data/images/cell0815.png,0,poly,Train,df18dc35eacf993a513119c4f7622303,13593152906785358900
cell0290.png,/content/elpv-dataset/src/elpv_dataset/data/images/cell0290.png,1,poly,Train,937e0ba786a9540b0b405082dd4d1e05,16774926235067124360
cell2457.png,/content/elpv-dataset/src/elpv_dataset/data/images/cell2457.png,0,poly,Train,61739785d55853c011bf031ee89f7c39,3646392447427971299
cell2445.png,/content/elpv-dataset/src/elpv_dataset/data/images/cell2445.png,0,poly,Train,d847c80e7f45da0bb15fc8fb6767a50a,13158003656527637227
cell0789.png,/content/elpv-dataset/src/elpv_dataset/data/images/cell0789.png,0,poly,Train,458cb9b9efb0f6c0db92391647c0666f,11001313818424756710
cell1237.png,/content/elpv-dataset/src/elpv_dataset/data/images/cell1237.png,0,mono,Train,8347316d46828f01a46ea27bf6f74c6b,9696116469587677062
cell0690.png,/content/elpv-dataset/src/elpv_dataset/data/images/cell0690.png,0,poly,Train,5f26b9ec8342f1626ac2c2ce3b16e568,16618909530411542729
cell0332.png,/content/elpv-dataset/src/elpv_dataset/data/images/cell0332.png,0,poly,Train,05ba61bc8695a48920974dade31d5f12,16630261298352279792
cell2075.png,/content/elpv-dataset/src/elpv_dataset/data/images/cell2075.png,0,poly,Train,32818c123553ff5df0dd341dc2271238,12076339653682574900
cell2475.png,/content/elpv-dataset/src/elpv_dataset/data/images/cell2475.png,0,poly,Train,b3af87b69ac6d7df38ab57448956fbf7,12869773280375783659
cell0413.png,/content/elpv-dataset/src/elpv_dataset/data/images/cell0413.png,0,mono,Train,bbea8bf8c81f4db8543871128622c196,14902110995982773998
cell2411.png,/content/elpv-dataset/src/elpv_dataset/data/images/cell2411.png,0,mono,Train,24d8afa866fb09483ad100f5a4af8c1b,10272304680445840002
cell0081.png,/content/elpv-dataset/src/elpv_dataset/data/images/cell0081.png,0,poly,Train,fb78e1b2d93320fe492f81406c79857c,13600023042322239162
cell1989.png,/content/elpv-dataset/src/elpv_dataset/data/images/cell1989.png,1,poly,Train,4ae85a09c80b78abeaaaeb32df0a3eff,12450978321000923587
cell1218.png,/content/elpv-dataset/src/elpv_dataset/data/images/cell1218.png,0,mono,Train,cbf70ea77f0d8cccab5974a126dd5b15,10272594814077144718
cell0211.png,/content/elpv-dataset/src/elpv_dataset/data/images/cell0211.png,1,poly,Train,400ceb977bd1c5ea7a5fae1893a0fdc6,17189851374768551662
cell0648.png,/content/elpv-dataset/src/elpv_dataset/data/images/cell0648.png,0,poly,Train,a2d0eb6bb46ef181c04cddb299ec86e8,16493581345302834376
cell2014.png,/content/elpv-dataset/src/elpv_dataset/data/images/cell2014.png,1,poly,Train,7615c199c1fd1d2f861562a513445dea,3645281983466182534
cell0653.png,/content/elpv-dataset/src/elpv_dataset/data/images/cell0653.png,0,poly,Train,03d1c62b8dd6254284132c0e582a4cbd,12302316506875280317
cell0888.png,/content/elpv-dataset/src/elpv_dataset/data/images/cell0888.png,1,poly,Train,3a05a88845a028afdc5fab16f50f4213,10720592648275936902
cell1459.png,/content/elpv-dataset/src/elpv_dataset/data/images/cell1459.png,0,mono,Train,65a2d5b7fcd7393e324f7c16f197d9ff,11429747239296089758
cell0691.png,/content/elpv-dataset/src/elpv_dataset/data/images/cell0691.png,1,poly,Train,0055cade5e1f0be31588c582c0d1c165,13037567697736230628
cell1464.png,/content/elpv-dataset/src/elpv_dataset/data/images/cell1464.png,0,mono,Train,1099ab147a3404a54abf7dec26866c22,9693591990755559062
cell0015.png,/content/elpv-dataset/src/elpv_dataset/data/images/cell0015.png,1,mono,Train,76516d84e95d45837ca1611bd56e8557,9549467972226418348
cell1701.png,/content/elpv-dataset/src/elpv_dataset/data/images/cell1701.png,0,poly,Train,a1b3246a183c1f62fde3c475b3a6e677,9980685566473178248
cell2521.png,/content/elpv-dataset/src/elpv_dataset/data/images/cell2521.png,0,poly,Train,cc8e445410442bbde178076dd35bf85a,15489267503461224142
cell0458.png,/content/elpv-dataset/src/elpv_dataset/data/images/cell0458.png,1,mono,Train,c9afaf817bd28754ca18883c837a36a9,10269197280028394432
cell1825.png,/content/elpv-dataset/src/elpv_dataset/data/images/cell1825.png,0,poly,Train,35e46bdc0ed07117150b794fe872afd9,10055001455596329622
cell1174.png,/content/elpv-dataset/src/elpv_dataset/data/images/cell1174.png,1,mono,Train,397e870b47a7b3eaf76498580bdb30f7,12587172412381892238
cell2192.png,/content/elpv-dataset/src/elpv_dataset/data/images/cell2192.png,0,mono,Train,1ae43310aa3212b4fe6e5c736c8ec4c9,9551719772039840384
cell0674.png,/content/elpv-dataset/src/elpv_dataset/data/images/cell0674.png,1,poly,Train,e0b67f665ccd755226f693908fbf1685,13093361487441214644
cell0969.png,/content/elpv-dataset/src/elpv_dataset/data/images/cell0969.png,0,mono,Train,a4b98559c7fce5e3699419f2d3510399,9406483082104440516
cell2146.png,/content/elpv-dataset/src/elpv_dataset/data/images/cell2146.png,0,mono,Train,504a3548b4505267a7318452b960da1b,17045709552118828736
cell2116.png,/content/elpv-dataset/src/elpv_dataset/data/images/cell2116.png,0,poly,Train,813cb9d43814f27eb40a69bc7cd5f9c4,10417589705843458240
cell1460.png,/content/elpv-dataset/src/elpv_dataset/data/images/cell1460.png,0,mono,Train,94f3cca9d5dfeb3fde3f769ba3a8cfb4,13744632701255585422
cell0472.png,/content/elpv-dataset/src/elpv_dataset/data/images/cell0472.png,1,mono,Train,47124b37fa5ee090af0c68147a490f1c,15915438227836550844
cell2537.png,/content/elpv-dataset/src/elpv_dataset/data/images/cell2537.png,0,poly,Train,c702775001df194a6332071603403eb4,12605217718145423024
cell0519.png,/content/elpv-dataset/src/elpv_dataset/data/images/cell0519.png,0,mono,Train,f3bacc1954f606718ad358c6fd55996f,10272586017849907090
cell1257.png,/content/elpv-dataset/src/elpv_dataset/data/images/cell1257.png,0,mono,Train,7d6d6d5a334c235ec967c12fc79744a5,11710069893423465090
cell0803.png,/content/elpv-dataset/src/elpv_dataset/data/images/cell0803.png,0,poly,Train,5ba076679ecbb22a348b514e471aaaad,10700764802879887580
cell2447.png,/content/elpv-dataset/src/elpv_dataset/data/images/cell2447.png,0,poly,Train,692e50cd9c9db676d9bec0817e9c442b,13740144752623530680
cell2348.png,/content/elpv-dataset/src/elpv_dataset/data/images/cell2348.png,0,poly,Train,8e87c6fc0e78f17cfd6f52358b384b52,5092139939253865768
cell0541.png,/content/elpv-dataset/src/elpv_dataset/data/images/cell0541.png,0,poly,Train,52cc4308a2ae020b1be6626c6646773a,13165981979825584794
cell2254.png,/content/elpv-dataset/src/elpv_dataset/data/images/cell2254.png,0,poly,Train,785675c353d4017effb8cff91213f015,10274556342820310710
cell0334.png,/content/elpv-dataset/src/elpv_dataset/data/images/cell0334.png,0,poly,Train,b0e086eea309bfa0b5449d674d765602,16635081711947274488
cell0899.png,/content/elpv-dataset/src/elpv_dataset/data/images/cell0899.png,1,poly,Train,cc7224c84a766ce6dc142e4c17636e4d,14042612747357564070
cell2234.png,/content/elpv-dataset/src/elpv_dataset/data/images/cell2234.png,0,poly,Train,1eefd7183a9c044cc83b2dfd89777fe2,10272304543006361254
cell0441.png,/content/elpv-dataset/src/elpv_dataset/data/images/cell0441.png,1,mono,Train,36455ea510aaa1947bfbe73c0a626406,9801669543040422882
cell2071.png,/content/elpv-dataset/src/elpv_dataset/data/images/cell2071.png,1,poly,Train,33925153e733f89049bce9127ef849cf,14766455026506979544
cell1712.png,/content/elpv-dataset/src/elpv_dataset/data/images/cell1712.png,0,poly,Train,221abd8b14ae0058ced6d9f0b0de6106,11999441911666314894
cell2216.png,/content/elpv-dataset/src/elpv_dataset/data/images/cell2216.png,0,mono,Train,dca331929e43c2465c2889aa70ae2e54,16178775419943554796
cell1226.png,/content/elpv-dataset/src/elpv_dataset/data/images/cell1226.png,0,mono,Train,157bd48fece8c01d2e8ac34fb7c61f85,9693297287177996674
cell1703.png,/content/elpv-dataset/src/elpv_dataset/data/images/cell1703.png,0,poly,Train,500f95a7cb44388ca7b509337af88cc1,10270048327900113568
cell1342.png,/content/elpv-dataset/src/elpv_dataset/data/images/cell1342.png,0,mono,Train,b6589c8782779c42db7dfe8fb502fccb,9404220269926580866
cell2315.png,/content/elpv-dataset/src/elpv_dataset/data/images/cell2315.png,0,poly,Train,0b87e57166ab3dec86dd44f84be1d2cf,10813937180021919262
cell2300.png,/content/elpv-dataset/src/elpv_dataset/data/images/cell2300.png,0,poly,Train,da6b17005e2465ade01bb1fc38170508,9554031039942151852
cell0281.png,/content/elpv-dataset/src/elpv_dataset/data/images/cell0281.png,1,poly,Train,5bef5a635123f4b8b01e7ca0d16152c8,16066198847006423192
cell2406.png,/content/elpv-dataset/src/elpv_dataset/data/images/cell2406.png,0,mono,Train,003276a0c06d41c5481d6f991f9b56eb,10128189354931031772
cell2593.png,/content/elpv-dataset/src/elpv_dataset/data/images/cell2593.png,0,poly,Train,dfcdd585d7ccfc701a5f9b61f588d2f3,12287533471447456414
cell0047.png,/content/elpv-dataset/src/elpv_dataset/data/images/cell0047.png,1,mono,Train,23ff826180132c783263cfc315aa328c,10276860886855384260
cell0979.png,/content/elpv-dataset/src/elpv_dataset/data/images/cell0979.png,1,mono,Train,9962a942a561ce7f4d52d99f86abd945,10276861125353975492
cell1077.png,/content/elpv-dataset/src/elpv_dataset/data/images/cell1077.png,0,mono,Train,15c0f68fc4a415c4a84b832254995f31,16068560891653562062
cell0785.png,/content/elpv-dataset/src/elpv_dataset/data/images/cell0785.png,0,poly,Train,ebb8eea5a20b0ec92f4424ede60fdbb7,14744423125915946557
cell1616.png,/content/elpv-dataset/src/elpv_dataset/data/images/cell1616.png,1,poly,Train,e0faf29086f54c1fdeff30aba24335c5,10133930547975726726
cell2223.png,/content/elpv-dataset/src/elpv_dataset/data/images/cell2223.png,0,poly,Train,0693bbeac92a516409a1b7513c9e1ffc,9261138674521998862
cell0153.png,/content/elpv-dataset/src/elpv_dataset/data/images/cell0153.png,0,poly,Train,d3963b4076828f269a7115fdcfb45962,14901841011029168071
cell0502.png,/content/elpv-dataset/src/elpv_dataset/data/images/cell0502.png,1,mono,Train,1a874a28be3050fa6da70c1652402726,10272644485255956454
cell2287.png,/content/elpv-dataset/src/elpv_dataset/data/images/cell2287.png,0,poly,Train,935068a35bb1bed9f6a19ba59ce450d8,16059518099012890246
cell0654.png,/content/elpv-dataset/src/elpv_dataset/data/images/cell0654.png,1,poly,Train,e4e8bd1e50b988f0ab9cfffe1848f73b,11219217270614635690
cell1131.png,/content/elpv-dataset/src/elpv_dataset/data/images/cell1131.png,0,mono,Train,d6dabb1e38680d08306b69273805acc8,10276808177262435998
cell0247.png,/content/elpv-dataset/src/elpv_dataset/data/images/cell0247.png,1,poly,Train,2149dbc79965cb8eeeba0da6b630a17d,14739299340867242122
cell1186.png,/content/elpv-dataset/src/elpv_dataset/data/images/cell1186.png,0,mono,Validation,5f7891c9047d742e954a1953ae78c383,10559963173010704522
cell0329.png,/content/elpv-dataset/src/elpv_dataset/data/images/cell0329.png,0,poly,Validation,40b51bc257cab7f82522b7889a87ba23,16612528374819508464
cell0130.png,/content/elpv-dataset/src/elpv_dataset/data/images/cell0130.png,0,poly,Validation,5ecda5e8bab979c9b982e8f180f6e1c4,5191528920517189792
cell1293.png,/content/elpv-dataset/src/elpv_dataset/data/images/cell1293.png,0,mono,Validation,57638dcb2a76d4e3f0ffa8891c569f48,9553980367947335300
cell0114.png,/content/elpv-dataset/src/elpv_dataset/data/images/cell0114.png,0,poly,Validation,c17661624381a5411ecb78962383a305,3363765586493218494
cell1767.png,/content/elpv-dataset/src/elpv_dataset/data/images/cell1767.png,0,poly,Validation,1dfd814d556d692256a393fd6d0d9b44,16353397993558623179
cell2356.png,/content/elpv-dataset/src/elpv_dataset/data/images/cell2356.png,0,poly,Validation,47b84714ef2443fba733e6f1dc33ab5d,9698126531329141706
cell1951.png,/content/elpv-dataset/src/elpv_dataset/data/images/cell1951.png,0,poly,Validation,461a0e08b9e36d3c8f3904728b733924,10849312847837015220
cell1084.png,/content/elpv-dataset/src/elpv_dataset/data/images/cell1084.png,0,mono,Validation,48f1776386ab408474dc3e0ac5bd02ed,10274556377045567118
cell2055.png,/content/elpv-dataset/src/elpv_dataset/data/images/cell2055.png,1,poly,Validation,c1dd267dc822ce8ce86d4be7cc8758e8,14762472675051477758
cell1977.png,/content/elpv-dataset/src/elpv_dataset/data/images/cell1977.png,0,poly,Validation,ab650dde54e12cb31cd744ac664fe260,4584256014484156026
cell1484.png,/content/elpv-dataset/src/elpv_dataset/data/images/cell1484.png,0,mono,Validation,67980413c363ae371cfa975453ed5afc,10704641276647474822
cell2460.png,/content/elpv-dataset/src/elpv_dataset/data/images/cell2460.png,0,poly,Validation,73396df5f94137220e38627c6a209c61,13337640036719692948
cell2395.png,/content/elpv-dataset/src/elpv_dataset/data/images/cell2395.png,0,poly,Validation,083445383f4f8a238e8d9d8dce9673c2,11976952186730745526
cell1617.png,/content/elpv-dataset/src/elpv_dataset/data/images/cell1617.png,0,poly,Validation,c54958b30e057e801cbbc1bc4df8cab6,10133912955756127366
cell0449.png,/content/elpv-dataset/src/elpv_dataset/data/images/cell0449.png,0,mono,Validation,163b10a5235e50d2fac26c8c8ba9b14d,10272577226185017222
cell0865.png,/content/elpv-dataset/src/elpv_dataset/data/images/cell0865.png,1,poly,Validation,f3d6d5ed328324b385f40f9f95dba47e,18351850511127203534
cell0864.png,/content/elpv-dataset/src/elpv_dataset/data/images/cell0864.png,1,poly,Validation,b95fc9a97ecbc326b5d51d14552400fd,10637696592774207108
cell1096.png,/content/elpv-dataset/src/elpv_dataset/data/images/cell1096.png,0,mono,Validation,5cd38b99d4ae4acde76594ce1dd2490a,10274556342820576910
cell1879.png,/content/elpv-dataset/src/elpv_dataset/data/images/cell1879.png,0,poly,Validation,3aab7be91d8a1a5c2960cb6e958f26eb,7236859016613121782
cell0269.png,/content/elpv-dataset/src/elpv_dataset/data/images/cell0269.png,0,poly,Validation,9570a6c7aa86790e5c3fb8e51aa7f5f5,11138179142620191898
cell2003.png,/content/elpv-dataset/src/elpv_dataset/data/images/cell2003.png,0,poly,Validation,91a0a7d14d15978abc0e81fc8df27f33,8567758278218253504
cell2602.png,/content/elpv-dataset/src/elpv_dataset/data/images/cell2602.png,0,poly,Validation,09acf22cd77da3698fd14446c41554c7,15264551636894652363
cell0649.png,/content/elpv-dataset/src/elpv_dataset/data/images/cell0649.png,0,poly,Validation,ffb7f839b65d89b292f35e059043545a,10134388701437153490
cell1996.png,/content/elpv-dataset/src/elpv_dataset/data/images/cell1996.png,0,poly,Validation,d9ea877d2e13dea51aea7164cd142bd3,8567758346937336896
cell0306.png,/content/elpv-dataset/src/elpv_dataset/data/images/cell0306.png,0,poly,Validation,020818acccb1a93261b38e4864b0347e,11158396583034861752
cell2532.png,/content/elpv-dataset/src/elpv_dataset/data/images/cell2532.png,0,poly,Validation,33d0b2c38964501b6042480b41e135d9,9982378668284477586
cell0320.png,/content/elpv-dataset/src/elpv_dataset/data/images/cell0320.png,1,poly,Validation,c70b460678742ffacf86b84cd53675f2,9548062813612712081
cell2503.png,/content/elpv-dataset/src/elpv_dataset/data/images/cell2503.png,0,poly,Validation,2985a25310daf0f590fb37c33b12c514,7738169875228038272
cell1833.png,/content/elpv-dataset/src/elpv_dataset/data/images/cell1833.png,0,poly,Validation,270228d912ce1d05c1d3096ea69b2fc9,14015815344973323916
cell1722.png,/content/elpv-dataset/src/elpv_dataset/data/images/cell1722.png,0,poly,Validation,1c2a7d7868d4c0c1d1e4fbd0f9179880,9479445557505209508
cell2360.png,/content/elpv-dataset/src/elpv_dataset/data/images/cell2360.png,0,poly,Validation,3e1046b777ae9f800b2ffd4afb9c6810,11975801736668385924
cell1094.png,/content/elpv-dataset/src/elpv_dataset/data/images/cell1094.png,0,mono,Validation,f9eec10227006486764c58b2a3c0e192,10276808142634262158
cell0188.png,/content/elpv-dataset/src/elpv_dataset/data/images/cell0188.png,1,poly,Validation,87aa5291d6f681ed1f45d71686b428f1,10577480850556082673
cell0552.png,/content/elpv-dataset/src/elpv_dataset/data/images/cell0552.png,0,poly,Validation,ccba5e657e2d472992c2741016aa3bd4,16395504563701461154
cell1777.png,/content/elpv-dataset/src/elpv_dataset/data/images/cell1777.png,0,poly,Validation,0bd93468dff8b2f3fbe7dd27121716a1,11429158167985627011
cell2518.png,/content/elpv-dataset/src/elpv_dataset/data/images/cell2518.png,0,poly,Validation,3ae242705d98d5e5f79ea312dd494f87,12600749286519256290
cell1238.png,/content/elpv-dataset/src/elpv_dataset/data/images/cell1238.png,0,mono,Validation,4f8398fa42b8db3f8b3f31ce3f3e562f,10848774091402808718
cell1514.png,/content/elpv-dataset/src/elpv_dataset/data/images/cell1514.png,0,mono,Validation,94f9ec084f92f2a1d4a9ce54801acb75,14893015352876117646
cell2547.png,/content/elpv-dataset/src/elpv_dataset/data/images/cell2547.png,1,poly,Validation,4b749c5dcfd3024b332e0de81448b75d,9855182765039981200
cell0681.png,/content/elpv-dataset/src/elpv_dataset/data/images/cell0681.png,0,poly,Validation,bb93747641fefc64ba8086490f5b404f,13600570496033536718
cell2321.png,/content/elpv-dataset/src/elpv_dataset/data/images/cell2321.png,0,poly,Validation,835eef20e26dfafe7493eb31846a5ba5,11429166961385807747
cell2138.png,/content/elpv-dataset/src/elpv_dataset/data/images/cell2138.png,0,poly,Validation,b46044134a0762c5c8b0f451b958284a,10724390953815282404
cell0111.png,/content/elpv-dataset/src/elpv_dataset/data/images/cell0111.png,0,poly,Validation,dad75d05725646ab05aa2771aba2fdb2,17793435116395472572
cell0378.png,/content/elpv-dataset/src/elpv_dataset/data/images/cell0378.png,1,mono,Validation,9fa9c577a1d3fee38723826fe6a110c3,14887388267952509592
cell2472.png,/content/elpv-dataset/src/elpv_dataset/data/images/cell2472.png,0,poly,Validation,d70588c928ff7e79ad1dd35130983ec0,14305273594292898970
cell0720.png,/content/elpv-dataset/src/elpv_dataset/data/images/cell0720.png,0,poly,Validation,4a6b7ceac5da3fb9e30112799beca838,11862675656924235914
cell1175.png,/content/elpv-dataset/src/elpv_dataset/data/images/cell1175.png,1,mono,Validation,b668568362793ce560cd6ca9f259fadf,10848782956216888990
cell0643.png,/content/elpv-dataset/src/elpv_dataset/data/images/cell0643.png,1,poly,Validation,0ab74d17c22dc0d69aa56aa5d962cd17,11022820521802903697
cell0141.png,/content/elpv-dataset/src/elpv_dataset/data/images/cell0141.png,1,poly,Validation,efcb3538c166e53d1271568931572972,11720535092694149786
cell1786.png,/content/elpv-dataset/src/elpv_dataset/data/images/cell1786.png,0,poly,Validation,c7b5e6b43f428f2575e544122264fba9,9584958120469238914
cell0909.png,/content/elpv-dataset/src/elpv_dataset/data/images/cell0909.png,0,mono,Validation,ec134cd59d1d6afc9213d13cf27910d5,9405361580176867970
cell1545.png,/content/elpv-dataset/src/elpv_dataset/data/images/cell1545.png,0,mono,Validation,2954a104fd1d19c2dc43e320717dbf28,11443258314261974670
cell1690.png,/content/elpv-dataset/src/elpv_dataset/data/images/cell1690.png,0,poly,Validation,de615bcf4d81566e2676d448d41fbf09,9957237938806693034
cell0891.png,/content/elpv-dataset/src/elpv_dataset/data/images/cell0891.png,1,poly,Validation,451fde13da8ada0ac5c765ed6fdd3da8,14325559652410163875
cell1609.png,/content/elpv-dataset/src/elpv_dataset/data/images/cell1609.png,0,mono,Validation,8bb1dcf97850b2159ff1b5f56e949ed0,14892997760690073230
cell2068.png,/content/elpv-dataset/src/elpv_dataset/data/images/cell2068.png,1,poly,Validation,9fbbf61318ee7999995282a532a54e6e,14379596371500106438
cell1582.png,/content/elpv-dataset/src/elpv_dataset/data/images/cell1582.png,0,mono,Validation,f8f128c450cccaaef87f054297ff5cf1,9406478701371492480
cell1058.png,/content/elpv-dataset/src/elpv_dataset/data/images/cell1058.png,0,mono,Validation,9cd5674e578f6c1a2ebefa359d8aa5fa,11429747239427149518
cell2153.png,/content/elpv-dataset/src/elpv_dataset/data/images/cell2153.png,0,mono,Validation,b3bd03c477e96bea617da20f2898c097,14161162786881046208
cell0525.png,/content/elpv-dataset/src/elpv_dataset/data/images/cell0525.png,1,mono,Validation,3fb84666b27e954d66812f6e33fdbdfe,9662357068862916487
cell0549.png,/content/elpv-dataset/src/elpv_dataset/data/images/cell0549.png,0,poly,Validation,77ede7ea976effea35519e5732852f71,9410319999729837766
cell1737.png,/content/elpv-dataset/src/elpv_dataset/data/images/cell1737.png,0,poly,Validation,406b4edf6a8b2a6e549671aeff296242,12000828022079918732
cell2434.png,/content/elpv-dataset/src/elpv_dataset/data/images/cell2434.png,0,mono,Validation,a6a82e5d0b557d2fe8d0f38c6ac7adc7,9842217358348945068
cell0640.png,/content/elpv-dataset/src/elpv_dataset/data/images/cell0640.png,1,poly,Validation,83e77e994b01e93d522e6fc752bbae17,17795097491038849723
cell2162.png,/content/elpv-dataset/src/elpv_dataset/data/images/cell2162.png,0,mono,Validation,91729257045f97199e807028ef1ccd8d,14744370142398811876
cell1220.png,/content/elpv-dataset/src/elpv_dataset/data/images/cell1220.png,1,mono,Validation,672aa0f8cd029460dced9e31a69232c8,10559431095721566898
cell1443.png,/content/elpv-dataset/src/elpv_dataset/data/images/cell1443.png,0,mono,Validation,ae5d9cebf2d64deaebefc8f43cf05fc3,9984074166721486486
cell0902.png,/content/elpv-dataset/src/elpv_dataset/data/images/cell0902.png,0,mono,Validation,724f99dfd015290a04ef050cdf0a648f,9693578762694206178
cell1519.png,/content/elpv-dataset/src/elpv_dataset/data/images/cell1519.png,0,mono,Validation,dcc4991ba8ffa69cf7d77fb7b4bb71de,9695834985919056004
cell1670.png,/content/elpv-dataset/src/elpv_dataset/data/images/cell1670.png,1,poly,Validation,c8d5c8cd9f5433990087f08249a02ee6,10130446868177619523
cell0963.png,/content/elpv-dataset/src/elpv_dataset/data/images/cell0963.png,0,mono,Validation,184f81ea9a85f207613842088c7fdc7c,9693583160302274180
cell1498.png,/content/elpv-dataset/src/elpv_dataset/data/images/cell1498.png,0,mono,Validation,ade57165714874e3cb7a478196359981,9695834994609916036
cell0057.png,/content/elpv-dataset/src/elpv_dataset/data/images/cell0057.png,1,mono,Validation,7f4b622c571be730fb86603f91d140dc,11447761157174238878
cell2251.png,/content/elpv-dataset/src/elpv_dataset/data/images/cell2251.png,0,poly,Validation,c54d557043d76d56c2c0807f2fef3a4a,11429764831615356582
cell0510.png,/content/elpv-dataset/src/elpv_dataset/data/images/cell0510.png,1,mono,Validation,9df213d7fee1968bb5f08213f5b7a806,13871538229850703004
cell1859.png,/content/elpv-dataset/src/elpv_dataset/data/images/cell1859.png,0,poly,Validation,fa669b9b2f7d403721191122a4106a34,11857096965749114556
cell1787.png,/content/elpv-dataset/src/elpv_dataset/data/images/cell1787.png,0,poly,Validation,44d8ddfac9f60636546638d3c67d2fff,16469295048946717334
cell0509.png,/content/elpv-dataset/src/elpv_dataset/data/images/cell0509.png,0,mono,Validation,baaa0ed5ad8980fe32b39a0a3b49ea14,9984355641831884678
cell2247.png,/content/elpv-dataset/src/elpv_dataset/data/images/cell2247.png,0,poly,Validation,759e349ba2787ad9f078b97638411006,11425226047617928878
cell0693.png,/content/elpv-dataset/src/elpv_dataset/data/images/cell0693.png,1,poly,Validation,072a502dfdd3d60e534e13d7eb5baba5,15129533877722205932
cell1993.png,/content/elpv-dataset/src/elpv_dataset/data/images/cell1993.png,1,poly,Validation,b09504c4bae9c61be78d2e0f746c0994,9261802779444808330
cell1351.png,/content/elpv-dataset/src/elpv_dataset/data/images/cell1351.png,0,mono,Validation,1ec2c55f2f48e76554c2d7ad66ec27c4,9693587558349837966
cell1687.png,/content/elpv-dataset/src/elpv_dataset/data/images/cell1687.png,0,poly,Validation,0ae13ee3976a690a5ff7219c3d33dba6,10853568099017213654
cell0463.png,/content/elpv-dataset/src/elpv_dataset/data/images/cell0463.png,1,mono,Validation,5948e11e95aeb131b13c5e9dddc3c0c1,11390879526356295342
cell0788.png,/content/elpv-dataset/src/elpv_dataset/data/images/cell0788.png,1,poly,Validation,111168c7972ef2defc504f4f4f077a5c,4095688297826050529
cell2488.png,/content/elpv-dataset/src/elpv_dataset/data/images/cell2488.png,0,poly,Validation,d698c5da08a7b297063d4fc36f6befc8,14165061810203560630
cell0871.png,/content/elpv-dataset/src/elpv_dataset/data/images/cell0871.png,1,poly,Validation,c3d81f8c1550e297f06cb50408cc2e8d,14915604132612980730
cell1586.png,/content/elpv-dataset/src/elpv_dataset/data/images/cell1586.png,0,mono,Validation,1e2938f40dc27adf8102f66737cd3e8a,10281329334447680142
cell0387.png,/content/elpv-dataset/src/elpv_dataset/data/images/cell0387.png,1,mono,Validation,c776ba5827f390faef60daa6c4ba4729,10853568030718988254
cell1241.png,/content/elpv-dataset/src/elpv_dataset/data/images/cell1241.png,0,mono,Validation,04dba082e48860bec8d6ffd38f29fdd3,9660087672567664270
cell1036.png,/content/elpv-dataset/src/elpv_dataset/data/images/cell1036.png,1,mono,Validation,345ccf1241d5fae1a60188a39e31ff34,15780259938717044366
cell1647.png,/content/elpv-dataset/src/elpv_dataset/data/images/cell1647.png,1,poly,Validation,d78cf67179bfed1961760e23abdf6de9,10851034608589792796
cell1884.png,/content/elpv-dataset/src/elpv_dataset/data/images/cell1884.png,0,poly,Validation,7bc9a200e226eb7ed55571a5233e2028,11447825733618943942
cell1709.png,/content/elpv-dataset/src/elpv_dataset/data/images/cell1709.png,0,poly,Validation,fd870809618ec19b447c8cd5aeb29422,12001696043647274702
cell2159.png,/content/elpv-dataset/src/elpv_dataset/data/images/cell2159.png,0,mono,Validation,1abea4d9ecd8e01a2c6eb2910437779a,14161154025014068950
cell0699.png,/content/elpv-dataset/src/elpv_dataset/data/images/cell0699.png,1,poly,Validation,6abc55ca25d7f4e2a6b07e8b6bd78e65,10146292058444063906
cell1016.png,/content/elpv-dataset/src/elpv_dataset/data/images/cell1016.png,0,mono,Validation,efa0912eb58eaa2eb3f90a248949f71e,14307529813425817294
cell1668.png,/content/elpv-dataset/src/elpv_dataset/data/images/cell1668.png,1,poly,Validation,033930d8e4eac7766a2aa7d00e226c60,14900964332771911313
cell0043.png,/content/elpv-dataset/src/elpv_dataset/data/images/cell0043.png,1,mono,Validation,be40395df50d39e9453f968893190acf,12303427974951503534
cell1593.png,/content/elpv-dataset/src/elpv_dataset/data/images/cell1593.png,0,mono,Validation,744d306bee97f5cd57880812fd71be3e,10272304543006887566
cell2283.png,/content/elpv-dataset/src/elpv_dataset/data/images/cell2283.png,0,poly,Validation,15e6132bc6a39710fed7ec59096da55c,9407674952708429462
cell0398.png,/content/elpv-dataset/src/elpv_dataset/data/images/cell0398.png,1,mono,Validation,733acbd3591bbeb6f7ebdab7ef8ba0fc,16755517748968064648
cell1603.png,/content/elpv-dataset/src/elpv_dataset/data/images/cell1603.png,0,mono,Validation,415caf7beba54d7701305dbe337a4492,9550024333666192012
cell1071.png,/content/elpv-dataset/src/elpv_dataset/data/images/cell1071.png,1,mono,Validation,3cc00cdd78e6fefc7b3ceea53931f11e,11456874873230393086
cell0990.png,/content/elpv-dataset/src/elpv_dataset/data/images/cell0990.png,0,mono,Validation,6ff28c8ffce2aa22be5ce290a0e1ddf3,9693583160302273152
cell0424.png,/content/elpv-dataset/src/elpv_dataset/data/images/cell0424.png,1,mono,Validation,3a56fad8320a9124de600792e7da7911,9225311989308326016
cell2481.png,/content/elpv-dataset/src/elpv_dataset/data/images/cell2481.png,0,poly,Validation,424c5314668b23492ee883a047b11dca,12184582192737062020
cell2052.png,/content/elpv-dataset/src/elpv_dataset/data/images/cell2052.png,1,poly,Validation,38fa2a9032f5481caa49deedee5b868d,11141557768947797148
cell1061.png,/content/elpv-dataset/src/elpv_dataset/data/images/cell1061.png,1,mono,Validation,95b32d5f3473e03d65a3a51b7c20a15a,9259542123273814144
cell2227.png,/content/elpv-dataset/src/elpv_dataset/data/images/cell2227.png,0,poly,Validation,96139e9c4cebe559c46b92635a677cc7,11429747239433445006
cell2529.png,/content/elpv-dataset/src/elpv_dataset/data/images/cell2529.png,0,poly,Validation,51325d44e30a327342cfabd7badd97ac,9405357320139478160
cell0658.png,/content/elpv-dataset/src/elpv_dataset/data/images/cell0658.png,0,poly,Validation,7022b8440827bb37c971943a24918cf6,12080829905323075286
cell2088.png,/content/elpv-dataset/src/elpv_dataset/data/images/cell2088.png,0,poly,Validation,f3f1d8c838e1e4db8f7677d592b1502c,15632758153596303578
cell0919.png,/content/elpv-dataset/src/elpv_dataset/data/images/cell0919.png,0,mono,Validation,a84ec5b8c226d7f124b932994d2664b5,11429729853533755022
cell2174.png,/content/elpv-dataset/src/elpv_dataset/data/images/cell2174.png,0,mono,Validation,a79c74d4bfa793ba38a7bf71a2311154,16919617593005741810
cell2534.png,/content/elpv-dataset/src/elpv_dataset/data/images/cell2534.png,0,poly,Validation,ff613220531c4eb3858553b6f3790686,9982378668318032026
cell2474.png,/content/elpv-dataset/src/elpv_dataset/data/images/cell2474.png,0,poly,Validation,514627234c9dab208343bb2d436814a4,16036088712406683342
cell1046.png,/content/elpv-dataset/src/elpv_dataset/data/images/cell1046.png,1,mono,Validation,3c40a7cc6b19c6f485b2d63ba17a74a8,9259542149077436038
cell2200.png,/content/elpv-dataset/src/elpv_dataset/data/images/cell2200.png,0,mono,Validation,72fdd2dfb9683e480ab589798c236bdf,16901603194496261830
cell0168.png,/content/elpv-dataset/src/elpv_dataset/data/images/cell0168.png,0,poly,Validation,8097036b193ee61abc367a34d688b247,10491566969840633731
cell2562.png,/content/elpv-dataset/src/elpv_dataset/data/images/cell2562.png,0,poly,Validation,f773f340c1de6b6b77303f389e2eea2c,12008477556606289570
cell0727.png,/content/elpv-dataset/src/elpv_dataset/data/images/cell0727.png,0,poly,Validation,809d4f4475bddc6fbb9becb34d73a982,12229850426950988474
cell1699.png,/content/elpv-dataset/src/elpv_dataset/data/images/cell1699.png,0,poly,Validation,e416b13016316c7d06586c7e46a5e805,13597113486080903818
cell0792.png,/content/elpv-dataset/src/elpv_dataset/data/images/cell0792.png,1,poly,Validation,7ce64ebc9a78df82b9ff6afa74e8eb28,10128189407882166418
cell0470.png,/content/elpv-dataset/src/elpv_dataset/data/images/cell0470.png,1,mono,Validation,687bb664125bffa85d449b3b2eea7887,10294910225048273542
cell0031.png,/content/elpv-dataset/src/elpv_dataset/data/images/cell0031.png,1,mono,Validation,e0f85dc8e3a7ecb74847a54448f3b5ac,9693580952689084036
cell1504.png,/content/elpv-dataset/src/elpv_dataset/data/images/cell1504.png,0,mono,Validation,33dab15987c0dc6e813f36caf0bc9e21,9405911344680701062
cell2334.png,/content/elpv-dataset/src/elpv_dataset/data/images/cell2334.png,1,poly,Validation,03aedd98ab4e9bcf63620192f176e27b,15483046312925900422
cell2242.png,/content/elpv-dataset/src/elpv_dataset/data/images/cell2242.png,0,poly,Validation,97cb6b12f0f65a8439d0ff70203c707f,181986820505241102
cell0201.png,/content/elpv-dataset/src/elpv_dataset/data/images/cell0201.png,1,poly,Validation,33ffef62ea6eca0ab15d853ca7542537,14888547144064562894
cell2353.png,/content/elpv-dataset/src/elpv_dataset/data/images/cell2353.png,0,poly,Validation,f7f8d1418d23eabb9c5f2283e702d3b3,9693935347759436298
cell0072.png,/content/elpv-dataset/src/elpv_dataset/data/images/cell0072.png,0,poly,Validation,87d0bb1df368ca475e8dd4bb60733930,9408794264441242314
cell2550.png,/content/elpv-dataset/src/elpv_dataset/data/images/cell2550.png,0,poly,Validation,0e884d59232c3d5a2720ae4f67c99ee0,10125374587781829764
cell0841.png,/content/elpv-dataset/src/elpv_dataset/data/images/cell0841.png,1,poly,Validation,429b1e32b1d24b881ec9aa1b8d45a104,18372116769848348398
cell0289.png,/content/elpv-dataset/src/elpv_dataset/data/images/cell0289.png,1,poly,Validation,bfadf036a30c5ffe82324301ac80a002,14739299203495398024
cell0159.png,/content/elpv-dataset/src/elpv_dataset/data/images/cell0159.png,0,poly,Validation,20808cca3c2e1f9d10b2e7fb21523d29,13662688302630648304
cell0236.png,/content/elpv-dataset/src/elpv_dataset/data/images/cell0236.png,0,poly,Validation,94efd785bdbb2e49bf1a34283f56410c,11447832213647185658
cell0958.png,/content/elpv-dataset/src/elpv_dataset/data/images/cell0958.png,1,mono,Validation,0b50fb01beed1af2f6c329baccccbafb,9984091793804531342
cell2332.png,/content/elpv-dataset/src/elpv_dataset/data/images/cell2332.png,1,poly,Validation,079c6152d8d7f1761e3ee447509ad801,16059515861317593728
cell2255.png,/content/elpv-dataset/src/elpv_dataset/data/images/cell2255.png,0,poly,Validation,e11a93f3c20b7f7d50f6a6b7faa1bf57,10272586017985695375
cell1657.png,/content/elpv-dataset/src/elpv_dataset/data/images/cell1657.png,1,poly,Validation,e835ed594c6cdd25f518b2e0aba3f66c,11283402286134634932
cell2061.png,/content/elpv-dataset/src/elpv_dataset/data/images/cell2061.png,1,poly,Validation,2c750633ef6185b88ee4e710b499e6d9,3998297957361955734
cell1400.png,/content/elpv-dataset/src/elpv_dataset/data/images/cell1400.png,0,mono,Validation,f49c103f53ed923bbb13dc65f8df4021,9407613414552276630
cell0704.png,/content/elpv-dataset/src/elpv_dataset/data/images/cell0704.png,0,poly,Validation,412ab43b584be71a965b3cc459f5dfa1,17621649573993704685
cell0069.png,/content/elpv-dataset/src/elpv_dataset/data/images/cell0069.png,0,poly,Validation,339da17a2d354fe68b6d312d020e4aac,9693618474029730467
cell0563.png,/content/elpv-dataset/src/elpv_dataset/data/images/cell0563.png,0,poly,Validation,c02cfcf2085c60a197960e2a6143d21e,12306867590886368918
cell0939.png,/content/elpv-dataset/src/elpv_dataset/data/images/cell0939.png,0,mono,Validation,40041caa924fabee9816e429a06387ff,10270052708699248270
cell0605.png,/content/elpv-dataset/src/elpv_dataset/data/images/cell0605.png,1,poly,Validation,eb33785876a7a050c62aa42868c49eee,1397411704197458425
cell2235.png,/content/elpv-dataset/src/elpv_dataset/data/images/cell2235.png,0,poly,Validation,ed012fa0c53f9b95b97d10553f89bf39,9695843790703201966
cell0582.png,/content/elpv-dataset/src/elpv_dataset/data/images/cell0582.png,0,poly,Validation,816e9e0441682ec7b1ce5af7e27f8f00,9547807683797614720
cell1563.png,/content/elpv-dataset/src/elpv_dataset/data/images/cell1563.png,0,mono,Validation,0e1c0182458df029bfa43977ad818050,9405909145523226754
cell2256.png,/content/elpv-dataset/src/elpv_dataset/data/images/cell2256.png,0,poly,Validation,2184e7a40abd428f886c693ced9bf0e7,10848765295309850302
cell1897.png,/content/elpv-dataset/src/elpv_dataset/data/images/cell1897.png,1,poly,Validation,d00cb9f40cb64fc5d3e576019b12b240,1371637538879638277
cell2149.png,/content/elpv-dataset/src/elpv_dataset/data/images/cell2149.png,0,mono,Validation,975b5a4141ce2fb80aa602c142d82ac3,15892788081737502404
cell0518.png,/content/elpv-dataset/src/elpv_dataset/data/images/cell0518.png,0,mono,Validation,21ef3b91db7f0fd38cf2f530229ee30e,9405348368856810114
cell0075.png,/content/elpv-dataset/src/elpv_dataset/data/images/cell0075.png,0,poly,Validation,c3b9935eb6876f612102e0ecf60a0632,12294505506982642370
cell1268.png,/content/elpv-dataset/src/elpv_dataset/data/images/cell1268.png,0,mono,Validation,5deef0e832972e952d8f5dac30c05d58,10274837852157024150
cell0165.png,/content/elpv-dataset/src/elpv_dataset/data/images/cell0165.png,1,poly,Validation,0f91d467c1a9bdd34a7770770823f52e,12873157604384307374
cell1774.png,/content/elpv-dataset/src/elpv_dataset/data/images/cell1774.png,0,poly,Validation,8c10c1048d3d8551f84d7329661404b5,4199580040059340422
cell0112.png,/content/elpv-dataset/src/elpv_dataset/data/images/cell0112.png,1,poly,Validation,b9d025a66634702740ac0265e4a40233,11855315406262801024
cell0843.png,/content/elpv-dataset/src/elpv_dataset/data/images/cell0843.png,1,poly,Validation,ebdf7ec0389e4cc8e09bb6a3ace9ac10,9475732643874124972
cell0014.png,/content/elpv-dataset/src/elpv_dataset/data/images/cell0014.png,1,mono,Validation,534225f472ecda4bc6ac4a9e1a045354,9239196466910233216
cell2613.png,/content/elpv-dataset/src/elpv_dataset/data/images/cell2613.png,0,poly,Validation,c3d303631d692f61e7250e53af08b8ed,11786354091901617302
cell0414.png,/content/elpv-dataset/src/elpv_dataset/data/images/cell0414.png,1,mono,Validation,555c5832b1ccd9cf1960983242ac3341,9993149518415168130
cell0993.png,/content/elpv-dataset/src/elpv_dataset/data/images/cell0993.png,0,mono,Validation,5a1ccc5f11d7e368c87f48769551c5c6,15465253984822791838
cell0179.png,/content/elpv-dataset/src/elpv_dataset/data/images/cell0179.png,0,poly,Validation,df6b77f31a1f3ce55cf5437720231df7,9693578320143615662
cell0988.png,/content/elpv-dataset/src/elpv_dataset/data/images/cell0988.png,0,mono,Validation,63ad74dad7d5184e0957976413ffc33a,9259544331190042758
cell1900.png,/content/elpv-dataset/src/elpv_dataset/data/images/cell1900.png,1,poly,Validation,64c106303d558bfc400d5ba9dc8c5649,17215188126751461127
cell1851.png,/content/elpv-dataset/src/elpv_dataset/data/images/cell1851.png,0,poly,Validation,08814493b41043631700461abd306f60,10848763173958722466
cell1865.png,/content/elpv-dataset/src/elpv_dataset/data/images/cell1865.png,0,poly,Validation,301827c063638b9bfc40cc64e06a3dab,11783576773208736910
cell0076.png,/content/elpv-dataset/src/elpv_dataset/data/images/cell0076.png,1,poly,Validation,d1dc822be453fa7138d06dfe0a2dfddd,9987525508256023242
cell1606.png,/content/elpv-dataset/src/elpv_dataset/data/images/cell1606.png,0,mono,Validation,003a2327134511fb12920968ebf67a0d,14893298069114105790
cell1938.png,/content/elpv-dataset/src/elpv_dataset/data/images/cell1938.png,0,poly,Validation,4f72cfc679b7ae434db7cbdb345fa71e,12026560348931397250
cell2072.png,/content/elpv-dataset/src/elpv_dataset/data/images/cell2072.png,1,poly,Validation,f98f299a6938fe167fcae2578f31c419,5543325983869425880
cell0890.png,/content/elpv-dataset/src/elpv_dataset/data/images/cell0890.png,1,poly,Validation,ff01de792c5f898c36cc15f5a64109f9,14762474984632544874
cell1148.png,/content/elpv-dataset/src/elpv_dataset/data/images/cell1148.png,0,mono,Validation,df4d0af4e740a59e81dac262424f5843,9695834994576361600
cell0550.png,/content/elpv-dataset/src/elpv_dataset/data/images/cell0550.png,0,poly,Validation,570cf3e173e5436929041581e6a4baee,12727384205093273728
cell0765.png,/content/elpv-dataset/src/elpv_dataset/data/images/cell0765.png,0,poly,Validation,07b70b69b673c397e994da0edcc4cabc,12734166372791662802
cell0357.png,/content/elpv-dataset/src/elpv_dataset/data/images/cell0357.png,0,poly,Validation,4c89ed2efcc649197a6c039c1d1417a2,15318083477220756883
cell2366.png,/content/elpv-dataset/src/elpv_dataset/data/images/cell2366.png,0,poly,Validation,9a5d0b17b9c385cae134ad74f561c684,10127624317539289493
cell0903.png,/content/elpv-dataset/src/elpv_dataset/data/images/cell0903.png,0,mono,Validation,f015071efb69c678a7f5ce62d883748c,9693591990755559054
cell2058.png,/content/elpv-dataset/src/elpv_dataset/data/images/cell2058.png,0,poly,Validation,4d299c37b00e7acb032adc7d502ce6fd,15336615656776586842
cell1911.png,/content/elpv-dataset/src/elpv_dataset/data/images/cell1911.png,0,poly,Validation,875786bf38571399d4ac964ce9a24237,12982908561443558030
cell0551.png,/content/elpv-dataset/src/elpv_dataset/data/images/cell0551.png,0,poly,Validation,86391daec7c73a3b9096593173c685a2,18158231066949117594
cell0271.png,/content/elpv-dataset/src/elpv_dataset/data/images/cell0271.png,1,poly,Validation,7f111642084647770fc363569a6c0ebf,17216945681935027948
cell2053.png,/content/elpv-dataset/src/elpv_dataset/data/images/cell2053.png,1,poly,Validation,89668a9b75fad709359d025d047b059d,10270430511406692568
cell1648.png,/content/elpv-dataset/src/elpv_dataset/data/images/cell1648.png,1,poly,Validation,50ac2b209092b8754ad4e01bc182e94b,2748927392588140690
cell2438.png,/content/elpv-dataset/src/elpv_dataset/data/images/cell2438.png,1,mono,Validation,0d041e566da347e7a44547636f1dd1aa,9693583229022799502
cell2188.png,/content/elpv-dataset/src/elpv_dataset/data/images/cell2188.png,0,mono,Validation,6e2dbe4557067acbaf9280092fbf51a5,17633455726399495920
cell2368.png,/content/elpv-dataset/src/elpv_dataset/data/images/cell2368.png,0,poly,Validation,0445aae11a3862684a871393d6ff9076,11680336462200868524
cell0406.png,/content/elpv-dataset/src/elpv_dataset/data/images/cell0406.png,1,mono,Validation,b58a81d65e36bc15e58312c70badd096,14450342329162269058
cell1869.png,/content/elpv-dataset/src/elpv_dataset/data/images/cell1869.png,0,poly,Validation,d1979202db8e3f11243938b819dbac73,10643839358939202706
cell0739.png,/content/elpv-dataset/src/elpv_dataset/data/images/cell0739.png,0,poly,Validation,8e927927a8b9d121659c54495e489a65,10570705556940828849
cell1290.png,/content/elpv-dataset/src/elpv_dataset/data/images/cell1290.png,0,mono,Validation,658b2b95e135755392705dba615edd79,12003938668719808130
cell0676.png,/content/elpv-dataset/src/elpv_dataset/data/images/cell0676.png,0,poly,Validation,3d9cb4cb451063f5f09d293653060fad,15478551887652256956
cell0106.png,/content/elpv-dataset/src/elpv_dataset/data/images/cell0106.png,0,poly,Validation,50b46eb940bef5cd4302c08e06ed3d9a,9698104386576093914
cell0978.png,/content/elpv-dataset/src/elpv_dataset/data/images/cell0978.png,1,mono,Validation,6d15b81ca1e0fe2576b10ef3db0ae403,10272357375669079758
cell0241.png,/content/elpv-dataset/src/elpv_dataset/data/images/cell0241.png,1,poly,Validation,e66ab7828d7a094ac23a0d83e4975702,16057222197553315512
cell2437.png,/content/elpv-dataset/src/elpv_dataset/data/images/cell2437.png,1,mono,Validation,71f208ed976fab656cae412a977575cb,17187568525020924622
cell1256.png,/content/elpv-dataset/src/elpv_dataset/data/images/cell1256.png,0,mono,Validation,1b5749a5fda1c3d9041f29f065b074c7,9403657311349670018
cell1542.png,/content/elpv-dataset/src/elpv_dataset/data/images/cell1542.png,0,mono,Validation,3b1bcc954e38f53feafb1e628bef5cac,9261798355627968640
cell2214.png,/content/elpv-dataset/src/elpv_dataset/data/images/cell2214.png,0,mono,Validation,77126d361465cf012bf660a23cb36be5,14307529774770587276
cell1260.png,/content/elpv-dataset/src/elpv_dataset/data/images/cell1260.png,0,mono,Validation,b6b85f3a64cea8f84fd5c8d14ac40a34,9692457260395433610
cell0534.png,/content/elpv-dataset/src/elpv_dataset/data/images/cell0534.png,1,mono,Validation,8c096ba258175071d6e280b359b61d43,10848763053168821894
cell0735.png,/content/elpv-dataset/src/elpv_dataset/data/images/cell0735.png,0,poly,Validation,27ff05ff557e85f32466025a43bf05ec,10929935986360890315
cell2511.png,/content/elpv-dataset/src/elpv_dataset/data/images/cell2511.png,0,poly,Validation,515eacd5bc3f1e56f75fe0e9ea9ad40e,11135300172891324562
cell2239.png,/content/elpv-dataset/src/elpv_dataset/data/images/cell2239.png,0,poly,Validation,de439af3967e38507625daf25210956e,9260118319141521934
cell2157.png,/content/elpv-dataset/src/elpv_dataset/data/images/cell2157.png,0,mono,Validation,a7c26e075fbfb6a3e4467fc1890fdc05,18077131072105021180
cell0040.png,/content/elpv-dataset/src/elpv_dataset/data/images/cell0040.png,1,mono,Validation,9a2828098fd35a30aa3fa5f8f90da985,9405361615141315994
cell1171.png,/content/elpv-dataset/src/elpv_dataset/data/images/cell1171.png,0,mono,Validation,af5bece3f5515b2f0ea664ba20936434,17798154254796385982
cell0374.png,/content/elpv-dataset/src/elpv_dataset/data/images/cell0374.png,1,mono,Validation,e1d4b805ed4484e0a52fcf33afee9b67,9805078020157899456
cell0071.png,/content/elpv-dataset/src/elpv_dataset/data/images/cell0071.png,0,poly,Validation,e729c36d60745ceaa8d35a0cc4bcf34e,12294496703373167322
cell1128.png,/content/elpv-dataset/src/elpv_dataset/data/images/cell1128.png,1,mono,Validation,b6e2965479ee4775e9321d97a4d8b4a8,9261307947639016078
cell2279.png,/content/elpv-dataset/src/elpv_dataset/data/images/cell2279.png,0,poly,Validation,7ab89c74fa5cce52e41a380b8908d9c8,12000828022079914124
cell0477.png,/content/elpv-dataset/src/elpv_dataset/data/images/cell0477.png,1,mono,Validation,9b09b4c66cf73d9f783858b36d927a7c,16641639546194165486
cell0945.png,/content/elpv-dataset/src/elpv_dataset/data/images/cell0945.png,0,mono,Validation,3de67720979a550ffee3b635d3e6ca73,9405361683725977224
cell2275.png,/content/elpv-dataset/src/elpv_dataset/data/images/cell2275.png,0,poly,Validation,831f96c26d11fc2f41b744870ad647e5,10272313339102076558
cell1441.png,/content/elpv-dataset/src/elpv_dataset/data/images/cell1441.png,1,mono,Validation,1e5b863920bc41d701bd5b6fdb001adf,9981813536588730002
cell0101.png,/content/elpv-dataset/src/elpv_dataset/data/images/cell0101.png,0,poly,Validation,b8c8fb565d2312ab776f0a0164339b38,13163650757477178044
cell1228.png,/content/elpv-dataset/src/elpv_dataset/data/images/cell1228.png,0,mono,Validation,dd133ed4dab2d31158f0220bb29c58a5,11425243915215605406
cell0931.png,/content/elpv-dataset/src/elpv_dataset/data/images/cell0931.png,0,mono,Validation,471dc3cb2c4063c05277ee8e162f1c1b,10276825804346138302
cell2054.png,/content/elpv-dataset/src/elpv_dataset/data/images/cell2054.png,1,poly,Validation,909c8b8fcee3d21e9b313149b63e25e4,9271808163931657918
cell0740.png,/content/elpv-dataset/src/elpv_dataset/data/images/cell0740.png,1,poly,Validation,961cff3f7f6fb502cf1d2d1d9fae03c1,12722830114098811040
cell0213.png,/content/elpv-dataset/src/elpv_dataset/data/images/cell0213.png,1,poly,Validation,bf5ad600f5ff3298efaf2f407cf19a20,12505841941140381342
cell1038.png,/content/elpv-dataset/src/elpv_dataset/data/images/cell1038.png,0,mono,Validation,f94834190d988f80a3b9483be9bba70b,18212168347251809934
cell0588.png,/content/elpv-dataset/src/elpv_dataset/data/images/cell0588.png,0,poly,Validation,972a47a7b35ab4aaccbc29913d573eea,9262924238422579420
cell1615.png,/content/elpv-dataset/src/elpv_dataset/data/images/cell1615.png,1,poly,Validation,a3714148164b8b91843a1c72454e2ad4,9549538780278122374
cell1934.png,/content/elpv-dataset/src/elpv_dataset/data/images/cell1934.png,0,poly,Validation,10c88726293ebcc94d298c3dd8a5b1de,15261337491035821718
cell2337.png,/content/elpv-dataset/src/elpv_dataset/data/images/cell2337.png,0,poly,Validation,ce1c12f4f07bb8e5e492ac4b9fcc4824,12371279147804964014
cell2273.png,/content/elpv-dataset/src/elpv_dataset/data/images/cell2273.png,0,poly,Validation,43c07ee68566ad43fb1d3086769895fa,11429729647243005611
cell1158.png,/content/elpv-dataset/src/elpv_dataset/data/images/cell1158.png,0,mono,Validation,7939ac824412fd69c56d9d471944b39a,10272313339099909774
cell0369.png,/content/elpv-dataset/src/elpv_dataset/data/images/cell0369.png,0,mono,Validation,9c7e62e4c11aed1dffb10040b5663b86,10272295746913865358
cell1866.png,/content/elpv-dataset/src/elpv_dataset/data/images/cell1866.png,0,poly,Validation,342da483daba79874c591af613a3d0e1,9701493159596698250
cell0367.png,/content/elpv-dataset/src/elpv_dataset/data/images/cell0367.png,1,mono,Validation,619c7b5eb65058a4118459c15fea65bc,9367912214357218990
cell0395.png,/content/elpv-dataset/src/elpv_dataset/data/images/cell0395.png,1,mono,Validation,d3e071f12c0bed3990be03a083e2099b,11430028788243544728
cell2237.png,/content/elpv-dataset/src/elpv_dataset/data/images/cell2237.png,0,poly,Validation,f263b0d59e0e29c4b7e512302baab552,9405359415714811534
cell0226.png,/content/elpv-dataset/src/elpv_dataset/data/images/cell0226.png,0,poly,Validation,1e13e03718ad2c5a6b6dd8e3056756d2,9981822434013914756
cell1455.png,/content/elpv-dataset/src/elpv_dataset/data/images/cell1455.png,0,mono,Validation,5b42bf39c339899337dcaffd48db7364,16041468649191415454
cell0173.png,/content/elpv-dataset/src/elpv_dataset/data/images/cell0173.png,0,poly,Validation,c20d36293cc2e1367498d322b4bdffbb,10994114455044929278
cell1308.png,/content/elpv-dataset/src/elpv_dataset/data/images/cell1308.png,1,mono,Validation,a2f808fd5ac864c805ece26a5169f799,10272304611726368386
cell0943.png,/content/elpv-dataset/src/elpv_dataset/data/images/cell0943.png,0,mono,Validation,c9334875513c9495c51f80d54a5e6be2,9693591956395824782
cell1427.png,/content/elpv-dataset/src/elpv_dataset/data/images/cell1427.png,1,mono,Validation,df3a5606360c51f831762d00d79f0418,10848782887361611398
cell2310.png,/content/elpv-dataset/src/elpv_dataset/data/images/cell2310.png,0,poly,Validation,db83bec6790cd6d5413c6d6e0d9757ec,12153195507905105546
cell0206.png,/content/elpv-dataset/src/elpv_dataset/data/images/cell0206.png,1,poly,Validation,526352a25a7058f4d6cd97413fc485bb,7899186942399224900
cell1146.png,/content/elpv-dataset/src/elpv_dataset/data/images/cell1146.png,1,mono,Validation,ff5e6693f43b7e2ef41babdc4f2bf92b,10848774091404381326
cell0880.png,/content/elpv-dataset/src/elpv_dataset/data/images/cell0880.png,1,poly,Validation,0757a2f55e572cc83308d728a4888985,9621591821973359756
cell0128.png,/content/elpv-dataset/src/elpv_dataset/data/images/cell0128.png,0,poly,Validation,08efb58aff0d39d7a488edda7d9ce295,9693618362056743060
cell0855.png,/content/elpv-dataset/src/elpv_dataset/data/images/cell0855.png,1,poly,Validation,01dcb6979b528a44e289260eb1524cbe,15763694585101860022
cell1526.png,/content/elpv-dataset/src/elpv_dataset/data/images/cell1526.png,0,mono,Validation,19e9f7b69c657f65d97413ce0312c1f5,16063933663805345414
cell1969.png,/content/elpv-dataset/src/elpv_dataset/data/images/cell1969.png,0,poly,Validation,3e1a3a9328445047ce0c33b98b36bd32,13152215762798618246
cell1467.png,/content/elpv-dataset/src/elpv_dataset/data/images/cell1467.png,0,mono,Validation,47e3c9e0dfdea133f86278e4eb0a4a26,10272357388560277150
cell0801.png,/content/elpv-dataset/src/elpv_dataset/data/images/cell0801.png,0,poly,Validation,98bdacd60234f5776c56d5af0e1b8a98,14742173405513422518
cell2354.png,/content/elpv-dataset/src/elpv_dataset/data/images/cell2354.png,0,poly,Validation,51b8843bcd6ccf0c8f3405e1f0276ab9,9985544205428493218
cell0313.png,/content/elpv-dataset/src/elpv_dataset/data/images/cell0313.png,0,poly,Validation,b3ac5a0e303ad5a994c79e943a06faff,18076420486367977146
cell0368.png,/content/elpv-dataset/src/elpv_dataset/data/images/cell0368.png,1,mono,Validation,37741756c6838ee184884e915451285b,9223512776499036352
cell0764.png,/content/elpv-dataset/src/elpv_dataset/data/images/cell0764.png,0,poly,Validation,12a83a0ae19f421410bf3dc4d5fb2469,17922313298141295346
cell1575.png,/content/elpv-dataset/src/elpv_dataset/data/images/cell1575.png,0,mono,Validation,4866099956e442da59c5153dcd5fb296,9704842193865182366
cell0910.png,/content/elpv-dataset/src/elpv_dataset/data/images/cell0910.png,0,mono,Validation,3e5bd3c312ef9e64076fc1ec462d3659,9405354983174211214
cell0350.png,/content/elpv-dataset/src/elpv_dataset/data/images/cell0350.png,0,poly,Validation,6d4556596e9ce171306db23e9f5636d2,16195106591174434840
cell1227.png,/content/elpv-dataset/src/elpv_dataset/data/images/cell1227.png,0,mono,Validation,c40bb550ac063cfdaf52bc6c00e30fc2,9371289913989139590
cell0028.png,/content/elpv-dataset/src/elpv_dataset/data/images/cell0028.png,1,mono,Validation,c3b3e3cc1009326a41261a9396797575,9983217302318775942
cell2564.png,/content/elpv-dataset/src/elpv_dataset/data/images/cell2564.png,0,poly,Validation,5c2f35a9d0f4402c0755a1fbfecc2141,15336684022953972873
cell1640.png,/content/elpv-dataset/src/elpv_dataset/data/images/cell1640.png,0,poly,Validation,35bbeb6df32047fddb796e175df27b9e,10000951662684119964
cell0423.png,/content/elpv-dataset/src/elpv_dataset/data/images/cell0423.png,0,mono,Validation,52dc54c62d50324da0cffb815ebb6b59,9802791053354241678
cell0077.png,/content/elpv-dataset/src/elpv_dataset/data/images/cell0077.png,1,poly,Validation,ac4d898753fc0001f85ef74298636678,12294398700843485898
cell1206.png,/content/elpv-dataset/src/elpv_dataset/data/images/cell1206.png,0,mono,Validation,eb6a0b74627025e4b4a5834437b107b5,9713849393085845126
cell1126.png,/content/elpv-dataset/src/elpv_dataset/data/images/cell1126.png,0,mono,Validation,8bc1d59e5c95c1e64e06b2c158c5f0d7,10124868778140796622
cell0837.png,/content/elpv-dataset/src/elpv_dataset/data/images/cell0837.png,1,poly,Validation,d8846710c5dfa683a7d33717a61117e3,17488296310106662092
cell0986.png,/content/elpv-dataset/src/elpv_dataset/data/images/cell0986.png,0,mono,Validation,a52938563e2950617322ad70c05f9181,9260107280873980036
cell2238.png,/content/elpv-dataset/src/elpv_dataset/data/images/cell2238.png,0,poly,Validation,a2e0e2bca9c39cf82e08f2e4eecc251e,9403657311483888258
cell1720.png,/content/elpv-dataset/src/elpv_dataset/data/images/cell1720.png,0,poly,Validation,64054ec5029b7fa5ecf250ee8a29f247,12117544646634211465
cell2191.png,/content/elpv-dataset/src/elpv_dataset/data/images/cell2191.png,0,mono,Validation,54b3ff7c55b50edfa0e898d6ff004557,10992871652798661272
cell1191.png,/content/elpv-dataset/src/elpv_dataset/data/images/cell1191.png,0,mono,Validation,1abd90901c7cffffc20488df5050902d,13758143845080428190
cell0250.png,/content/elpv-dataset/src/elpv_dataset/data/images/cell0250.png,1,poly,Validation,1445e2108ea8cffa8a5eaca3d24cdea5,14980811443631411370
cell0166.png,/content/elpv-dataset/src/elpv_dataset/data/images/cell0166.png,0,poly,Validation,a0c36718d39d1f12bf35b0fa88fb958c,13310541026565329320
cell0800.png,/content/elpv-dataset/src/elpv_dataset/data/images/cell0800.png,1,poly,Validation,f433011e5cb1639d9f27985ee1a25c84,14606566366116482740
cell0953.png,/content/elpv-dataset/src/elpv_dataset/data/images/cell0953.png,0,mono,Validation,aaeff78b21e4e62c571a0a33ff59ae19,10276825804347195038
cell1958.png,/content/elpv-dataset/src/elpv_dataset/data/images/cell1958.png,0,poly,Validation,994c2657c4000d94082e28e73201e304,10851021690604523142
cell1947.png,/content/elpv-dataset/src/elpv_dataset/data/images/cell1947.png,0,poly,Validation,3ab00578e859f6ea0c9125cb59d7ddc2,14888513058934001362
cell0596.png,/content/elpv-dataset/src/elpv_dataset/data/images/cell0596.png,0,poly,Validation,9dbc4e0ba9fafed18b04c6f9a44e0dc1,10727271872793982642
cell0879.png,/content/elpv-dataset/src/elpv_dataset/data/images/cell0879.png,1,poly,Validation,5626ff947ac40044ef611f07e1a48523,14169600835662872712
cell0142.png,/content/elpv-dataset/src/elpv_dataset/data/images/cell0142.png,0,poly,Validation,4fd0826cb46f3dbf42a763cd3f9f06a2,14556304777960015560
cell1245.png,/content/elpv-dataset/src/elpv_dataset/data/images/cell1245.png,0,mono,Validation,63efb8e0efc899dbcc3695e6d9e0fd58,9407041668471228550
cell0299.png,/content/elpv-dataset/src/elpv_dataset/data/images/cell0299.png,1,poly,Validation,bd2a99e6acb716e2102125e2c0737372,17454435777162156126
cell0041.png,/content/elpv-dataset/src/elpv_dataset/data/images/cell0041.png,1,mono,Validation,7c91ef6b8b449faeb0b3f5e6fd40c823,10127697049674483342
cell0145.png,/content/elpv-dataset/src/elpv_dataset/data/images/cell0145.png,0,poly,Validation,f4e307592e4aef7727ac9bdf37fbe482,15914290390040894108
cell0511.png,/content/elpv-dataset/src/elpv_dataset/data/images/cell0511.png,1,mono,Validation,e6d8a72789fd97163bf79ccdabdbc4c0,10127628689765491440
cell2062.png,/content/elpv-dataset/src/elpv_dataset/data/images/cell2062.png,1,poly,Validation,c9173263ef281d1c5c86a41bdb04d183,3075561092589929622
cell0637.png,/content/elpv-dataset/src/elpv_dataset/data/images/cell0637.png,0,poly,Validation,8eda1962ff1b6b936bf3d89dfebef251,14911111575127251656
cell1337.png,/content/elpv-dataset/src/elpv_dataset/data/images/cell1337.png,0,mono,Validation,505918155c5e2111cd6234a8628db10a,9405352784150300298
cell0321.png,/content/elpv-dataset/src/elpv_dataset/data/images/cell0321.png,1,poly,Validation,3909038ec8c6c8fa8fcc0dbdf07e2707,17646425656028493048
cell2557.png,/content/elpv-dataset/src/elpv_dataset/data/images/cell2557.png,0,poly,Validation,134b841e91e5115fe0bf8af742634df2,12028814115050671782
cell1401.png,/content/elpv-dataset/src/elpv_dataset/data/images/cell1401.png,0,mono,Validation,3fe43b4fddd410d3e5388b7252b951b2,9405352818644518550
cell0006.png,/content/elpv-dataset/src/elpv_dataset/data/images/cell0006.png,1,mono,Validation,b4f0371e6459eb0423017ec0c0dbdedc,10993472011816173696
cell1419.png,/content/elpv-dataset/src/elpv_dataset/data/images/cell1419.png,1,mono,Validation,42cc5e9476fc957e8f7ef6c2778a4080,10853286556114783950
cell2516.png,/content/elpv-dataset/src/elpv_dataset/data/images/cell2516.png,1,poly,Validation,dd7715bbc56f53c9f202ed2d89097f0a,11712361310861454502
cell0997.png,/content/elpv-dataset/src/elpv_dataset/data/images/cell0997.png,0,mono,Validation,261c732d7f8078e5efe4f6f337ee3eab,14888511822236655262
cell0770.png,/content/elpv-dataset/src/elpv_dataset/data/images/cell0770.png,0,poly,Validation,bc85bb548ffa4bae30b8803f3dc4ff43,1188959649631600769
cell2431.png,/content/elpv-dataset/src/elpv_dataset/data/images/cell2431.png,1,mono,Validation,181a4b967d436b029f1989d0d5637f73,10131613432352638592
cell1193.png,/content/elpv-dataset/src/elpv_dataset/data/images/cell1193.png,0,mono,Validation,77ddece05dbd75f322c935a660587897,10569594894972522142
cell0405.png,/content/elpv-dataset/src/elpv_dataset/data/images/cell0405.png,1,mono,Validation,a4256cc247f800f8bcd06cedae769902,11135025420467865482
cell0985.png,/content/elpv-dataset/src/elpv_dataset/data/images/cell0985.png,0,mono,Validation,2f3202b6471fc5197b13bf09d3e9577f,9260107280941088910
cell1598.png,/content/elpv-dataset/src/elpv_dataset/data/images/cell1598.png,0,mono,Validation,207837b6ce9fe7bea2ca2b1c89800979,9982935046971099784
cell0003.png,/content/elpv-dataset/src/elpv_dataset/data/images/cell0003.png,1,mono,Validation,142d00a87e690fb5a9e706e151b55522,9260111731268682406
cell0897.png,/content/elpv-dataset/src/elpv_dataset/data/images/cell0897.png,1,poly,Validation,093eb75e2bcd7ca4ee9fbcb3aabb7d08,9422187471480728740
cell0751.png,/content/elpv-dataset/src/elpv_dataset/data/images/cell0751.png,0,poly,Validation,ef1d6199e7e6f16b5a3a3eeb4684ba98,17870283046528204791
cell2497.png,/content/elpv-dataset/src/elpv_dataset/data/images/cell2497.png,0,poly,Validation,e988854977d751fee3fcfb40f4d98a89,13586951644260765880
cell2035.png,/content/elpv-dataset/src/elpv_dataset/data/images/cell2035.png,0,poly,Validation,63ecd0055ce0d615870f10319d41e6e7,14327813738292106843
cell1850.png,/content/elpv-dataset/src/elpv_dataset/data/images/cell1850.png,0,poly,Validation,e4b95a2fd62e823642a94d165ddda054,7397064147248514178
cell1055.png,/content/elpv-dataset/src/elpv_dataset/data/images/cell1055.png,1,mono,Validation,5aa8e2c588056f13cff16fa4e39819f9,14888511826262138622
cell2420.png,/content/elpv-dataset/src/elpv_dataset/data/images/cell2420.png,0,mono,Validation,df6c03e99781408f69eebe15739a64b8,10271174227806292618
cell0747.png,/content/elpv-dataset/src/elpv_dataset/data/images/cell0747.png,0,poly,Validation,bc8554e78b95a72a6356bcfcdb53809d,15049284843838943284
cell1594.png,/content/elpv-dataset/src/elpv_dataset/data/images/cell1594.png,0,mono,Validation,1e6d894cc101b9a656ec26e0651cbaf5,10272322135192930958
cell0156.png,/content/elpv-dataset/src/elpv_dataset/data/images/cell0156.png,0,poly,Validation,5ee4a26caac24d35c17f21d881840664,14451080501712889550
cell0672.png,/content/elpv-dataset/src/elpv_dataset/data/images/cell0672.png,1,poly,Validation,98d0207aad6496ca57e24625a5bd38bc,10135554029741450436
cell1664.png,/content/elpv-dataset/src/elpv_dataset/data/images/cell1664.png,0,poly,Validation,a67719eadf97e1fd95dd50c31f416691,2640391981658203762
cell0594.png,/content/elpv-dataset/src/elpv_dataset/data/images/cell0594.png,0,poly,Validation,973d359b62eaaf9b59bb4abccd2eb7b5,15895119459381072610
cell1764.png,/content/elpv-dataset/src/elpv_dataset/data/images/cell1764.png,0,poly,Validation,a8ec9edbb148854aeaa0204deec638c3,12017519318357513860
cell2078.png,/content/elpv-dataset/src/elpv_dataset/data/images/cell2078.png,0,poly,Validation,569073dbb2ec4198d0d0ec5f544d5651,12004000309790029364
cell1864.png,/content/elpv-dataset/src/elpv_dataset/data/images/cell1864.png,0,poly,Validation,64c4ed777400a748f72a2f58ef449ac8,14308651585852113793
cell1485.png,/content/elpv-dataset/src/elpv_dataset/data/images/cell1485.png,0,mono,Validation,4bbc2130a78a07dc1286205948650323,11429747308146626182
cell0282.png,/content/elpv-dataset/src/elpv_dataset/data/images/cell0282.png,0,poly,Validation,0ff0b882787173825c528da941ada3ab,15030931537409524416
cell1109.png,/content/elpv-dataset/src/elpv_dataset/data/images/cell1109.png,1,mono,Validation,a3fc80db9e446c718e86d73d475b73fb,9405352784285828742
cell2232.png,/content/elpv-dataset/src/elpv_dataset/data/images/cell2232.png,0,poly,Validation,9bdd7ec1e201d304933bdf8e748cab75,15462703113552961214
cell1556.png,/content/elpv-dataset/src/elpv_dataset/data/images/cell1556.png,0,mono,Validation,6d77be7bae2095e7be76d5c2d5a0f7aa,9982369897826517380
cell1983.png,/content/elpv-dataset/src/elpv_dataset/data/images/cell1983.png,0,poly,Validation,6f07677d8a6297fd7ca45fca214d03f2,4584256083199438448
cell1461.png,/content/elpv-dataset/src/elpv_dataset/data/images/cell1461.png,1,mono,Validation,a1e04ad14f2660162304703bf4a15227,10846531087682674326
cell2423.png,/content/elpv-dataset/src/elpv_dataset/data/images/cell2423.png,0,mono,Validation,748c3a6ce591bf81e8571a50d1f6a2b9,10126049808652078724
cell1275.png,/content/elpv-dataset/src/elpv_dataset/data/images/cell1275.png,0,mono,Validation,b6528780e48e79b3354be919aeea6fee,9693589757506784926
cell2101.png,/content/elpv-dataset/src/elpv_dataset/data/images/cell2101.png,0,poly,Validation,08e81fa4d1504bd31cb888fc06c5574d,10417589697656180928
cell1474.png,/content/elpv-dataset/src/elpv_dataset/data/images/cell1474.png,0,mono,Validation,95bd5324699974df25bd283571967463,10848765260816354958
cell0796.png,/content/elpv-dataset/src/elpv_dataset/data/images/cell0796.png,1,poly,Validation,11c36f13258e6f13e59e5b06fe1983a5,16178267695589394592
cell1610.png,/content/elpv-dataset/src/elpv_dataset/data/images/cell1610.png,0,mono,Test,f9c0140a07a1cee869bcc6ed6a99e6d2,14892997760689023622
cell0480.png,/content/elpv-dataset/src/elpv_dataset/data/images/cell0480.png,0,mono,Test,c35f9a12b1e9a5dad4cdab71e14b7a63,10272304543006887566
cell1003.png,/content/elpv-dataset/src/elpv_dataset/data/images/cell1003.png,1,mono,Test,52825a30c762b3c57402a962699d77bc,9695843790703990422
cell1620.png,/content/elpv-dataset/src/elpv_dataset/data/images/cell1620.png,0,poly,Test,3a22715622467f5e8b289d110ff02471,3291162196534814322
cell1417.png,/content/elpv-dataset/src/elpv_dataset/data/images/cell1417.png,1,mono,Test,ea1bf29fab58a1c30df4475521817574,10848782887767944862
cell2208.png,/content/elpv-dataset/src/elpv_dataset/data/images/cell2208.png,0,mono,Test,d639a0c83336e3744204ca7b1782c712,13871228141701202112
cell2492.png,/content/elpv-dataset/src/elpv_dataset/data/images/cell2492.png,0,poly,Test,d7d940499d803a9a3609135f53a66bbc,14613783371532351897
cell0968.png,/content/elpv-dataset/src/elpv_dataset/data/images/cell0968.png,0,mono,Test,99a217e31a8433d734f699fc1f6e0d7a,9693582642893457024
cell2189.png,/content/elpv-dataset/src/elpv_dataset/data/images/cell2189.png,0,mono,Test,0a66a77cc084b6d38e99f1877ab0df5b,15316344887260907136
cell1652.png,/content/elpv-dataset/src/elpv_dataset/data/images/cell1652.png,1,poly,Test,bd84b1be890be64438f9485d7a04d4de,14179062950332652170
cell0932.png,/content/elpv-dataset/src/elpv_dataset/data/images/cell0932.png,0,mono,Test,247f4bd0bc2306954348530fba40b0ef,10270043912606226078
cell2509.png,/content/elpv-dataset/src/elpv_dataset/data/images/cell2509.png,1,poly,Test,da3f2f4cdd6ee91c7828e27dc2febbac,11153402635513412762
cell2365.png,/content/elpv-dataset/src/elpv_dataset/data/images/cell2365.png,0,poly,Test,41b7d155d1ba768a96b46c147e7c85d0,10233172885921728138
cell0623.png,/content/elpv-dataset/src/elpv_dataset/data/images/cell0623.png,0,poly,Test,26eed5db1ceb695dcd9934620bba5f3b,17976745727590577859
cell1889.png,/content/elpv-dataset/src/elpv_dataset/data/images/cell1889.png,0,poly,Test,53944b072aea84764388106a62b6aa49,9123781355461981852
cell0573.png,/content/elpv-dataset/src/elpv_dataset/data/images/cell0573.png,0,poly,Test,ddaa5490f6f761a52cf0e665f9daa0dd,14616145132207905482
cell2033.png,/content/elpv-dataset/src/elpv_dataset/data/images/cell2033.png,0,poly,Test,ee651690a30c782906cb2b935bec2c01,9695852760108532430
cell1319.png,/content/elpv-dataset/src/elpv_dataset/data/images/cell1319.png,0,mono,Test,8d821d86d371c0817399112a037e6a59,9980681030853494406
cell1374.png,/content/elpv-dataset/src/elpv_dataset/data/images/cell1374.png,0,mono,Test,4bc63955ed2ca9d79059aabc72859866,13737850947491763854
cell2502.png,/content/elpv-dataset/src/elpv_dataset/data/images/cell2502.png,0,poly,Test,431fe825245efcd3e209905ac775ef06,11723593973356071554
cell0543.png,/content/elpv-dataset/src/elpv_dataset/data/images/cell0543.png,0,poly,Test,3ab808e8418f931bf534bda7f12918b1,13129935590620576408
cell1574.png,/content/elpv-dataset/src/elpv_dataset/data/images/cell1574.png,0,mono,Test,618da6d0298ad9fd33e3fd7671fa1d2d,10280185825175973514
cell2264.png,/content/elpv-dataset/src/elpv_dataset/data/images/cell2264.png,0,poly,Test,003609bffc90c70419ca7f872756d9f2,180706954551788038
cell0795.png,/content/elpv-dataset/src/elpv_dataset/data/images/cell0795.png,1,poly,Test,05636961032b20dc441244794b3bdec1,11427515376755845360
cell1782.png,/content/elpv-dataset/src/elpv_dataset/data/images/cell1782.png,0,poly,Test,13a3358ca8db4079f40e6e2c635426d9,10143388943309115522
cell1577.png,/content/elpv-dataset/src/elpv_dataset/data/images/cell1577.png,0,mono,Test,445cf9a844293fba6e1966e8ee400109,9694709086113139342
cell0364.png,/content/elpv-dataset/src/elpv_dataset/data/images/cell0364.png,1,mono,Test,8494d5a6e66b4986ce97c25bf8f33831,15605712132564320392
cell1608.png,/content/elpv-dataset/src/elpv_dataset/data/images/cell1608.png,0,mono,Test,4e87d44e22864eeff61b307793c027c2,14893015352875069070
cell0065.png,/content/elpv-dataset/src/elpv_dataset/data/images/cell0065.png,0,poly,Test,68324d0287757e117cb1acdbca8736e7,13600023043386672826
cell1550.png,/content/elpv-dataset/src/elpv_dataset/data/images/cell1550.png,0,mono,Test,c13f44e0b6fa16223d522697064487ea,14911065074270390926
cell0136.png,/content/elpv-dataset/src/elpv_dataset/data/images/cell0136.png,0,poly,Test,92a62993f00444a9c0ff46da7dab5e5c,14332282041608226450
cell0907.png,/content/elpv-dataset/src/elpv_dataset/data/images/cell0907.png,0,mono,Test,f98e4fc894f9a02914810b933834e650,9693578745076160142
cell0495.png,/content/elpv-dataset/src/elpv_dataset/data/images/cell0495.png,1,mono,Test,6cc0a81c39af768e99b8bb9443d1f191,12578503949493680440
cell0595.png,/content/elpv-dataset/src/elpv_dataset/data/images/cell0595.png,1,poly,Test,33f4c588e4f14b294695d0f37ef0bb56,16615712769415376104
cell1144.png,/content/elpv-dataset/src/elpv_dataset/data/images/cell1144.png,0,mono,Test,64af42d6bcf8033241e5f78f06a67560,10848202336766954630
cell0971.png,/content/elpv-dataset/src/elpv_dataset/data/images/cell0971.png,0,mono,Test,dcc9b7a65cc09d06bcde4815611ae98d,16068843056525209582
cell1874.png,/content/elpv-dataset/src/elpv_dataset/data/images/cell1874.png,0,poly,Test,1751318f0f7afb0df6db09580ed88f9e,11783567977113617548
cell2042.png,/content/elpv-dataset/src/elpv_dataset/data/images/cell2042.png,1,poly,Test,9251f82a348f83dd0dc68619434536a5,16830446359763536025
cell2311.png,/content/elpv-dataset/src/elpv_dataset/data/images/cell2311.png,0,poly,Test,b18b2bd9147a3f31124484f624b37538,17506255770016992974
cell0723.png,/content/elpv-dataset/src/elpv_dataset/data/images/cell0723.png,0,poly,Test,95d907e781eb88e4e1e2f15eab21eedc,18228878030753560825
cell0730.png,/content/elpv-dataset/src/elpv_dataset/data/images/cell0730.png,0,poly,Test,90e822735413b44462f27e3eaade8136,20346191296336000
cell0444.png,/content/elpv-dataset/src/elpv_dataset/data/images/cell0444.png,1,mono,Test,8ea0e86938faedb13b17884e96f8e06f,9369332817973228190
cell2108.png,/content/elpv-dataset/src/elpv_dataset/data/images/cell2108.png,0,poly,Test,578488416d1e7a27090c5ec8e2dc7904,14888539413241316326
cell1352.png,/content/elpv-dataset/src/elpv_dataset/data/images/cell1352.png,0,mono,Test,7b87511efe70aa66d872cf2beed8d9b3,9693578762525251202
cell1957.png,/content/elpv-dataset/src/elpv_dataset/data/images/cell1957.png,1,poly,Test,1785d6e144b89f3cd16d6f5460c4ad37,10853304199841488563
cell0522.png,/content/elpv-dataset/src/elpv_dataset/data/images/cell0522.png,1,mono,Test,0419b49ce64814f574240cf703300181,11965930682051364830
cell2398.png,/content/elpv-dataset/src/elpv_dataset/data/images/cell2398.png,0,mono,Test,a3361f911f485f1079e82e7b6b5fc3e0,10436685894911954574
cell2217.png,/content/elpv-dataset/src/elpv_dataset/data/images/cell2217.png,0,poly,Test,343ac18daea236f6014351e21afea0ab,9405394600086112974
cell1170.png,/content/elpv-dataset/src/elpv_dataset/data/images/cell1170.png,0,mono,Test,d55f0a9df8ded967fdaec14c18ab149a,9695272044656495750
cell1103.png,/content/elpv-dataset/src/elpv_dataset/data/images/cell1103.png,1,mono,Test,b51bb1ebe5ea10beb1e4c640a008c340,10270041782576152318
cell1741.png,/content/elpv-dataset/src/elpv_dataset/data/images/cell1741.png,0,poly,Test,94611c744929dc11ac012c5d204ea475,9407674952708429460
cell2156.png,/content/elpv-dataset/src/elpv_dataset/data/images/cell2156.png,0,mono,Test,f667c549a345f8c4dbf7df1f16eaaaf4,9261237630434181824
cell0724.png,/content/elpv-dataset/src/elpv_dataset/data/images/cell0724.png,0,poly,Test,1036682a94776a1975b0059f80e96dc8,18003659557820889585
cell1107.png,/content/elpv-dataset/src/elpv_dataset/data/images/cell1107.png,0,mono,Test,6a4b52d1440e18da6d7bcf6da98224c6,9405352784150562438
cell1532.png,/content/elpv-dataset/src/elpv_dataset/data/images/cell1532.png,0,mono,Test,37ace51402cca69e8103104b70a53c46,14316537284341452494
cell2123.png,/content/elpv-dataset/src/elpv_dataset/data/images/cell2123.png,0,poly,Test,3d497a518ba561535adc0dc935946dc2,10413086107289829570
cell1024.png,/content/elpv-dataset/src/elpv_dataset/data/images/cell1024.png,0,mono,Test,de8d58cc49d8dab9ee22cf1a0d7aca6f,9259542123307763334
cell1998.png,/content/elpv-dataset/src/elpv_dataset/data/images/cell1998.png,0,poly,Test,4baf3e6648f4fb9d1dfebd32239ed7b3,18226897430687452003
cell0055.png,/content/elpv-dataset/src/elpv_dataset/data/images/cell0055.png,1,mono,Test,5664e226ce5247af87da95bd5ee8e83f,12579271207881184916
cell2160.png,/content/elpv-dataset/src/elpv_dataset/data/images/cell2160.png,0,mono,Test,5737e71c6105e1fff50ec5258e7b6911,13871230349348077760
cell0774.png,/content/elpv-dataset/src/elpv_dataset/data/images/cell0774.png,0,poly,Test,647db6ac01db1899424bc65fe05e41b7,13164501909571942060
cell0359.png,/content/elpv-dataset/src/elpv_dataset/data/images/cell0359.png,0,poly,Test,90756d8955b246cdcf041c0e1ffb2131,15318083477220756891
cell1925.png,/content/elpv-dataset/src/elpv_dataset/data/images/cell1925.png,0,poly,Test,723607632e1e2851f16add7919cacbdc,10849875797832445364
cell1962.png,/content/elpv-dataset/src/elpv_dataset/data/images/cell1962.png,1,poly,Test,45576bd6eea3953fae93062c78e311fd,3940349191911282527
cell1509.png,/content/elpv-dataset/src/elpv_dataset/data/images/cell1509.png,0,mono,Test,7289249f2f282bd6f6f24c39a7288947,10281329334448746190
cell0995.png,/content/elpv-dataset/src/elpv_dataset/data/images/cell0995.png,0,mono,Test,96c1f53547af589b3e396becf65540e5,10272374980742127326
cell2439.png,/content/elpv-dataset/src/elpv_dataset/data/images/cell2439.png,1,mono,Test,b67b7b89acdcafe886416bdb1b322309,11422965417212284556
cell1893.png,/content/elpv-dataset/src/elpv_dataset/data/images/cell1893.png,0,poly,Test,d493aa0d08c1d6cae6877a6cf6694d6f,9405349459782829190
cell1728.png,/content/elpv-dataset/src/elpv_dataset/data/images/cell1728.png,1,poly,Test,4f838b9bc4272c3c3467a42cf062ee28,7226109268721540618
cell1217.png,/content/elpv-dataset/src/elpv_dataset/data/images/cell1217.png,0,mono,Test,fe1f316ead5a8f314cba8123a2994554,9695834994609917574
cell0489.png,/content/elpv-dataset/src/elpv_dataset/data/images/cell0489.png,1,mono,Test,0920cc338c1c184e7e317f07d33736a0,14307529810206693006
cell0012.png,/content/elpv-dataset/src/elpv_dataset/data/images/cell0012.png,1,mono,Test,4c33aa553d04490f5b9fb05a0a8d40b6,18079568223910658178
cell0589.png,/content/elpv-dataset/src/elpv_dataset/data/images/cell0589.png,0,poly,Test,88e00008a652c0d10e3da26443575543,12875844819356784792
cell1249.png,/content/elpv-dataset/src/elpv_dataset/data/images/cell1249.png,0,mono,Test,ae472a821777432b61c32d73ee6688e1,11425243639800827550
cell1065.png,/content/elpv-dataset/src/elpv_dataset/data/images/cell1065.png,1,mono,Test,697e297d48b12a081e751889c7b27e17,13872358448278045318
cell2296.png,/content/elpv-dataset/src/elpv_dataset/data/images/cell2296.png,0,poly,Test,18c24d36bb72857adb613dee67cb70d5,14160243079764520358
cell1092.png,/content/elpv-dataset/src/elpv_dataset/data/images/cell1092.png,0,mono,Test,393808f45acfde4831706b25af9e99e0,10274556308326616766
cell1114.png,/content/elpv-dataset/src/elpv_dataset/data/images/cell1114.png,0,mono,Test,7605839af7a3230c8c520a390cef1ae4,13446216449384160910
cell0712.png,/content/elpv-dataset/src/elpv_dataset/data/images/cell0712.png,1,poly,Test,d3a04503d447cff55266933e33241cd6,3500656752290346128
cell0366.png,/content/elpv-dataset/src/elpv_dataset/data/images/cell0366.png,1,mono,Test,21f67db4802bc30480c57402cdbc9a40,14017045475646015118
cell1592.png,/content/elpv-dataset/src/elpv_dataset/data/images/cell1592.png,0,mono,Test,89ffcad32ab03dd73cd225c108368701,14884008154694061710
cell2002.png,/content/elpv-dataset/src/elpv_dataset/data/images/cell2002.png,0,poly,Test,716922516106db69cb37e3e9d26c1cd4,15338922362914907878
cell0175.png,/content/elpv-dataset/src/elpv_dataset/data/images/cell0175.png,0,poly,Test,eff96c44eacd1dd86dd1f670018f3df0,13456701290671163078
cell2513.png,/content/elpv-dataset/src/elpv_dataset/data/images/cell2513.png,0,poly,Test,3f6112199b0aff089e795ee6c4ee8786,9839393814031684740
cell1496.png,/content/elpv-dataset/src/elpv_dataset/data/images/cell1496.png,0,mono,Test,eb40a3092b4c0efa086a641c15af8834,10270602490215041156
cell2429.png,/content/elpv-dataset/src/elpv_dataset/data/images/cell2429.png,0,mono,Test,ddb20a93056df9a0f4d88b44c6ab2fc6,12443143330085125884
cell0638.png,/content/elpv-dataset/src/elpv_dataset/data/images/cell0638.png,0,poly,Test,ca4ea05f20b867e0ed8f44e9099da84a,17213545914538190058
cell2333.png,/content/elpv-dataset/src/elpv_dataset/data/images/cell2333.png,1,poly,Test,77f2372095d8106f075c74f1883d3501,9563035169330480846
cell1112.png,/content/elpv-dataset/src/elpv_dataset/data/images/cell1112.png,0,mono,Test,9d813b41bec80abb23b978e6ee75dd58,14881738727126632078
cell1163.png,/content/elpv-dataset/src/elpv_dataset/data/images/cell1163.png,1,mono,Test,860a346b5b59ba30efc1f39a7cbb4338,12578147552221498510
cell2301.png,/content/elpv-dataset/src/elpv_dataset/data/images/cell2301.png,0,poly,Test,c159c05b0ff8eb7f7a0c0b01b6469dc8,10706917360210464428
cell0286.png,/content/elpv-dataset/src/elpv_dataset/data/images/cell0286.png,1,poly,Test,f386ff7895934c66d87e50c5ced2e93f,16919039361424989846
cell2421.png,/content/elpv-dataset/src/elpv_dataset/data/images/cell2421.png,0,mono,Test,52c5e7984f3588365025501bc3e4b391,18360857434694520462
cell0396.png,/content/elpv-dataset/src/elpv_dataset/data/images/cell0396.png,1,mono,Test,8c2be409051f6dc0ed92651d87ad9479,9549747239961110174
cell0824.png,/content/elpv-dataset/src/elpv_dataset/data/images/cell0824.png,0,poly,Test,6e0b93b78fbed11a09baeb888f547645,15320567390205299918
cell0050.png,/content/elpv-dataset/src/elpv_dataset/data/images/cell0050.png,1,mono,Test,af19354c6075a0196373c735159a57c4,14017032205507921606
cell1589.png,/content/elpv-dataset/src/elpv_dataset/data/images/cell1589.png,1,mono,Test,643ca47327c99257f0457676d3296e2f,10281329335526682334
cell0584.png,/content/elpv-dataset/src/elpv_dataset/data/images/cell0584.png,0,poly,Test,d9fa03dc60df5cc5a9b5faaebc413a3e,11275450761208440458
cell2394.png,/content/elpv-dataset/src/elpv_dataset/data/images/cell2394.png,0,poly,Test,ac732fe6279be141a02aaae7d2b25e15,10531283666633657549
cell0852.png,/content/elpv-dataset/src/elpv_dataset/data/images/cell0852.png,1,poly,Test,da6af89f88ec80840d515ecbf1686d2e,14043284205633184934
cell2453.png,/content/elpv-dataset/src/elpv_dataset/data/images/cell2453.png,0,poly,Test,1e9f9f1a519dc2f752e874698566a4e4,16494089405271017808
cell0431.png,/content/elpv-dataset/src/elpv_dataset/data/images/cell0431.png,1,mono,Test,c57b7d98154451f8703a293d8b40964a,9512590369414874838
cell2377.png,/content/elpv-dataset/src/elpv_dataset/data/images/cell2377.png,0,poly,Test,8aad851a95c7902de750ac60c417144e,16906142184923104938
cell0023.png,/content/elpv-dataset/src/elpv_dataset/data/images/cell0023.png,1,mono,Test,1aa76c19216ce4609eb0c5a8e89b6782,9980683216941580675
cell1827.png,/content/elpv-dataset/src/elpv_dataset/data/images/cell1827.png,0,poly,Test,d402d9c78d816911a9f74d21317e1726,10055019047773985430
cell1829.png,/content/elpv-dataset/src/elpv_dataset/data/images/cell1829.png,0,poly,Test,9440a6ae08617ab17b76eac50727c225,15030931520032902034
cell1258.png,/content/elpv-dataset/src/elpv_dataset/data/images/cell1258.png,0,mono,Test,03d2504384ff0c0844b1a3f58b8dca2b,11710069893356357250
cell0078.png,/content/elpv-dataset/src/elpv_dataset/data/images/cell0078.png,1,poly,Test,c6f111e620b45ae7203b655cf439db03,12294503213469582026
cell1274.png,/content/elpv-dataset/src/elpv_dataset/data/images/cell1274.png,0,mono,Test,dd27a13dd7d265a67967ba0794ec7191,9698113217062932106
cell2461.png,/content/elpv-dataset/src/elpv_dataset/data/images/cell2461.png,0,poly,Test,14ecf028215750b3fb72f415e74fd64e,13332995691014032516
cell0344.png,/content/elpv-dataset/src/elpv_dataset/data/images/cell0344.png,0,poly,Test,492811b14163283a9455c104b6e23605,15047814585632042136
cell0645.png,/content/elpv-dataset/src/elpv_dataset/data/images/cell0645.png,1,poly,Test,116b18d4ba5bd3508e0a624635744c91,7363531165507032200
cell0451.png,/content/elpv-dataset/src/elpv_dataset/data/images/cell0451.png,1,mono,Test,f2ccd87f18fd274c3c2fbd200abb58d3,10585682949114074338
cell1164.png,/content/elpv-dataset/src/elpv_dataset/data/images/cell1164.png,0,mono,Test,303418fe4988764f246acf13b56cdad9,9695834994609917062
cell0453.png,/content/elpv-dataset/src/elpv_dataset/data/images/cell0453.png,1,mono,Test,b19d806b5333b5619d002b51d86c450a,10272656593693622270
cell1857.png,/content/elpv-dataset/src/elpv_dataset/data/images/cell1857.png,0,poly,Test,0dcd7994dc3ee7f1ada444b4d0896af0,11857096967896598198
cell1611.png,/content/elpv-dataset/src/elpv_dataset/data/images/cell1611.png,0,mono,Test,d09dba5d61348e1385911d13aa66f5f5,10271178643101100686
cell1139.png,/content/elpv-dataset/src/elpv_dataset/data/images/cell1139.png,0,mono,Test,cb9283162cc2d06ead06d43c684453e9,10270052708699246238
cell1858.png,/content/elpv-dataset/src/elpv_dataset/data/images/cell1858.png,0,poly,Test,ee8d00213e3c685a314c2e35e330e8da,10995774698771818168
cell2269.png,/content/elpv-dataset/src/elpv_dataset/data/images/cell2269.png,0,poly,Test,50550ae3e5b112a58a27943f11c45bbc,11429747239427153582
cell0856.png,/content/elpv-dataset/src/elpv_dataset/data/images/cell0856.png,1,poly,Test,2dbc586708806683371b664c2ed1c0c0,9693609600289571715
cell1203.png,/content/elpv-dataset/src/elpv_dataset/data/images/cell1203.png,0,mono,Test,2fa682d27f3d438e823e08506a926252,9695834994609917582
cell0171.png,/content/elpv-dataset/src/elpv_dataset/data/images/cell0171.png,1,poly,Test,9f0b55d008c331957ab2a4620bee8c94,17131018771150864090
cell2383.png,/content/elpv-dataset/src/elpv_dataset/data/images/cell2383.png,0,poly,Test,181186f86dba79d4c7b78c50772acfb1,10100629174795592018
cell1037.png,/content/elpv-dataset/src/elpv_dataset/data/images/cell1037.png,0,mono,Test,2ab58a1c4e826f83eec7415ad236d739,10272304544490643166
cell0663.png,/content/elpv-dataset/src/elpv_dataset/data/images/cell0663.png,1,poly,Test,31ade4d63bf3b376055675049dd1eec2,14334533724968619174
cell0975.png,/content/elpv-dataset/src/elpv_dataset/data/images/cell0975.png,0,mono,Test,2332f8da1fde14fec036e68e086d5caa,10276861126159302398
cell0435.png,/content/elpv-dataset/src/elpv_dataset/data/images/cell0435.png,1,mono,Test,1074af6153af53f7c33cd56f37f39217,14880885506102955918
cell0091.png,/content/elpv-dataset/src/elpv_dataset/data/images/cell0091.png,1,poly,Test,e2bb9426d4ae76a41b9abad6411526c5,15759989221954853523
cell1800.png,/content/elpv-dataset/src/elpv_dataset/data/images/cell1800.png,0,poly,Test,53add5b12ce79ba4e9b831646fb25ba0,10561161975929085494
cell2621.png,/content/elpv-dataset/src/elpv_dataset/data/images/cell2621.png,0,poly,Test,c080408a53a229af045925ce96a8ca06,7957445264271888016
cell2304.png,/content/elpv-dataset/src/elpv_dataset/data/images/cell2304.png,0,poly,Test,92a1b108d8c7b549e4ad8bd5810d94b7,10629270043432813193
cell1230.png,/content/elpv-dataset/src/elpv_dataset/data/images/cell1230.png,0,mono,Test,d98e0c04e42fd02a5be91eaba0c996a8,11425243639800827542
cell1968.png,/content/elpv-dataset/src/elpv_dataset/data/images/cell1968.png,0,poly,Test,660e020cad9d7421db0f3ae8de8339d2,9262935276490885770
cell0342.png,/content/elpv-dataset/src/elpv_dataset/data/images/cell0342.png,1,poly,Test,42a83ab9bd4d62528c883ecab537c1eb,16195087895181811768
cell2390.png,/content/elpv-dataset/src/elpv_dataset/data/images/cell2390.png,0,poly,Test,6ecaa902d2160eb880813ca8ccf5c372,10787694175975946731
cell1695.png,/content/elpv-dataset/src/elpv_dataset/data/images/cell1695.png,0,poly,Test,84c0c84b7ef71286d42e00cf6e12ff78,11714567974171740324
cell1763.png,/content/elpv-dataset/src/elpv_dataset/data/images/cell1763.png,0,poly,Test,f6c794c7361542b4d6c73f63eb594d6c,10125653915737163655
cell1730.png,/content/elpv-dataset/src/elpv_dataset/data/images/cell1730.png,1,poly,Test,ab089b729b580fcab0dc533d30f20cfb,15182397879739981599
cell0609.png,/content/elpv-dataset/src/elpv_dataset/data/images/cell0609.png,1,poly,Test,56ea210b8dc8c474ea3eaa1074700a73,13302100779427213633
cell2485.png,/content/elpv-dataset/src/elpv_dataset/data/images/cell2485.png,0,poly,Test,4de39df6a5411801326360074071dc6c,13446228518243118508
cell2164.png,/content/elpv-dataset/src/elpv_dataset/data/images/cell2164.png,0,mono,Test,353c18305bee0de580bbf64f1c81e271,14884078487874739916
cell0946.png,/content/elpv-dataset/src/elpv_dataset/data/images/cell0946.png,0,mono,Test,13c3c41842f8cf95cd3c4e8e2dbf0cf7,9693591956395296390
cell1239.png,/content/elpv-dataset/src/elpv_dataset/data/images/cell1239.png,0,mono,Test,e794c27bcd41a7e0a05e8cdcb7649ee6,9405909162904685710
cell0177.png,/content/elpv-dataset/src/elpv_dataset/data/images/cell0177.png,1,poly,Test,c56c7f8d39e0358d8425432a78adb43a,14160597732360488088
cell0273.png,/content/elpv-dataset/src/elpv_dataset/data/images/cell0273.png,0,poly,Test,32471227b817281a9bf67e4f6793e343,17198840908887265004
cell1035.png,/content/elpv-dataset/src/elpv_dataset/data/images/cell1035.png,0,mono,Test,f38fd7f63dd96feb4ba9b409b6fad09a,17793333822295547550
cell0632.png,/content/elpv-dataset/src/elpv_dataset/data/images/cell0632.png,1,poly,Test,ba186b73a114e2ba0ad72be800f5d35b,11881272668724847712
cell0212.png,/content/elpv-dataset/src/elpv_dataset/data/images/cell0212.png,1,poly,Test,bddff329b7a381e5635f10b3ac762b19,14160584453400353996
cell0527.png,/content/elpv-dataset/src/elpv_dataset/data/images/cell0527.png,1,mono,Test,e2ef02fe4fc8b2e297977fd477c98b13,12840205126943254214
cell0139.png,/content/elpv-dataset/src/elpv_dataset/data/images/cell0139.png,0,poly,Test,67848664b30030232722215a7cccdd57,14748932227419843494
cell1335.png,/content/elpv-dataset/src/elpv_dataset/data/images/cell1335.png,0,mono,Test,a8618ee8c6cd044413380a31c51c911a,9409874044683982474
cell1984.png,/content/elpv-dataset/src/elpv_dataset/data/images/cell1984.png,0,poly,Test,1f54e96621fae7354fd9915586664a86,15320907964401231556
cell1100.png,/content/elpv-dataset/src/elpv_dataset/data/images/cell1100.png,1,mono,Test,adc242b78cf3daccbd4ed263e83400dd,9988577766482550414
cell0339.png,/content/elpv-dataset/src/elpv_dataset/data/images/cell0339.png,0,poly,Test,7a2ee5bb1bdccb2d62bd90064f942237,16635046372956361968
cell1650.png,/content/elpv-dataset/src/elpv_dataset/data/images/cell1650.png,1,poly,Test,7e6c912cf7138720afa7f1a01d2f5928,12554971458435627995
cell0461.png,/content/elpv-dataset/src/elpv_dataset/data/images/cell0461.png,1,mono,Test,98288d226dce642bf229baa7ffbbf5f6,10089332603128966342
cell0400.png,/content/elpv-dataset/src/elpv_dataset/data/images/cell0400.png,1,mono,Test,134b4c404694217076d50d67c55db6b4,13872360733200778880
cell2358.png,/content/elpv-dataset/src/elpv_dataset/data/images/cell2358.png,0,poly,Test,e7cb8f7200bc537722bdb96b6a0b0ba2,9802442359991575218
cell2442.png,/content/elpv-dataset/src/elpv_dataset/data/images/cell2442.png,0,mono,Test,1e267d551256586da0c0d52dee9c9602,9693020210349901454
cell1571.png,/content/elpv-dataset/src/elpv_dataset/data/images/cell1571.png,0,mono,Test,0ca59c6138bead73c57b7b1385e169f3,14315411108479807118
cell0924.png,/content/elpv-dataset/src/elpv_dataset/data/images/cell0924.png,0,mono,Test,e1c12a4fcf6725e3235b42b257b2876c,9405361580512548516
cell2236.png,/content/elpv-dataset/src/elpv_dataset/data/images/cell2236.png,0,poly,Test,c4fd1a2f89daa788084f2a26fae3bc5a,10272374911751069334
cell1944.png,/content/elpv-dataset/src/elpv_dataset/data/images/cell1944.png,0,poly,Test,d927800bff6979e7350b0c75a6c5e89b,12017570776073020562
cell0094.png,/content/elpv-dataset/src/elpv_dataset/data/images/cell0094.png,0,poly,Test,9b097c71f9dad5949d1a32ef39834755,13163668487168236220
cell0823.png,/content/elpv-dataset/src/elpv_dataset/data/images/cell0823.png,0,poly,Test,1e15ad96cb9a3854bcf2a351a682c1a7,17407992139648625772
cell2380.png,/content/elpv-dataset/src/elpv_dataset/data/images/cell2380.png,0,poly,Test,27bd306c34c8ce20bd7ea2ac77bf3ca4,9658691301216105622
cell0601.png,/content/elpv-dataset/src/elpv_dataset/data/images/cell0601.png,1,poly,Test,ba2d06a8eb85406d99df5f05c7319d59,11938918984440388010
cell0116.png,/content/elpv-dataset/src/elpv_dataset/data/images/cell0116.png,0,poly,Test,c7e203c1032564244ad541b89677c750,12584999812135710394
cell1029.png,/content/elpv-dataset/src/elpv_dataset/data/images/cell1029.png,0,mono,Test,affaaa6074dd00bd5dcb933e8aa745c3,9259542131964806790
cell0497.png,/content/elpv-dataset/src/elpv_dataset/data/images/cell0497.png,1,mono,Test,c1eade17f452eac36bde737b644d3fb9,10128207015836551046
cell1702.png,/content/elpv-dataset/src/elpv_dataset/data/images/cell1702.png,0,poly,Test,6657e856021354de023dc2311c254a6a,5072315749616885938
cell2026.png,/content/elpv-dataset/src/elpv_dataset/data/images/cell2026.png,0,poly,Test,da14a4185e646922b978c657f8bebe08,10128198185823928966
cell0524.png,/content/elpv-dataset/src/elpv_dataset/data/images/cell0524.png,1,mono,Test,0853fe26082b9ace176ffdfcdd0ac6da,14306759956160487310
cell2524.png,/content/elpv-dataset/src/elpv_dataset/data/images/cell2524.png,0,poly,Test,5fa7b2dc1ee6123448f728a36a536e41,12315914304551300260
cell1402.png,/content/elpv-dataset/src/elpv_dataset/data/images/cell1402.png,0,mono,Test,130f60bfeef02eb5d72cda03bcf5b59f,10847656987589512854
cell0619.png,/content/elpv-dataset/src/elpv_dataset/data/images/cell0619.png,0,poly,Test,5565cc88de8758f19fdb05986539db1a,15472937781582541486
cell2473.png,/content/elpv-dataset/src/elpv_dataset/data/images/cell2473.png,0,poly,Test,c6f4fec325b8294aaa66387cf0904674,14612657777492469415
cell2041.png,/content/elpv-dataset/src/elpv_dataset/data/images/cell2041.png,0,poly,Test,4fac774120f53986c7c87d36feb25eee,14183676559983695451
cell0361.png,/content/elpv-dataset/src/elpv_dataset/data/images/cell0361.png,1,mono,Test,6cac4ec947eb47c718b42680a4fccecc,9840541934454604000
cell1041.png,/content/elpv-dataset/src/elpv_dataset/data/images/cell1041.png,1,mono,Test,aceb9fc495a55be17764397ec6d73b0a,9406487480150953630
cell2199.png,/content/elpv-dataset/src/elpv_dataset/data/images/cell2199.png,0,mono,Test,492351c6a1e7ebc2d9a45213e5a46375,14163414621323437808
cell0763.png,/content/elpv-dataset/src/elpv_dataset/data/images/cell0763.png,0,poly,Test,b0dba0d24f09d9fcf7a6c30de020ab5d,8997346234606859444
cell1229.png,/content/elpv-dataset/src/elpv_dataset/data/images/cell1229.png,0,mono,Test,3d60a2e676afe65c99a544557c69e8b3,11425226047614783134
cell1970.png,/content/elpv-dataset/src/elpv_dataset/data/images/cell1970.png,0,poly,Test,5c972b2b8975b2c81f6a75e8eb4deb2c,9838281171617291162
cell0296.png,/content/elpv-dataset/src/elpv_dataset/data/images/cell0296.png,1,poly,Test,c21c310b56cad386849b6db77c3ed997,17743653514757183646
cell0621.png,/content/elpv-dataset/src/elpv_dataset/data/images/cell0621.png,0,poly,Test,50b340fd7b4021c47fec944efbd6c3e1,15174490398542703820
cell0131.png,/content/elpv-dataset/src/elpv_dataset/data/images/cell0131.png,0,poly,Test,f86b0aecf259011c1c4ec261ce0cfbd2,12591711321740713678
cell2601.png,/content/elpv-dataset/src/elpv_dataset/data/images/cell2601.png,0,poly,Test,e2bb1fba79f4b08ccceabf60783fa369,10823995498302965390
cell2253.png,/content/elpv-dataset/src/elpv_dataset/data/images/cell2253.png,0,poly,Test,25e3f6257273345822d5f3be47159482,10272304543006428847
cell0154.png,/content/elpv-dataset/src/elpv_dataset/data/images/cell0154.png,0,poly,Test,863b8d474227326de58dc1fe9552ac1f,17216889943571205775
cell0729.png,/content/elpv-dataset/src/elpv_dataset/data/images/cell0729.png,0,poly,Test,4f8543c7589b2e99f8fc76ed6092c087,12153430477546633402
cell1093.png,/content/elpv-dataset/src/elpv_dataset/data/images/cell1093.png,0,mono,Test,32604475fe782fc55d928d862e6a20c8,10274556342820576910
cell0575.png,/content/elpv-dataset/src/elpv_dataset/data/images/cell0575.png,0,poly,Test,2de5a21a8d6dea2fe8e2f6f70a64c372,15171196313551040234
cell1644.png,/content/elpv-dataset/src/elpv_dataset/data/images/cell1644.png,0,poly,Test,5a3275a17be6ca91cf4c027c73e9bda5,2712449575696131698
cell0732.png,/content/elpv-dataset/src/elpv_dataset/data/images/cell0732.png,1,poly,Test,a7af34f9cb3e59c0e0ba4423d011b864,9268584508515475616
cell2535.png,/content/elpv-dataset/src/elpv_dataset/data/images/cell2535.png,0,poly,Test,ae135d93255773ee2dcf821018357854,16023515616474223796
cell1030.png,/content/elpv-dataset/src/elpv_dataset/data/images/cell1030.png,1,mono,Test,235bc7bb996bb6caa7685b460360c439,9259542123273814144
cell1263.png,/content/elpv-dataset/src/elpv_dataset/data/images/cell1263.png,0,mono,Test,d31245cb1a0df1b592a10c7828f39e97,9404224685119407754
cell0671.png,/content/elpv-dataset/src/elpv_dataset/data/images/cell0671.png,1,poly,Test,451547b275bbf163702d92e6e2d0f08a,18066464688427022010
cell1672.png,/content/elpv-dataset/src/elpv_dataset/data/images/cell1672.png,1,poly,Test,4f473712c23dcadd8d75b11c7dd40402,4368019701495466058
cell2270.png,/content/elpv-dataset/src/elpv_dataset/data/images/cell2270.png,0,poly,Test,7600bb14aa168ec9156320cc57b72ffc,10848765295310114474
cell1597.png,/content/elpv-dataset/src/elpv_dataset/data/images/cell1597.png,0,mono,Test,4de65d8fd3ec11e32931c73faa419396,9550024333833965196
cell1760.png,/content/elpv-dataset/src/elpv_dataset/data/images/cell1760.png,0,poly,Test,39d1671775cb311cb1af3145a3940499,10851067732759072430
cell0331.png,/content/elpv-dataset/src/elpv_dataset/data/images/cell0331.png,0,poly,Test,fa5330af00c6589145ed605c4484330b,16644105363048943860
cell2320.png,/content/elpv-dataset/src/elpv_dataset/data/images/cell2320.png,0,poly,Test,e6b5c9f2486d7e08ab01bec483fe4a81,9984135704978298516
cell0460.png,/content/elpv-dataset/src/elpv_dataset/data/images/cell0460.png,1,mono,Test,19e03aa77d6feed1671ebc743910270e,10239945924459503254
cell0121.png,/content/elpv-dataset/src/elpv_dataset/data/images/cell0121.png,0,poly,Test,d77929d326e016ff3b97dbe8b7dc841a,11737753750956849816
cell1848.png,/content/elpv-dataset/src/elpv_dataset/data/images/cell1848.png,0,poly,Test,f11cc45c21b81759b5a21e0de6f15c0c,9693584294308127408
cell0032.png,/content/elpv-dataset/src/elpv_dataset/data/images/cell0032.png,1,mono,Test,a9bc16ae4379261aa67c2d74121ec378,13744597516749278906
cell0305.png,/content/elpv-dataset/src/elpv_dataset/data/images/cell0305.png,1,poly,Test,04e8c0e68b6a65c85aa56a4aa221cde3,15047796993311517848
cell2505.png,/content/elpv-dataset/src/elpv_dataset/data/images/cell2505.png,0,poly,Test,e9dc93651a2677a1412f4b9fe9475f86,9835941098148648156
cell0950.png,/content/elpv-dataset/src/elpv_dataset/data/images/cell0950.png,1,mono,Test,d86b9c78141a21d0733c24a3805f8f40,9693591956395824774
cell1356.png,/content/elpv-dataset/src/elpv_dataset/data/images/cell1356.png,0,mono,Test,24b227da73d7d3b1f8bc8e96761297d0,9260672438474409094
cell1503.png,/content/elpv-dataset/src/elpv_dataset/data/images/cell1503.png,0,mono,Test,93b7345c5ed90ea6e2d9b1c7215d0cfa,9550028748993235076
cell0737.png,/content/elpv-dataset/src/elpv_dataset/data/images/cell0737.png,0,poly,Test,45b8afaa62558892a46e8cb2c54c6dfb,17075647477042051304
cell1023.png,/content/elpv-dataset/src/elpv_dataset/data/images/cell1023.png,0,mono,Test,67d1acbaaae3f4e0da125c1e2184d4aa,9259542123273814144
cell2147.png,/content/elpv-dataset/src/elpv_dataset/data/images/cell2147.png,0,mono,Test,ddbaa000026e480aa24ca2d2434f6f3d,9693583194662014596
cell0875.png,/content/elpv-dataset/src/elpv_dataset/data/images/cell0875.png,1,poly,Test,51e6d15374d8d4266d5522a72ce6c073,14911115771123113100
cell0709.png,/content/elpv-dataset/src/elpv_dataset/data/images/cell0709.png,0,poly,Test,67d69c1d40e3eeb7a65234b5a4b35578,16620158952975558374
cell1185.png,/content/elpv-dataset/src/elpv_dataset/data/images/cell1185.png,0,mono,Test,07452bcbc96aa56c6923ce68ebc39fe2,11135878550434121882
cell1727.png,/content/elpv-dataset/src/elpv_dataset/data/images/cell1727.png,0,poly,Test,e9eedb338d588950d7fead069fc18569,12577017598940462750
cell0318.png,/content/elpv-dataset/src/elpv_dataset/data/images/cell0318.png,0,poly,Test,9b9f88130b2a2b5528679db023567867,15904702662605457126
cell2302.png,/content/elpv-dataset/src/elpv_dataset/data/images/cell2302.png,0,poly,Test,07588762b2153b61aec8da0768589e58,10851067732759072428
cell1363.png,/content/elpv-dataset/src/elpv_dataset/data/images/cell1363.png,0,mono,Test,ef2ac5571a75450c6979013ec4098d39,9405352784150300290
cell1192.png,/content/elpv-dataset/src/elpv_dataset/data/images/cell1192.png,0,mono,Test,473a7385fd3e0367b6497398adc81f4f,10576864840051755150
cell1779.png,/content/elpv-dataset/src/elpv_dataset/data/images/cell1779.png,0,poly,Test,720fd97150a7f9299158bd2a2b76d633,11429166416461897603
cell2224.png,/content/elpv-dataset/src/elpv_dataset/data/images/cell2224.png,0,poly,Test,405ebd82e441322c34e9944eaa3604a0,9260149105458415116
cell1310.png,/content/elpv-dataset/src/elpv_dataset/data/images/cell1310.png,0,mono,Test,eab084638ea04f4483a14312e24e9ad0,10707218635385870258
cell1641.png,/content/elpv-dataset/src/elpv_dataset/data/images/cell1641.png,0,poly,Test,5c707c418a4942de3251fb57a1b944bb,9407626077255797900
cell0650.png,/content/elpv-dataset/src/elpv_dataset/data/images/cell0650.png,0,poly,Test,8a04ee738f88ee50479973f8f087417b,10557705814301512788
cell0117.png,/content/elpv-dataset/src/elpv_dataset/data/images/cell0117.png,0,poly,Test,a0a66f38e3d35d86ecfd80aa0feb9827,12447666687899514546
cell0636.png,/content/elpv-dataset/src/elpv_dataset/data/images/cell0636.png,1,poly,Test,6c7fbb62c024a697a25fe02c3b298e0c,17218638981583658202
cell1424.png,/content/elpv-dataset/src/elpv_dataset/data/images/cell1424.png,1,mono,Test,9d20b8e839a154647524f9e1ca49a617,10848765295310311070
cell0284.png,/content/elpv-dataset/src/elpv_dataset/data/images/cell0284.png,1,poly,Test,88fef91dbca2a5af7839cef34f590f66,1799358022730043106
cell0115.png,/content/elpv-dataset/src/elpv_dataset/data/images/cell0115.png,1,poly,Test,4621309a3fcb0f40dbe9ec1e7d1140a4,16498021233616893606
cell2545.png,/content/elpv-dataset/src/elpv_dataset/data/images/cell2545.png,0,poly,Test,c2c65b097f601d5f149d027571f72f0e,11157288361213203688
cell2451.png,/content/elpv-dataset/src/elpv_dataset/data/images/cell2451.png,0,poly,Test,feca29116fa5add722189f2e2a2a188f,16335314767490235038
cell0358.png,/content/elpv-dataset/src/elpv_dataset/data/images/cell0358.png,0,poly,Test,4bddc6cd18eea8a4bc6fd3d439fef02f,15318083477220789659
cell0434.png,/content/elpv-dataset/src/elpv_dataset/data/images/cell0434.png,1,mono,Test,091a084fc39bd83b3f804d05f6f60cc6,7521206891273041566
cell0262.png,/content/elpv-dataset/src/elpv_dataset/data/images/cell0262.png,0,poly,Test,1918f99953d4c8c3ab1c256ff4d865f3,9260672507391429772
cell2007.png,/content/elpv-dataset/src/elpv_dataset/data/images/cell2007.png,0,poly,Test,5b23ecafe1a9bb8a994faba93003ed8c,17773118141157918404
cell1830.png,/content/elpv-dataset/src/elpv_dataset/data/images/cell1830.png,0,poly,Test,34bea54d4fab9889204f8461a8786410,13127549383476546716
cell0610.png,/content/elpv-dataset/src/elpv_dataset/data/images/cell0610.png,0,poly,Test,816d50a4a7c507791d44e9b094d43719,5877921656186750546
cell0920.png,/content/elpv-dataset/src/elpv_dataset/data/images/cell0920.png,0,mono,Test,a91d6f24aeb9deab515d1b81be94e1c5,14888494264276131468
cell1986.png,/content/elpv-dataset/src/elpv_dataset/data/images/cell1986.png,0,poly,Test,fc585348e0867a8ecbab583a59dfa5fd,11567645754298768009
cell0365.png,/content/elpv-dataset/src/elpv_dataset/data/images/cell0365.png,1,mono,Test,9a3c68ddb67ba8b4f17b220941d69720,9368193689178226236
cell1639.png,/content/elpv-dataset/src/elpv_dataset/data/images/cell1639.png,1,poly,Test,3172284dd6448addb9820d963cd14676,12008479766965550220
cell2019.png,/content/elpv-dataset/src/elpv_dataset/data/images/cell2019.png,0,poly,Test,64830f63c8e264eb0434866d3b50b8fb,13310664184548525732
cell1820.png,/content/elpv-dataset/src/elpv_dataset/data/images/cell1820.png,1,poly,Test,f82c6bca3c2a99c9a203600d666ae3fd,10997476115539068046
cell0603.png,/content/elpv-dataset/src/elpv_dataset/data/images/cell0603.png,1,poly,Test,94e7773000f3f90a87bb58eeeb024e62,7645565745250758896
cell0187.png,/content/elpv-dataset/src/elpv_dataset/data/images/cell0187.png,1,poly,Test,a208f4879c2aee57c82ebd474502df56,14604641542155535528
cell2404.png,/content/elpv-dataset/src/elpv_dataset/data/images/cell2404.png,0,mono,Test,41769f890b16d055bd941295ca07a987,10128180507096287904
cell1654.png,/content/elpv-dataset/src/elpv_dataset/data/images/cell1654.png,1,poly,Test,bb9fc312874faa13563637482b2c173a,14611487598948094424
cell1047.png,/content/elpv-dataset/src/elpv_dataset/data/images/cell1047.png,0,mono,Test,0f9297a0fb30d75c0252f1c610eb6734,13871228141701202050
cell0340.png,/content/elpv-dataset/src/elpv_dataset/data/images/cell0340.png,0,poly,Test,962187f07a188eccb907bc86d41ac2c8,16197352784171290864
cell0700.png,/content/elpv-dataset/src/elpv_dataset/data/images/cell0700.png,1,poly,Test,3c355779839d56ae11026f7934e82fb0,10489673301261274308
cell0426.png,/content/elpv-dataset/src/elpv_dataset/data/images/cell0426.png,1,mono,Test,be95ded9f60dfaa09d948e6660482b74,9259542123273781888
cell2385.png,/content/elpv-dataset/src/elpv_dataset/data/images/cell2385.png,0,poly,Test,8bddace7c1c9b4a23ab9a30088d35c87,10101337754625156492
cell2031.png,/content/elpv-dataset/src/elpv_dataset/data/images/cell2031.png,0,poly,Test,3ebfdb5014aeb267b257577c782acb1f,10272313511338214094
cell0581.png,/content/elpv-dataset/src/elpv_dataset/data/images/cell0581.png,0,poly,Test,24ac263b74de0db4eccf3cb84ca0e636,14317663174820418774
cell0556.png,/content/elpv-dataset/src/elpv_dataset/data/images/cell0556.png,0,poly,Test,7bcd8eaab01227d8fe42541fe7cd8026,13456346186125843164
cell1500.png,/content/elpv-dataset/src/elpv_dataset/data/images/cell1500.png,0,mono,Test,edcfd29302b82eb74a2c9b1824e2a9af,10126487285127088260
cell2335.png,/content/elpv-dataset/src/elpv_dataset/data/images/cell2335.png,1,poly,Test,a381f8fa3861e0a1e169819fa2bee105,144115188076511744
cell0496.png,/content/elpv-dataset/src/elpv_dataset/data/images/cell0496.png,1,mono,Test,e3ea24709c1b739c7627462a123e07af,9260393171212976834
cell2291.png,/content/elpv-dataset/src/elpv_dataset/data/images/cell2291.png,0,poly,Test,292dfe455d4b6019699c6f42884c4afc,12796343607546850966
cell0579.png,/content/elpv-dataset/src/elpv_dataset/data/images/cell0579.png,1,poly,Test,aa76430383fa2ff9a8635c015ffda51a,11592512704511779026
cell0608.png,/content/elpv-dataset/src/elpv_dataset/data/images/cell0608.png,1,poly,Test,0cae062a9623cc795d1862a3fa1de0d9,10489643000720135991
cell0559.png,/content/elpv-dataset/src/elpv_dataset/data/images/cell0559.png,0,poly,Test,38555dd9ffb89e54faf13273b7296132,11998379848175893174
cell2341.png,/content/elpv-dataset/src/elpv_dataset/data/images/cell2341.png,0,poly,Test,01f6bc3fddbe12ee187b688840e8cba6,10566188161189908130
cell1108.png,/content/elpv-dataset/src/elpv_dataset/data/images/cell1108.png,1,mono,Test,5627c8dd3c0eea2fe5a4a728914eb566,9693689075407945862
cell1778.png,/content/elpv-dataset/src/elpv_dataset/data/images/cell1778.png,0,poly,Test,a150e7bd0c7b45e4a6debccb1995ab21,9984135704978298516
cell0338.png,/content/elpv-dataset/src/elpv_dataset/data/images/cell0338.png,0,poly,Test,e3c1ac22d686243d6545ab2f31e2b9c7,16635081557328451836
cell0767.png,/content/elpv-dataset/src/elpv_dataset/data/images/cell0767.png,0,poly,Test,9ec5a967d927dd04fa8e23dabc93779f,3788884829847480744
cell0868.png,/content/elpv-dataset/src/elpv_dataset/data/images/cell0868.png,1,poly,Test,576ce60c14721ec7c7c3ec770d21faaa,9268602245655606932
cell0465.png,/content/elpv-dataset/src/elpv_dataset/data/images/cell0465.png,0,mono,Test,04301dd38124db479d17b5d44122aec4,13121112782296457118
cell1138.png,/content/elpv-dataset/src/elpv_dataset/data/images/cell1138.png,0,mono,Test,0214f14dc81afb3f93f4464a7b325bfe,10270052708967681678
cell1877.png,/content/elpv-dataset/src/elpv_dataset/data/images/cell1877.png,0,poly,Test,6e3b50d94ae1b7a5919f2b754f0c055e,10290367389248558694
cell0536.png,/content/elpv-dataset/src/elpv_dataset/data/images/cell0536.png,1,mono,Test,dc19914adb608aa6cc908b8f65cb546b,9548335449379047052
cell0580.png,/content/elpv-dataset/src/elpv_dataset/data/images/cell0580.png,0,poly,Test,19731c2fe091d910a0ea949eaf2f7982,11736627892386832594
cell1544.png,/content/elpv-dataset/src/elpv_dataset/data/images/cell1544.png,0,mono,Test,c8d9086c88e611cb9aa4f1ad66162ab6,9550028749026658432
cell1761.png,/content/elpv-dataset/src/elpv_dataset/data/images/cell1761.png,1,poly,Test,daf11d294ed2bdeb99b404a6945c4c01,9837423530961964931
cell0454.png,/content/elpv-dataset/src/elpv_dataset/data/images/cell0454.png,1,mono,Test,828cec71c3318623b73e37238e57ddd8,16322120641600136593
cell2285.png,/content/elpv-dataset/src/elpv_dataset/data/images/cell2285.png,0,poly,Test,539c23bc91838b26696b076a700529c3,146230230162224782
cell0664.png,/content/elpv-dataset/src/elpv_dataset/data/images/cell0664.png,0,poly,Test,28370d9773629fc9a252611516165838,5393881865785356979
cell1277.png,/content/elpv-dataset/src/elpv_dataset/data/images/cell1277.png,0,mono,Test,05bb60ef4f3efa3cffaf615bdb38ec73,9405350568082181762
cell1653.png,/content/elpv-dataset/src/elpv_dataset/data/images/cell1653.png,1,poly,Test,9d755585c3caa0ba99aca6c7fef138b3,992699187813421208
cell0181.png,/content/elpv-dataset/src/elpv_dataset/data/images/cell0181.png,1,poly,Test,3d1eed1416413d3fafa2267a3f311eaa,18076495295807533273
cell1587.png,/content/elpv-dataset/src/elpv_dataset/data/images/cell1587.png,0,mono,Test,ec019310591dce15f04eb6953690d549,10272322135192932062
cell2499.png,/content/elpv-dataset/src/elpv_dataset/data/images/cell2499.png,0,poly,Test,ccece08252c90d8039372044398d7ac5,11714586773563935362
cell1742.png,/content/elpv-dataset/src/elpv_dataset/data/images/cell1742.png,0,poly,Test,c1e11fd17947d945fdf720eb0294ca41,11429166413785894275
cell1286.png,/content/elpv-dataset/src/elpv_dataset/data/images/cell1286.png,0,mono,Test,3498fc254198f41d359ae416894046fe,10270334183675430534
cell2526.png,/content/elpv-dataset/src/elpv_dataset/data/images/cell2526.png,1,poly,Test,6e92b43b9aeb5edb612493d36cdb9060,10436158191003144336
cell0577.png,/content/elpv-dataset/src/elpv_dataset/data/images/cell0577.png,1,poly,Test,946715f145ad4757ed662b4232d8316b,11593084452107494098
cell0766.png,/content/elpv-dataset/src/elpv_dataset/data/images/cell0766.png,0,poly,Test,8fed755fc7db3451d94c97056657f103,6381786054326759473
cell0308.png,/content/elpv-dataset/src/elpv_dataset/data/images/cell0308.png,0,poly,Test,41757e0308447cba8a0fb63fb28545d9,11139309417572322008
cell1793.png,/content/elpv-dataset/src/elpv_dataset/data/images/cell1793.png,0,poly,Test,f739f3c534335adc635ada18c00884c4,10055001730465716436
cell0315.png,/content/elpv-dataset/src/elpv_dataset/data/images/cell0315.png,0,poly,Test,846c58aaf9a0bbddf47bdb7cc8a992e9,14760707150561044146
cell0942.png,/content/elpv-dataset/src/elpv_dataset/data/images/cell0942.png,0,mono,Test,408cd7565c4e4678f5f16174160b62f7,9403657311383749290
cell0927.png,/content/elpv-dataset/src/elpv_dataset/data/images/cell0927.png,0,mono,Test,21b8e5d58f39cb18a4f965735a22bb15,9404231282357600906
cell1758.png,/content/elpv-dataset/src/elpv_dataset/data/images/cell1758.png,0,poly,Test,6d37d3c8e349a0d8ea546093e56086cf,9554031039975706272
cell1967.png,/content/elpv-dataset/src/elpv_dataset/data/images/cell1967.png,0,poly,Test,070f40ed09ea31173dd17ca5a49b64ca,10125796809984353958
cell0147.png,/content/elpv-dataset/src/elpv_dataset/data/images/cell0147.png,1,poly,Test,13548bcde062f5d2c2be103f66c4cb9a,2785112124527877232
cell1458.png,/content/elpv-dataset/src/elpv_dataset/data/images/cell1458.png,0,mono,Test,7ed45c29aac82da5be33c6e29885d2d1,9695843824928984726
cell0717.png,/content/elpv-dataset/src/elpv_dataset/data/images/cell0717.png,0,poly,Test,970eff5d53033a3c9787117b6b91f5e1,17642529147039837416
cell0246.png,/content/elpv-dataset/src/elpv_dataset/data/images/cell0246.png,1,poly,Test,dd1576d83a93894c97e9c1442249ee3a,10536337932776809088
cell0193.png,/content/elpv-dataset/src/elpv_dataset/data/images/cell0193.png,1,poly,Test,1e13cf029de14a875c2c51df01bf730b,11423009432306368170
cell1895.png,/content/elpv-dataset/src/elpv_dataset/data/images/cell1895.png,1,poly,Test,781bd50173474b8ed0baa68325819788,11533789583542060036
cell1570.png,/content/elpv-dataset/src/elpv_dataset/data/images/cell1570.png,0,mono,Test,3bc2e48739fe0413c14ad9fa7a1ebc7f,10281329610400370334
cell0048.png,/content/elpv-dataset/src/elpv_dataset/data/images/cell0048.png,1,mono,Test,d3350d2f52c139779b02db640e11a79a,9260105081812892568
cell0061.png,/content/elpv-dataset/src/elpv_dataset/data/images/cell0061.png,0,poly,Test,d2cc99bea07ba11aad0827cd75004803,13600023042322106042
cell1917.png,/content/elpv-dataset/src/elpv_dataset/data/images/cell1917.png,0,poly,Test,e2adfcb9ae98c3140192755d2928dd87,11155044876654648966
cell1530.png,/content/elpv-dataset/src/elpv_dataset/data/images/cell1530.png,0,mono,Test,f733bf1c487876b421e8d29cb13c199c,18369882640063852190
cell1435.png,/content/elpv-dataset/src/elpv_dataset/data/images/cell1435.png,0,mono,Test,8dcc5710555f14a59497fda2bb418d21,12591675944097193626
cell0923.png,/content/elpv-dataset/src/elpv_dataset/data/images/cell0923.png,0,mono,Test,535b4561e7e73f08ff7533749d6932e7,9405361580244110982
cell2578.png,/content/elpv-dataset/src/elpv_dataset/data/images/cell2578.png,0,poly,Test,682ebd6f51c94f2a1988048e5100b7c3,14323398236491394734
cell2493.png,/content/elpv-dataset/src/elpv_dataset/data/images/cell2493.png,0,poly,Test,c3bf6347380c7dc40efec3a4019c5676,14613783371532351897
cell1655.png,/content/elpv-dataset/src/elpv_dataset/data/images/cell1655.png,1,poly,Test,1f844917e605339f2b884100c43507b8,10584271349300294278
cell2327.png,/content/elpv-dataset/src/elpv_dataset/data/images/cell2327.png,1,poly,Test,080ace18a9b9e8a889a6ebb1fea4109c,9711568289164932927
cell0858.png,/content/elpv-dataset/src/elpv_dataset/data/images/cell0858.png,1,poly,Test,e5699f3c5f88bd6f828d0c8c8e3a30d1,10272317788753461891
cell1396.png,/content/elpv-dataset/src/elpv_dataset/data/images/cell1396.png,1,mono,Test,8e2dddc6b04825e0a67d39582a5cdd1a,9404235663156874902
cell1421.png,/content/elpv-dataset/src/elpv_dataset/data/images/cell1421.png,1,mono,Test,0aaab084c79fb2949338123edf981572,10709140461182421648
cell0416.png,/content/elpv-dataset/src/elpv_dataset/data/images/cell0416.png,1,mono,Test,b8727c31895155c465853ad59e090e29,9837778029688297094
cell1632.png,/content/elpv-dataset/src/elpv_dataset/data/images/cell1632.png,1,poly,Test,27033b255cdf4633b072283d68fbe149,4950703260124584088
cell0982.png,/content/elpv-dataset/src/elpv_dataset/data/images/cell0982.png,0,mono,Test,e60242ebf02d0f14e252cb430458410d,9405352784150299264
cell0806.png,/content/elpv-dataset/src/elpv_dataset/data/images/cell0806.png,1,poly,Test,9683050cc789e82c1a8fcb3b418fdfe6,14881177968243675264
cell0258.png,/content/elpv-dataset/src/elpv_dataset/data/images/cell0258.png,1,poly,Test,1d6e38837975f1dade3834860c749b4b,10578012807399661306
cell1211.png,/content/elpv-dataset/src/elpv_dataset/data/images/cell1211.png,0,mono,Test,a538fd3d169e0d60693ee97257e71c35,11425234843707805342
cell1113.png,/content/elpv-dataset/src/elpv_dataset/data/images/cell1113.png,0,mono,Test,5a6f648d4fa753ae9b7db4855a9b9498,10276808280341651102
cell1200.png,/content/elpv-dataset/src/elpv_dataset/data/images/cell1200.png,0,mono,Test,d14c6f2a2d2abb1dec80b8f21e5f5f5d,10866797287080627870
cell1723.png,/content/elpv-dataset/src/elpv_dataset/data/images/cell1723.png,0,poly,Test,7aab3b8ab780303fd3d9ac65c2fa7c9f,12151312847746467977
cell0373.png,/content/elpv-dataset/src/elpv_dataset/data/images/cell0373.png,1,mono,Test,c65674b853a15ae5e9a42fd555d21867,11425507522421884556
cell2328.png,/content/elpv-dataset/src/elpv_dataset/data/images/cell2328.png,1,poly,Test,3e9229fe191e8ca442342bee42c43dc3,9529616811517018112
cell0009.png,/content/elpv-dataset/src/elpv_dataset/data/images/cell0009.png,0,mono,Test,77a5a943e04207b1b77973b712391774,9693583160302011014
