image,defect_probability,cell_type,filename,filepath,label,class_name
images/cell0001.png,1.0,mono,cell0001.png,/content/elpv-dataset/src/elpv_dataset/data/images/cell0001.png,1,Defective
images/cell0002.png,1.0,mono,cell0002.png,/content/elpv-dataset/src/elpv_dataset/data/images/cell0002.png,1,Defective
images/cell0003.png,1.0,mono,cell0003.png,/content/elpv-dataset/src/elpv_dataset/data/images/cell0003.png,1,Defective
images/cell0004.png,0.0,mono,cell0004.png,/content/elpv-dataset/src/elpv_dataset/data/images/cell0004.png,0,Functional
images/cell0005.png,1.0,mono,cell0005.png,/content/elpv-dataset/src/elpv_dataset/data/images/cell0005.png,1,Defective
images/cell0006.png,1.0,mono,cell0006.png,/content/elpv-dataset/src/elpv_dataset/data/images/cell0006.png,1,Defective
images/cell0007.png,1.0,mono,cell0007.png,/content/elpv-dataset/src/elpv_dataset/data/images/cell0007.png,1,Defective
images/cell0008.png,1.0,mono,cell0008.png,/content/elpv-dataset/src/elpv_dataset/data/images/cell0008.png,1,Defective
images/cell0009.png,0.0,mono,cell0009.png,/content/elpv-dataset/src/elpv_dataset/data/images/cell0009.png,0,Functional
images/cell0010.png,1.0,mono,cell0010.png,/content/elpv-dataset/src/elpv_dataset/data/images/cell0010.png,1,Defective
images/cell0011.png,0.0,mono,cell0011.png,/content/elpv-dataset/src/elpv_dataset/data/images/cell0011.png,0,Functional
images/cell0012.png,1.0,mono,cell0012.png,/content/elpv-dataset/src/elpv_dataset/data/images/cell0012.png,1,Defective
images/cell0013.png,1.0,mono,cell0013.png,/content/elpv-dataset/src/elpv_dataset/data/images/cell0013.png,1,Defective
images/cell0014.png,1.0,mono,cell0014.png,/content/elpv-dataset/src/elpv_dataset/data/images/cell0014.png,1,Defective
images/cell0015.png,1.0,mono,cell0015.png,/content/elpv-dataset/src/elpv_dataset/data/images/cell0015.png,1,Defective
images/cell0016.png,1.0,mono,cell0016.png,/content/elpv-dataset/src/elpv_dataset/data/images/cell0016.png,1,Defective
images/cell0017.png,1.0,mono,cell0017.png,/content/elpv-dataset/src/elpv_dataset/data/images/cell0017.png,1,Defective
images/cell0018.png,1.0,mono,cell0018.png,/content/elpv-dataset/src/elpv_dataset/data/images/cell0018.png,1,Defective
images/cell0019.png,1.0,mono,cell0019.png,/content/elpv-dataset/src/elpv_dataset/data/images/cell0019.png,1,Defective
images/cell0020.png,1.0,mono,cell0020.png,/content/elpv-dataset/src/elpv_dataset/data/images/cell0020.png,1,Defective
images/cell0021.png,1.0,mono,cell0021.png,/content/elpv-dataset/src/elpv_dataset/data/images/cell0021.png,1,Defective
images/cell0022.png,1.0,mono,cell0022.png,/content/elpv-dataset/src/elpv_dataset/data/images/cell0022.png,1,Defective
images/cell0023.png,1.0,mono,cell0023.png,/content/elpv-dataset/src/elpv_dataset/data/images/cell0023.png,1,Defective
images/cell0024.png,1.0,mono,cell0024.png,/content/elpv-dataset/src/elpv_dataset/data/images/cell0024.png,1,Defective
images/cell0025.png,1.0,mono,cell0025.png,/content/elpv-dataset/src/elpv_dataset/data/images/cell0025.png,1,Defective
images/cell0026.png,1.0,mono,cell0026.png,/content/elpv-dataset/src/elpv_dataset/data/images/cell0026.png,1,Defective
images/cell0027.png,1.0,mono,cell0027.png,/content/elpv-dataset/src/elpv_dataset/data/images/cell0027.png,1,Defective
images/cell0028.png,1.0,mono,cell0028.png,/content/elpv-dataset/src/elpv_dataset/data/images/cell0028.png,1,Defective
images/cell0029.png,1.0,mono,cell0029.png,/content/elpv-dataset/src/elpv_dataset/data/images/cell0029.png,1,Defective
images/cell0030.png,1.0,mono,cell0030.png,/content/elpv-dataset/src/elpv_dataset/data/images/cell0030.png,1,Defective
images/cell0031.png,1.0,mono,cell0031.png,/content/elpv-dataset/src/elpv_dataset/data/images/cell0031.png,1,Defective
images/cell0032.png,1.0,mono,cell0032.png,/content/elpv-dataset/src/elpv_dataset/data/images/cell0032.png,1,Defective
images/cell0033.png,1.0,mono,cell0033.png,/content/elpv-dataset/src/elpv_dataset/data/images/cell0033.png,1,Defective
images/cell0034.png,1.0,mono,cell0034.png,/content/elpv-dataset/src/elpv_dataset/data/images/cell0034.png,1,Defective
images/cell0035.png,1.0,mono,cell0035.png,/content/elpv-dataset/src/elpv_dataset/data/images/cell0035.png,1,Defective
images/cell0036.png,1.0,mono,cell0036.png,/content/elpv-dataset/src/elpv_dataset/data/images/cell0036.png,1,Defective
images/cell0037.png,1.0,mono,cell0037.png,/content/elpv-dataset/src/elpv_dataset/data/images/cell0037.png,1,Defective
images/cell0038.png,1.0,mono,cell0038.png,/content/elpv-dataset/src/elpv_dataset/data/images/cell0038.png,1,Defective
images/cell0039.png,1.0,mono,cell0039.png,/content/elpv-dataset/src/elpv_dataset/data/images/cell0039.png,1,Defective
images/cell0040.png,1.0,mono,cell0040.png,/content/elpv-dataset/src/elpv_dataset/data/images/cell0040.png,1,Defective
images/cell0041.png,1.0,mono,cell0041.png,/content/elpv-dataset/src/elpv_dataset/data/images/cell0041.png,1,Defective
images/cell0042.png,1.0,mono,cell0042.png,/content/elpv-dataset/src/elpv_dataset/data/images/cell0042.png,1,Defective
images/cell0043.png,1.0,mono,cell0043.png,/content/elpv-dataset/src/elpv_dataset/data/images/cell0043.png,1,Defective
images/cell0044.png,1.0,mono,cell0044.png,/content/elpv-dataset/src/elpv_dataset/data/images/cell0044.png,1,Defective
images/cell0045.png,1.0,mono,cell0045.png,/content/elpv-dataset/src/elpv_dataset/data/images/cell0045.png,1,Defective
images/cell0046.png,1.0,mono,cell0046.png,/content/elpv-dataset/src/elpv_dataset/data/images/cell0046.png,1,Defective
images/cell0047.png,1.0,mono,cell0047.png,/content/elpv-dataset/src/elpv_dataset/data/images/cell0047.png,1,Defective
images/cell0048.png,1.0,mono,cell0048.png,/content/elpv-dataset/src/elpv_dataset/data/images/cell0048.png,1,Defective
images/cell0049.png,1.0,mono,cell0049.png,/content/elpv-dataset/src/elpv_dataset/data/images/cell0049.png,1,Defective
images/cell0050.png,1.0,mono,cell0050.png,/content/elpv-dataset/src/elpv_dataset/data/images/cell0050.png,1,Defective
images/cell0051.png,1.0,mono,cell0051.png,/content/elpv-dataset/src/elpv_dataset/data/images/cell0051.png,1,Defective
images/cell0052.png,1.0,mono,cell0052.png,/content/elpv-dataset/src/elpv_dataset/data/images/cell0052.png,1,Defective
images/cell0053.png,1.0,mono,cell0053.png,/content/elpv-dataset/src/elpv_dataset/data/images/cell0053.png,1,Defective
images/cell0054.png,1.0,mono,cell0054.png,/content/elpv-dataset/src/elpv_dataset/data/images/cell0054.png,1,Defective
images/cell0055.png,1.0,mono,cell0055.png,/content/elpv-dataset/src/elpv_dataset/data/images/cell0055.png,1,Defective
images/cell0056.png,1.0,mono,cell0056.png,/content/elpv-dataset/src/elpv_dataset/data/images/cell0056.png,1,Defective
images/cell0057.png,1.0,mono,cell0057.png,/content/elpv-dataset/src/elpv_dataset/data/images/cell0057.png,1,Defective
images/cell0059.png,1.0,mono,cell0059.png,/content/elpv-dataset/src/elpv_dataset/data/images/cell0059.png,1,Defective
images/cell0060.png,0.0,mono,cell0060.png,/content/elpv-dataset/src/elpv_dataset/data/images/cell0060.png,0,Functional
images/cell0061.png,0.0,poly,cell0061.png,/content/elpv-dataset/src/elpv_dataset/data/images/cell0061.png,0,Functional
images/cell0062.png,0.0,poly,cell0062.png,/content/elpv-dataset/src/elpv_dataset/data/images/cell0062.png,0,Functional
images/cell0063.png,0.0,poly,cell0063.png,/content/elpv-dataset/src/elpv_dataset/data/images/cell0063.png,0,Functional
images/cell0064.png,0.0,poly,cell0064.png,/content/elpv-dataset/src/elpv_dataset/data/images/cell0064.png,0,Functional
images/cell0065.png,0.0,poly,cell0065.png,/content/elpv-dataset/src/elpv_dataset/data/images/cell0065.png,0,Functional
images/cell0066.png,0.0,poly,cell0066.png,/content/elpv-dataset/src/elpv_dataset/data/images/cell0066.png,0,Functional
images/cell0067.png,0.0,poly,cell0067.png,/content/elpv-dataset/src/elpv_dataset/data/images/cell0067.png,0,Functional
images/cell0068.png,1.0,poly,cell0068.png,/content/elpv-dataset/src/elpv_dataset/data/images/cell0068.png,1,Defective
images/cell0069.png,0.0,poly,cell0069.png,/content/elpv-dataset/src/elpv_dataset/data/images/cell0069.png,0,Functional
images/cell0071.png,0.0,poly,cell0071.png,/content/elpv-dataset/src/elpv_dataset/data/images/cell0071.png,0,Functional
images/cell0072.png,0.0,poly,cell0072.png,/content/elpv-dataset/src/elpv_dataset/data/images/cell0072.png,0,Functional
images/cell0074.png,0.0,poly,cell0074.png,/content/elpv-dataset/src/elpv_dataset/data/images/cell0074.png,0,Functional
images/cell0075.png,0.0,poly,cell0075.png,/content/elpv-dataset/src/elpv_dataset/data/images/cell0075.png,0,Functional
images/cell0076.png,1.0,poly,cell0076.png,/content/elpv-dataset/src/elpv_dataset/data/images/cell0076.png,1,Defective
images/cell0077.png,1.0,poly,cell0077.png,/content/elpv-dataset/src/elpv_dataset/data/images/cell0077.png,1,Defective
images/cell0078.png,1.0,poly,cell0078.png,/content/elpv-dataset/src/elpv_dataset/data/images/cell0078.png,1,Defective
images/cell0079.png,0.0,poly,cell0079.png,/content/elpv-dataset/src/elpv_dataset/data/images/cell0079.png,0,Functional
images/cell0080.png,0.0,poly,cell0080.png,/content/elpv-dataset/src/elpv_dataset/data/images/cell0080.png,0,Functional
images/cell0081.png,0.0,poly,cell0081.png,/content/elpv-dataset/src/elpv_dataset/data/images/cell0081.png,0,Functional
images/cell0082.png,0.0,poly,cell0082.png,/content/elpv-dataset/src/elpv_dataset/data/images/cell0082.png,0,Functional
images/cell0083.png,1.0,poly,cell0083.png,/content/elpv-dataset/src/elpv_dataset/data/images/cell0083.png,1,Defective
images/cell0084.png,0.0,poly,cell0084.png,/content/elpv-dataset/src/elpv_dataset/data/images/cell0084.png,0,Functional
images/cell0085.png,0.0,poly,cell0085.png,/content/elpv-dataset/src/elpv_dataset/data/images/cell0085.png,0,Functional
images/cell0086.png,0.0,poly,cell0086.png,/content/elpv-dataset/src/elpv_dataset/data/images/cell0086.png,0,Functional
images/cell0088.png,0.0,poly,cell0088.png,/content/elpv-dataset/src/elpv_dataset/data/images/cell0088.png,0,Functional
images/cell0089.png,1.0,poly,cell0089.png,/content/elpv-dataset/src/elpv_dataset/data/images/cell0089.png,1,Defective
images/cell0090.png,0.0,poly,cell0090.png,/content/elpv-dataset/src/elpv_dataset/data/images/cell0090.png,0,Functional
images/cell0091.png,1.0,poly,cell0091.png,/content/elpv-dataset/src/elpv_dataset/data/images/cell0091.png,1,Defective
images/cell0092.png,0.0,poly,cell0092.png,/content/elpv-dataset/src/elpv_dataset/data/images/cell0092.png,0,Functional
images/cell0094.png,0.0,poly,cell0094.png,/content/elpv-dataset/src/elpv_dataset/data/images/cell0094.png,0,Functional
images/cell0095.png,0.0,poly,cell0095.png,/content/elpv-dataset/src/elpv_dataset/data/images/cell0095.png,0,Functional
images/cell0096.png,0.0,poly,cell0096.png,/content/elpv-dataset/src/elpv_dataset/data/images/cell0096.png,0,Functional
images/cell0097.png,0.0,poly,cell0097.png,/content/elpv-dataset/src/elpv_dataset/data/images/cell0097.png,0,Functional
images/cell0099.png,0.0,poly,cell0099.png,/content/elpv-dataset/src/elpv_dataset/data/images/cell0099.png,0,Functional
images/cell0100.png,0.0,poly,cell0100.png,/content/elpv-dataset/src/elpv_dataset/data/images/cell0100.png,0,Functional
images/cell0101.png,0.0,poly,cell0101.png,/content/elpv-dataset/src/elpv_dataset/data/images/cell0101.png,0,Functional
images/cell0102.png,0.0,poly,cell0102.png,/content/elpv-dataset/src/elpv_dataset/data/images/cell0102.png,0,Functional
images/cell0103.png,0.0,poly,cell0103.png,/content/elpv-dataset/src/elpv_dataset/data/images/cell0103.png,0,Functional
images/cell0104.png,0.0,poly,cell0104.png,/content/elpv-dataset/src/elpv_dataset/data/images/cell0104.png,0,Functional
images/cell0105.png,0.0,poly,cell0105.png,/content/elpv-dataset/src/elpv_dataset/data/images/cell0105.png,0,Functional
images/cell0106.png,0.0,poly,cell0106.png,/content/elpv-dataset/src/elpv_dataset/data/images/cell0106.png,0,Functional
images/cell0107.png,0.0,poly,cell0107.png,/content/elpv-dataset/src/elpv_dataset/data/images/cell0107.png,0,Functional
images/cell0108.png,0.0,poly,cell0108.png,/content/elpv-dataset/src/elpv_dataset/data/images/cell0108.png,0,Functional
images/cell0109.png,0.0,poly,cell0109.png,/content/elpv-dataset/src/elpv_dataset/data/images/cell0109.png,0,Functional
images/cell0110.png,0.0,poly,cell0110.png,/content/elpv-dataset/src/elpv_dataset/data/images/cell0110.png,0,Functional
images/cell0111.png,0.0,poly,cell0111.png,/content/elpv-dataset/src/elpv_dataset/data/images/cell0111.png,0,Functional
images/cell0112.png,1.0,poly,cell0112.png,/content/elpv-dataset/src/elpv_dataset/data/images/cell0112.png,1,Defective
images/cell0113.png,0.0,poly,cell0113.png,/content/elpv-dataset/src/elpv_dataset/data/images/cell0113.png,0,Functional
images/cell0114.png,0.0,poly,cell0114.png,/content/elpv-dataset/src/elpv_dataset/data/images/cell0114.png,0,Functional
images/cell0115.png,1.0,poly,cell0115.png,/content/elpv-dataset/src/elpv_dataset/data/images/cell0115.png,1,Defective
images/cell0116.png,0.0,poly,cell0116.png,/content/elpv-dataset/src/elpv_dataset/data/images/cell0116.png,0,Functional
images/cell0117.png,0.0,poly,cell0117.png,/content/elpv-dataset/src/elpv_dataset/data/images/cell0117.png,0,Functional
images/cell0118.png,0.0,poly,cell0118.png,/content/elpv-dataset/src/elpv_dataset/data/images/cell0118.png,0,Functional
images/cell0119.png,0.0,poly,cell0119.png,/content/elpv-dataset/src/elpv_dataset/data/images/cell0119.png,0,Functional
images/cell0120.png,0.0,poly,cell0120.png,/content/elpv-dataset/src/elpv_dataset/data/images/cell0120.png,0,Functional
images/cell0121.png,0.0,poly,cell0121.png,/content/elpv-dataset/src/elpv_dataset/data/images/cell0121.png,0,Functional
images/cell0122.png,0.0,poly,cell0122.png,/content/elpv-dataset/src/elpv_dataset/data/images/cell0122.png,0,Functional
images/cell0123.png,0.0,poly,cell0123.png,/content/elpv-dataset/src/elpv_dataset/data/images/cell0123.png,0,Functional
images/cell0124.png,1.0,poly,cell0124.png,/content/elpv-dataset/src/elpv_dataset/data/images/cell0124.png,1,Defective
images/cell0125.png,1.0,poly,cell0125.png,/content/elpv-dataset/src/elpv_dataset/data/images/cell0125.png,1,Defective
images/cell0126.png,0.0,poly,cell0126.png,/content/elpv-dataset/src/elpv_dataset/data/images/cell0126.png,0,Functional
images/cell0128.png,0.0,poly,cell0128.png,/content/elpv-dataset/src/elpv_dataset/data/images/cell0128.png,0,Functional
images/cell0129.png,0.0,poly,cell0129.png,/content/elpv-dataset/src/elpv_dataset/data/images/cell0129.png,0,Functional
images/cell0130.png,0.0,poly,cell0130.png,/content/elpv-dataset/src/elpv_dataset/data/images/cell0130.png,0,Functional
images/cell0131.png,0.0,poly,cell0131.png,/content/elpv-dataset/src/elpv_dataset/data/images/cell0131.png,0,Functional
images/cell0132.png,0.0,poly,cell0132.png,/content/elpv-dataset/src/elpv_dataset/data/images/cell0132.png,0,Functional
images/cell0133.png,0.0,poly,cell0133.png,/content/elpv-dataset/src/elpv_dataset/data/images/cell0133.png,0,Functional
images/cell0135.png,0.0,poly,cell0135.png,/content/elpv-dataset/src/elpv_dataset/data/images/cell0135.png,0,Functional
images/cell0136.png,0.0,poly,cell0136.png,/content/elpv-dataset/src/elpv_dataset/data/images/cell0136.png,0,Functional
images/cell0137.png,0.0,poly,cell0137.png,/content/elpv-dataset/src/elpv_dataset/data/images/cell0137.png,0,Functional
images/cell0138.png,0.0,poly,cell0138.png,/content/elpv-dataset/src/elpv_dataset/data/images/cell0138.png,0,Functional
images/cell0139.png,0.0,poly,cell0139.png,/content/elpv-dataset/src/elpv_dataset/data/images/cell0139.png,0,Functional
images/cell0140.png,0.0,poly,cell0140.png,/content/elpv-dataset/src/elpv_dataset/data/images/cell0140.png,0,Functional
images/cell0141.png,1.0,poly,cell0141.png,/content/elpv-dataset/src/elpv_dataset/data/images/cell0141.png,1,Defective
images/cell0142.png,0.0,poly,cell0142.png,/content/elpv-dataset/src/elpv_dataset/data/images/cell0142.png,0,Functional
images/cell0144.png,0.0,poly,cell0144.png,/content/elpv-dataset/src/elpv_dataset/data/images/cell0144.png,0,Functional
images/cell0145.png,0.0,poly,cell0145.png,/content/elpv-dataset/src/elpv_dataset/data/images/cell0145.png,0,Functional
images/cell0146.png,1.0,poly,cell0146.png,/content/elpv-dataset/src/elpv_dataset/data/images/cell0146.png,1,Defective
images/cell0147.png,1.0,poly,cell0147.png,/content/elpv-dataset/src/elpv_dataset/data/images/cell0147.png,1,Defective
images/cell0151.png,0.0,poly,cell0151.png,/content/elpv-dataset/src/elpv_dataset/data/images/cell0151.png,0,Functional
images/cell0152.png,0.0,poly,cell0152.png,/content/elpv-dataset/src/elpv_dataset/data/images/cell0152.png,0,Functional
images/cell0153.png,0.0,poly,cell0153.png,/content/elpv-dataset/src/elpv_dataset/data/images/cell0153.png,0,Functional
images/cell0154.png,0.0,poly,cell0154.png,/content/elpv-dataset/src/elpv_dataset/data/images/cell0154.png,0,Functional
images/cell0155.png,1.0,poly,cell0155.png,/content/elpv-dataset/src/elpv_dataset/data/images/cell0155.png,1,Defective
images/cell0156.png,0.0,poly,cell0156.png,/content/elpv-dataset/src/elpv_dataset/data/images/cell0156.png,0,Functional
images/cell0157.png,0.0,poly,cell0157.png,/content/elpv-dataset/src/elpv_dataset/data/images/cell0157.png,0,Functional
images/cell0159.png,0.0,poly,cell0159.png,/content/elpv-dataset/src/elpv_dataset/data/images/cell0159.png,0,Functional
images/cell0160.png,1.0,poly,cell0160.png,/content/elpv-dataset/src/elpv_dataset/data/images/cell0160.png,1,Defective
images/cell0163.png,0.0,poly,cell0163.png,/content/elpv-dataset/src/elpv_dataset/data/images/cell0163.png,0,Functional
images/cell0164.png,1.0,poly,cell0164.png,/content/elpv-dataset/src/elpv_dataset/data/images/cell0164.png,1,Defective
images/cell0165.png,1.0,poly,cell0165.png,/content/elpv-dataset/src/elpv_dataset/data/images/cell0165.png,1,Defective
images/cell0166.png,0.0,poly,cell0166.png,/content/elpv-dataset/src/elpv_dataset/data/images/cell0166.png,0,Functional
images/cell0167.png,1.0,poly,cell0167.png,/content/elpv-dataset/src/elpv_dataset/data/images/cell0167.png,1,Defective
images/cell0168.png,0.0,poly,cell0168.png,/content/elpv-dataset/src/elpv_dataset/data/images/cell0168.png,0,Functional
images/cell0170.png,0.0,poly,cell0170.png,/content/elpv-dataset/src/elpv_dataset/data/images/cell0170.png,0,Functional
images/cell0171.png,1.0,poly,cell0171.png,/content/elpv-dataset/src/elpv_dataset/data/images/cell0171.png,1,Defective
images/cell0172.png,0.0,poly,cell0172.png,/content/elpv-dataset/src/elpv_dataset/data/images/cell0172.png,0,Functional
images/cell0173.png,0.0,poly,cell0173.png,/content/elpv-dataset/src/elpv_dataset/data/images/cell0173.png,0,Functional
images/cell0174.png,0.0,poly,cell0174.png,/content/elpv-dataset/src/elpv_dataset/data/images/cell0174.png,0,Functional
images/cell0175.png,0.0,poly,cell0175.png,/content/elpv-dataset/src/elpv_dataset/data/images/cell0175.png,0,Functional
images/cell0177.png,1.0,poly,cell0177.png,/content/elpv-dataset/src/elpv_dataset/data/images/cell0177.png,1,Defective
images/cell0179.png,0.0,poly,cell0179.png,/content/elpv-dataset/src/elpv_dataset/data/images/cell0179.png,0,Functional
images/cell0181.png,1.0,poly,cell0181.png,/content/elpv-dataset/src/elpv_dataset/data/images/cell0181.png,1,Defective
images/cell0182.png,1.0,poly,cell0182.png,/content/elpv-dataset/src/elpv_dataset/data/images/cell0182.png,1,Defective
images/cell0187.png,1.0,poly,cell0187.png,/content/elpv-dataset/src/elpv_dataset/data/images/cell0187.png,1,Defective
images/cell0188.png,1.0,poly,cell0188.png,/content/elpv-dataset/src/elpv_dataset/data/images/cell0188.png,1,Defective
images/cell0190.png,1.0,poly,cell0190.png,/content/elpv-dataset/src/elpv_dataset/data/images/cell0190.png,1,Defective
images/cell0192.png,1.0,poly,cell0192.png,/content/elpv-dataset/src/elpv_dataset/data/images/cell0192.png,1,Defective
images/cell0193.png,1.0,poly,cell0193.png,/content/elpv-dataset/src/elpv_dataset/data/images/cell0193.png,1,Defective
images/cell0194.png,1.0,poly,cell0194.png,/content/elpv-dataset/src/elpv_dataset/data/images/cell0194.png,1,Defective
images/cell0195.png,0.0,poly,cell0195.png,/content/elpv-dataset/src/elpv_dataset/data/images/cell0195.png,0,Functional
images/cell0196.png,1.0,poly,cell0196.png,/content/elpv-dataset/src/elpv_dataset/data/images/cell0196.png,1,Defective
images/cell0197.png,1.0,poly,cell0197.png,/content/elpv-dataset/src/elpv_dataset/data/images/cell0197.png,1,Defective
images/cell0198.png,1.0,poly,cell0198.png,/content/elpv-dataset/src/elpv_dataset/data/images/cell0198.png,1,Defective
images/cell0199.png,1.0,poly,cell0199.png,/content/elpv-dataset/src/elpv_dataset/data/images/cell0199.png,1,Defective
images/cell0200.png,1.0,poly,cell0200.png,/content/elpv-dataset/src/elpv_dataset/data/images/cell0200.png,1,Defective
images/cell0201.png,1.0,poly,cell0201.png,/content/elpv-dataset/src/elpv_dataset/data/images/cell0201.png,1,Defective
images/cell0203.png,1.0,poly,cell0203.png,/content/elpv-dataset/src/elpv_dataset/data/images/cell0203.png,1,Defective
images/cell0206.png,1.0,poly,cell0206.png,/content/elpv-dataset/src/elpv_dataset/data/images/cell0206.png,1,Defective
images/cell0208.png,1.0,poly,cell0208.png,/content/elpv-dataset/src/elpv_dataset/data/images/cell0208.png,1,Defective
images/cell0211.png,1.0,poly,cell0211.png,/content/elpv-dataset/src/elpv_dataset/data/images/cell0211.png,1,Defective
images/cell0212.png,1.0,poly,cell0212.png,/content/elpv-dataset/src/elpv_dataset/data/images/cell0212.png,1,Defective
images/cell0213.png,1.0,poly,cell0213.png,/content/elpv-dataset/src/elpv_dataset/data/images/cell0213.png,1,Defective
images/cell0220.png,1.0,poly,cell0220.png,/content/elpv-dataset/src/elpv_dataset/data/images/cell0220.png,1,Defective
images/cell0221.png,1.0,poly,cell0221.png,/content/elpv-dataset/src/elpv_dataset/data/images/cell0221.png,1,Defective
images/cell0223.png,1.0,poly,cell0223.png,/content/elpv-dataset/src/elpv_dataset/data/images/cell0223.png,1,Defective
images/cell0226.png,0.0,poly,cell0226.png,/content/elpv-dataset/src/elpv_dataset/data/images/cell0226.png,0,Functional
images/cell0228.png,1.0,poly,cell0228.png,/content/elpv-dataset/src/elpv_dataset/data/images/cell0228.png,1,Defective
images/cell0229.png,1.0,poly,cell0229.png,/content/elpv-dataset/src/elpv_dataset/data/images/cell0229.png,1,Defective
images/cell0230.png,0.0,poly,cell0230.png,/content/elpv-dataset/src/elpv_dataset/data/images/cell0230.png,0,Functional
images/cell0231.png,1.0,poly,cell0231.png,/content/elpv-dataset/src/elpv_dataset/data/images/cell0231.png,1,Defective
images/cell0232.png,1.0,poly,cell0232.png,/content/elpv-dataset/src/elpv_dataset/data/images/cell0232.png,1,Defective
images/cell0233.png,1.0,poly,cell0233.png,/content/elpv-dataset/src/elpv_dataset/data/images/cell0233.png,1,Defective
images/cell0236.png,0.0,poly,cell0236.png,/content/elpv-dataset/src/elpv_dataset/data/images/cell0236.png,0,Functional
images/cell0237.png,0.0,poly,cell0237.png,/content/elpv-dataset/src/elpv_dataset/data/images/cell0237.png,0,Functional
images/cell0239.png,0.0,poly,cell0239.png,/content/elpv-dataset/src/elpv_dataset/data/images/cell0239.png,0,Functional
images/cell0241.png,1.0,poly,cell0241.png,/content/elpv-dataset/src/elpv_dataset/data/images/cell0241.png,1,Defective
images/cell0242.png,1.0,poly,cell0242.png,/content/elpv-dataset/src/elpv_dataset/data/images/cell0242.png,1,Defective
images/cell0243.png,1.0,poly,cell0243.png,/content/elpv-dataset/src/elpv_dataset/data/images/cell0243.png,1,Defective
images/cell0244.png,1.0,poly,cell0244.png,/content/elpv-dataset/src/elpv_dataset/data/images/cell0244.png,1,Defective
images/cell0245.png,1.0,poly,cell0245.png,/content/elpv-dataset/src/elpv_dataset/data/images/cell0245.png,1,Defective
images/cell0246.png,1.0,poly,cell0246.png,/content/elpv-dataset/src/elpv_dataset/data/images/cell0246.png,1,Defective
images/cell0247.png,1.0,poly,cell0247.png,/content/elpv-dataset/src/elpv_dataset/data/images/cell0247.png,1,Defective
images/cell0248.png,1.0,poly,cell0248.png,/content/elpv-dataset/src/elpv_dataset/data/images/cell0248.png,1,Defective
images/cell0249.png,1.0,poly,cell0249.png,/content/elpv-dataset/src/elpv_dataset/data/images/cell0249.png,1,Defective
images/cell0250.png,1.0,poly,cell0250.png,/content/elpv-dataset/src/elpv_dataset/data/images/cell0250.png,1,Defective
images/cell0251.png,1.0,poly,cell0251.png,/content/elpv-dataset/src/elpv_dataset/data/images/cell0251.png,1,Defective
images/cell0252.png,1.0,poly,cell0252.png,/content/elpv-dataset/src/elpv_dataset/data/images/cell0252.png,1,Defective
images/cell0253.png,1.0,poly,cell0253.png,/content/elpv-dataset/src/elpv_dataset/data/images/cell0253.png,1,Defective
images/cell0255.png,1.0,poly,cell0255.png,/content/elpv-dataset/src/elpv_dataset/data/images/cell0255.png,1,Defective
images/cell0256.png,1.0,poly,cell0256.png,/content/elpv-dataset/src/elpv_dataset/data/images/cell0256.png,1,Defective
images/cell0257.png,1.0,poly,cell0257.png,/content/elpv-dataset/src/elpv_dataset/data/images/cell0257.png,1,Defective
images/cell0258.png,1.0,poly,cell0258.png,/content/elpv-dataset/src/elpv_dataset/data/images/cell0258.png,1,Defective
images/cell0259.png,0.0,poly,cell0259.png,/content/elpv-dataset/src/elpv_dataset/data/images/cell0259.png,0,Functional
images/cell0260.png,0.0,poly,cell0260.png,/content/elpv-dataset/src/elpv_dataset/data/images/cell0260.png,0,Functional
images/cell0261.png,1.0,poly,cell0261.png,/content/elpv-dataset/src/elpv_dataset/data/images/cell0261.png,1,Defective
images/cell0262.png,0.0,poly,cell0262.png,/content/elpv-dataset/src/elpv_dataset/data/images/cell0262.png,0,Functional
images/cell0263.png,1.0,poly,cell0263.png,/content/elpv-dataset/src/elpv_dataset/data/images/cell0263.png,1,Defective
images/cell0264.png,1.0,poly,cell0264.png,/content/elpv-dataset/src/elpv_dataset/data/images/cell0264.png,1,Defective
images/cell0265.png,1.0,poly,cell0265.png,/content/elpv-dataset/src/elpv_dataset/data/images/cell0265.png,1,Defective
images/cell0266.png,1.0,poly,cell0266.png,/content/elpv-dataset/src/elpv_dataset/data/images/cell0266.png,1,Defective
images/cell0268.png,1.0,poly,cell0268.png,/content/elpv-dataset/src/elpv_dataset/data/images/cell0268.png,1,Defective
images/cell0269.png,0.0,poly,cell0269.png,/content/elpv-dataset/src/elpv_dataset/data/images/cell0269.png,0,Functional
images/cell0271.png,1.0,poly,cell0271.png,/content/elpv-dataset/src/elpv_dataset/data/images/cell0271.png,1,Defective
images/cell0272.png,0.0,poly,cell0272.png,/content/elpv-dataset/src/elpv_dataset/data/images/cell0272.png,0,Functional
images/cell0273.png,0.0,poly,cell0273.png,/content/elpv-dataset/src/elpv_dataset/data/images/cell0273.png,0,Functional
images/cell0274.png,1.0,poly,cell0274.png,/content/elpv-dataset/src/elpv_dataset/data/images/cell0274.png,1,Defective
images/cell0275.png,1.0,poly,cell0275.png,/content/elpv-dataset/src/elpv_dataset/data/images/cell0275.png,1,Defective
images/cell0276.png,0.0,poly,cell0276.png,/content/elpv-dataset/src/elpv_dataset/data/images/cell0276.png,0,Functional
images/cell0277.png,1.0,poly,cell0277.png,/content/elpv-dataset/src/elpv_dataset/data/images/cell0277.png,1,Defective
images/cell0278.png,1.0,poly,cell0278.png,/content/elpv-dataset/src/elpv_dataset/data/images/cell0278.png,1,Defective
images/cell0279.png,1.0,poly,cell0279.png,/content/elpv-dataset/src/elpv_dataset/data/images/cell0279.png,1,Defective
images/cell0280.png,1.0,poly,cell0280.png,/content/elpv-dataset/src/elpv_dataset/data/images/cell0280.png,1,Defective
images/cell0281.png,1.0,poly,cell0281.png,/content/elpv-dataset/src/elpv_dataset/data/images/cell0281.png,1,Defective
images/cell0282.png,0.0,poly,cell0282.png,/content/elpv-dataset/src/elpv_dataset/data/images/cell0282.png,0,Functional
images/cell0283.png,1.0,poly,cell0283.png,/content/elpv-dataset/src/elpv_dataset/data/images/cell0283.png,1,Defective
images/cell0284.png,1.0,poly,cell0284.png,/content/elpv-dataset/src/elpv_dataset/data/images/cell0284.png,1,Defective
images/cell0285.png,1.0,poly,cell0285.png,/content/elpv-dataset/src/elpv_dataset/data/images/cell0285.png,1,Defective
images/cell0286.png,1.0,poly,cell0286.png,/content/elpv-dataset/src/elpv_dataset/data/images/cell0286.png,1,Defective
images/cell0287.png,1.0,poly,cell0287.png,/content/elpv-dataset/src/elpv_dataset/data/images/cell0287.png,1,Defective
images/cell0288.png,1.0,poly,cell0288.png,/content/elpv-dataset/src/elpv_dataset/data/images/cell0288.png,1,Defective
images/cell0289.png,1.0,poly,cell0289.png,/content/elpv-dataset/src/elpv_dataset/data/images/cell0289.png,1,Defective
images/cell0290.png,1.0,poly,cell0290.png,/content/elpv-dataset/src/elpv_dataset/data/images/cell0290.png,1,Defective
images/cell0292.png,1.0,poly,cell0292.png,/content/elpv-dataset/src/elpv_dataset/data/images/cell0292.png,1,Defective
images/cell0293.png,1.0,poly,cell0293.png,/content/elpv-dataset/src/elpv_dataset/data/images/cell0293.png,1,Defective
images/cell0294.png,1.0,poly,cell0294.png,/content/elpv-dataset/src/elpv_dataset/data/images/cell0294.png,1,Defective
images/cell0295.png,1.0,poly,cell0295.png,/content/elpv-dataset/src/elpv_dataset/data/images/cell0295.png,1,Defective
images/cell0296.png,1.0,poly,cell0296.png,/content/elpv-dataset/src/elpv_dataset/data/images/cell0296.png,1,Defective
images/cell0297.png,1.0,poly,cell0297.png,/content/elpv-dataset/src/elpv_dataset/data/images/cell0297.png,1,Defective
images/cell0298.png,1.0,poly,cell0298.png,/content/elpv-dataset/src/elpv_dataset/data/images/cell0298.png,1,Defective
images/cell0299.png,1.0,poly,cell0299.png,/content/elpv-dataset/src/elpv_dataset/data/images/cell0299.png,1,Defective
images/cell0300.png,0.0,poly,cell0300.png,/content/elpv-dataset/src/elpv_dataset/data/images/cell0300.png,0,Functional
images/cell0301.png,1.0,poly,cell0301.png,/content/elpv-dataset/src/elpv_dataset/data/images/cell0301.png,1,Defective
images/cell0302.png,0.0,poly,cell0302.png,/content/elpv-dataset/src/elpv_dataset/data/images/cell0302.png,0,Functional
images/cell0303.png,1.0,poly,cell0303.png,/content/elpv-dataset/src/elpv_dataset/data/images/cell0303.png,1,Defective
images/cell0304.png,1.0,poly,cell0304.png,/content/elpv-dataset/src/elpv_dataset/data/images/cell0304.png,1,Defective
images/cell0305.png,1.0,poly,cell0305.png,/content/elpv-dataset/src/elpv_dataset/data/images/cell0305.png,1,Defective
images/cell0306.png,0.0,poly,cell0306.png,/content/elpv-dataset/src/elpv_dataset/data/images/cell0306.png,0,Functional
images/cell0308.png,0.0,poly,cell0308.png,/content/elpv-dataset/src/elpv_dataset/data/images/cell0308.png,0,Functional
images/cell0309.png,0.0,poly,cell0309.png,/content/elpv-dataset/src/elpv_dataset/data/images/cell0309.png,0,Functional
images/cell0310.png,0.0,poly,cell0310.png,/content/elpv-dataset/src/elpv_dataset/data/images/cell0310.png,0,Functional
images/cell0311.png,0.0,poly,cell0311.png,/content/elpv-dataset/src/elpv_dataset/data/images/cell0311.png,0,Functional
images/cell0312.png,1.0,poly,cell0312.png,/content/elpv-dataset/src/elpv_dataset/data/images/cell0312.png,1,Defective
images/cell0313.png,0.0,poly,cell0313.png,/content/elpv-dataset/src/elpv_dataset/data/images/cell0313.png,0,Functional
images/cell0314.png,0.0,poly,cell0314.png,/content/elpv-dataset/src/elpv_dataset/data/images/cell0314.png,0,Functional
images/cell0315.png,0.0,poly,cell0315.png,/content/elpv-dataset/src/elpv_dataset/data/images/cell0315.png,0,Functional
images/cell0316.png,1.0,poly,cell0316.png,/content/elpv-dataset/src/elpv_dataset/data/images/cell0316.png,1,Defective
images/cell0317.png,1.0,poly,cell0317.png,/content/elpv-dataset/src/elpv_dataset/data/images/cell0317.png,1,Defective
images/cell0318.png,0.0,poly,cell0318.png,/content/elpv-dataset/src/elpv_dataset/data/images/cell0318.png,0,Functional
images/cell0319.png,1.0,poly,cell0319.png,/content/elpv-dataset/src/elpv_dataset/data/images/cell0319.png,1,Defective
images/cell0320.png,1.0,poly,cell0320.png,/content/elpv-dataset/src/elpv_dataset/data/images/cell0320.png,1,Defective
images/cell0321.png,1.0,poly,cell0321.png,/content/elpv-dataset/src/elpv_dataset/data/images/cell0321.png,1,Defective
images/cell0322.png,1.0,poly,cell0322.png,/content/elpv-dataset/src/elpv_dataset/data/images/cell0322.png,1,Defective
images/cell0323.png,1.0,poly,cell0323.png,/content/elpv-dataset/src/elpv_dataset/data/images/cell0323.png,1,Defective
images/cell0324.png,1.0,poly,cell0324.png,/content/elpv-dataset/src/elpv_dataset/data/images/cell0324.png,1,Defective
images/cell0327.png,0.0,poly,cell0327.png,/content/elpv-dataset/src/elpv_dataset/data/images/cell0327.png,0,Functional
images/cell0328.png,0.0,poly,cell0328.png,/content/elpv-dataset/src/elpv_dataset/data/images/cell0328.png,0,Functional
images/cell0329.png,0.0,poly,cell0329.png,/content/elpv-dataset/src/elpv_dataset/data/images/cell0329.png,0,Functional
images/cell0330.png,0.0,poly,cell0330.png,/content/elpv-dataset/src/elpv_dataset/data/images/cell0330.png,0,Functional
images/cell0331.png,0.0,poly,cell0331.png,/content/elpv-dataset/src/elpv_dataset/data/images/cell0331.png,0,Functional
images/cell0332.png,0.0,poly,cell0332.png,/content/elpv-dataset/src/elpv_dataset/data/images/cell0332.png,0,Functional
images/cell0333.png,0.0,poly,cell0333.png,/content/elpv-dataset/src/elpv_dataset/data/images/cell0333.png,0,Functional
images/cell0334.png,0.0,poly,cell0334.png,/content/elpv-dataset/src/elpv_dataset/data/images/cell0334.png,0,Functional
images/cell0335.png,1.0,poly,cell0335.png,/content/elpv-dataset/src/elpv_dataset/data/images/cell0335.png,1,Defective
images/cell0336.png,0.0,poly,cell0336.png,/content/elpv-dataset/src/elpv_dataset/data/images/cell0336.png,0,Functional
images/cell0337.png,0.0,poly,cell0337.png,/content/elpv-dataset/src/elpv_dataset/data/images/cell0337.png,0,Functional
images/cell0338.png,0.0,poly,cell0338.png,/content/elpv-dataset/src/elpv_dataset/data/images/cell0338.png,0,Functional
images/cell0339.png,0.0,poly,cell0339.png,/content/elpv-dataset/src/elpv_dataset/data/images/cell0339.png,0,Functional
images/cell0340.png,0.0,poly,cell0340.png,/content/elpv-dataset/src/elpv_dataset/data/images/cell0340.png,0,Functional
images/cell0341.png,0.0,poly,cell0341.png,/content/elpv-dataset/src/elpv_dataset/data/images/cell0341.png,0,Functional
images/cell0342.png,1.0,poly,cell0342.png,/content/elpv-dataset/src/elpv_dataset/data/images/cell0342.png,1,Defective
images/cell0343.png,0.0,poly,cell0343.png,/content/elpv-dataset/src/elpv_dataset/data/images/cell0343.png,0,Functional
images/cell0344.png,0.0,poly,cell0344.png,/content/elpv-dataset/src/elpv_dataset/data/images/cell0344.png,0,Functional
images/cell0345.png,0.0,poly,cell0345.png,/content/elpv-dataset/src/elpv_dataset/data/images/cell0345.png,0,Functional
images/cell0346.png,1.0,poly,cell0346.png,/content/elpv-dataset/src/elpv_dataset/data/images/cell0346.png,1,Defective
images/cell0347.png,1.0,poly,cell0347.png,/content/elpv-dataset/src/elpv_dataset/data/images/cell0347.png,1,Defective
images/cell0348.png,0.0,poly,cell0348.png,/content/elpv-dataset/src/elpv_dataset/data/images/cell0348.png,0,Functional
images/cell0349.png,0.0,poly,cell0349.png,/content/elpv-dataset/src/elpv_dataset/data/images/cell0349.png,0,Functional
images/cell0350.png,0.0,poly,cell0350.png,/content/elpv-dataset/src/elpv_dataset/data/images/cell0350.png,0,Functional
images/cell0352.png,0.0,poly,cell0352.png,/content/elpv-dataset/src/elpv_dataset/data/images/cell0352.png,0,Functional
images/cell0353.png,0.0,poly,cell0353.png,/content/elpv-dataset/src/elpv_dataset/data/images/cell0353.png,0,Functional
images/cell0354.png,0.0,poly,cell0354.png,/content/elpv-dataset/src/elpv_dataset/data/images/cell0354.png,0,Functional
images/cell0355.png,0.0,poly,cell0355.png,/content/elpv-dataset/src/elpv_dataset/data/images/cell0355.png,0,Functional
images/cell0356.png,0.0,poly,cell0356.png,/content/elpv-dataset/src/elpv_dataset/data/images/cell0356.png,0,Functional
images/cell0357.png,0.0,poly,cell0357.png,/content/elpv-dataset/src/elpv_dataset/data/images/cell0357.png,0,Functional
images/cell0358.png,0.0,poly,cell0358.png,/content/elpv-dataset/src/elpv_dataset/data/images/cell0358.png,0,Functional
images/cell0359.png,0.0,poly,cell0359.png,/content/elpv-dataset/src/elpv_dataset/data/images/cell0359.png,0,Functional
images/cell0360.png,0.0,poly,cell0360.png,/content/elpv-dataset/src/elpv_dataset/data/images/cell0360.png,0,Functional
images/cell0361.png,1.0,mono,cell0361.png,/content/elpv-dataset/src/elpv_dataset/data/images/cell0361.png,1,Defective
images/cell0362.png,1.0,mono,cell0362.png,/content/elpv-dataset/src/elpv_dataset/data/images/cell0362.png,1,Defective
images/cell0363.png,1.0,mono,cell0363.png,/content/elpv-dataset/src/elpv_dataset/data/images/cell0363.png,1,Defective
images/cell0364.png,1.0,mono,cell0364.png,/content/elpv-dataset/src/elpv_dataset/data/images/cell0364.png,1,Defective
images/cell0365.png,1.0,mono,cell0365.png,/content/elpv-dataset/src/elpv_dataset/data/images/cell0365.png,1,Defective
images/cell0366.png,1.0,mono,cell0366.png,/content/elpv-dataset/src/elpv_dataset/data/images/cell0366.png,1,Defective
images/cell0367.png,1.0,mono,cell0367.png,/content/elpv-dataset/src/elpv_dataset/data/images/cell0367.png,1,Defective
images/cell0368.png,1.0,mono,cell0368.png,/content/elpv-dataset/src/elpv_dataset/data/images/cell0368.png,1,Defective
images/cell0369.png,0.0,mono,cell0369.png,/content/elpv-dataset/src/elpv_dataset/data/images/cell0369.png,0,Functional
images/cell0370.png,1.0,mono,cell0370.png,/content/elpv-dataset/src/elpv_dataset/data/images/cell0370.png,1,Defective
images/cell0371.png,1.0,mono,cell0371.png,/content/elpv-dataset/src/elpv_dataset/data/images/cell0371.png,1,Defective
images/cell0372.png,1.0,mono,cell0372.png,/content/elpv-dataset/src/elpv_dataset/data/images/cell0372.png,1,Defective
images/cell0373.png,1.0,mono,cell0373.png,/content/elpv-dataset/src/elpv_dataset/data/images/cell0373.png,1,Defective
images/cell0374.png,1.0,mono,cell0374.png,/content/elpv-dataset/src/elpv_dataset/data/images/cell0374.png,1,Defective
images/cell0375.png,1.0,mono,cell0375.png,/content/elpv-dataset/src/elpv_dataset/data/images/cell0375.png,1,Defective
images/cell0376.png,1.0,mono,cell0376.png,/content/elpv-dataset/src/elpv_dataset/data/images/cell0376.png,1,Defective
images/cell0377.png,1.0,mono,cell0377.png,/content/elpv-dataset/src/elpv_dataset/data/images/cell0377.png,1,Defective
images/cell0378.png,1.0,mono,cell0378.png,/content/elpv-dataset/src/elpv_dataset/data/images/cell0378.png,1,Defective
images/cell0379.png,1.0,mono,cell0379.png,/content/elpv-dataset/src/elpv_dataset/data/images/cell0379.png,1,Defective
images/cell0380.png,1.0,mono,cell0380.png,/content/elpv-dataset/src/elpv_dataset/data/images/cell0380.png,1,Defective
images/cell0381.png,1.0,mono,cell0381.png,/content/elpv-dataset/src/elpv_dataset/data/images/cell0381.png,1,Defective
images/cell0382.png,1.0,mono,cell0382.png,/content/elpv-dataset/src/elpv_dataset/data/images/cell0382.png,1,Defective
images/cell0383.png,1.0,mono,cell0383.png,/content/elpv-dataset/src/elpv_dataset/data/images/cell0383.png,1,Defective
images/cell0384.png,1.0,mono,cell0384.png,/content/elpv-dataset/src/elpv_dataset/data/images/cell0384.png,1,Defective
images/cell0385.png,1.0,mono,cell0385.png,/content/elpv-dataset/src/elpv_dataset/data/images/cell0385.png,1,Defective
images/cell0386.png,1.0,mono,cell0386.png,/content/elpv-dataset/src/elpv_dataset/data/images/cell0386.png,1,Defective
images/cell0387.png,1.0,mono,cell0387.png,/content/elpv-dataset/src/elpv_dataset/data/images/cell0387.png,1,Defective
images/cell0388.png,1.0,mono,cell0388.png,/content/elpv-dataset/src/elpv_dataset/data/images/cell0388.png,1,Defective
images/cell0389.png,1.0,mono,cell0389.png,/content/elpv-dataset/src/elpv_dataset/data/images/cell0389.png,1,Defective
images/cell0390.png,1.0,mono,cell0390.png,/content/elpv-dataset/src/elpv_dataset/data/images/cell0390.png,1,Defective
images/cell0391.png,1.0,mono,cell0391.png,/content/elpv-dataset/src/elpv_dataset/data/images/cell0391.png,1,Defective
images/cell0392.png,1.0,mono,cell0392.png,/content/elpv-dataset/src/elpv_dataset/data/images/cell0392.png,1,Defective
images/cell0393.png,1.0,mono,cell0393.png,/content/elpv-dataset/src/elpv_dataset/data/images/cell0393.png,1,Defective
images/cell0394.png,1.0,mono,cell0394.png,/content/elpv-dataset/src/elpv_dataset/data/images/cell0394.png,1,Defective
images/cell0395.png,1.0,mono,cell0395.png,/content/elpv-dataset/src/elpv_dataset/data/images/cell0395.png,1,Defective
images/cell0396.png,1.0,mono,cell0396.png,/content/elpv-dataset/src/elpv_dataset/data/images/cell0396.png,1,Defective
images/cell0397.png,0.0,mono,cell0397.png,/content/elpv-dataset/src/elpv_dataset/data/images/cell0397.png,0,Functional
images/cell0398.png,1.0,mono,cell0398.png,/content/elpv-dataset/src/elpv_dataset/data/images/cell0398.png,1,Defective
images/cell0399.png,1.0,mono,cell0399.png,/content/elpv-dataset/src/elpv_dataset/data/images/cell0399.png,1,Defective
images/cell0400.png,1.0,mono,cell0400.png,/content/elpv-dataset/src/elpv_dataset/data/images/cell0400.png,1,Defective
images/cell0401.png,1.0,mono,cell0401.png,/content/elpv-dataset/src/elpv_dataset/data/images/cell0401.png,1,Defective
images/cell0402.png,1.0,mono,cell0402.png,/content/elpv-dataset/src/elpv_dataset/data/images/cell0402.png,1,Defective
images/cell0403.png,1.0,mono,cell0403.png,/content/elpv-dataset/src/elpv_dataset/data/images/cell0403.png,1,Defective
images/cell0404.png,1.0,mono,cell0404.png,/content/elpv-dataset/src/elpv_dataset/data/images/cell0404.png,1,Defective
images/cell0405.png,1.0,mono,cell0405.png,/content/elpv-dataset/src/elpv_dataset/data/images/cell0405.png,1,Defective
images/cell0406.png,1.0,mono,cell0406.png,/content/elpv-dataset/src/elpv_dataset/data/images/cell0406.png,1,Defective
images/cell0407.png,1.0,mono,cell0407.png,/content/elpv-dataset/src/elpv_dataset/data/images/cell0407.png,1,Defective
images/cell0408.png,1.0,mono,cell0408.png,/content/elpv-dataset/src/elpv_dataset/data/images/cell0408.png,1,Defective
images/cell0409.png,1.0,mono,cell0409.png,/content/elpv-dataset/src/elpv_dataset/data/images/cell0409.png,1,Defective
images/cell0410.png,0.0,mono,cell0410.png,/content/elpv-dataset/src/elpv_dataset/data/images/cell0410.png,0,Functional
images/cell0411.png,1.0,mono,cell0411.png,/content/elpv-dataset/src/elpv_dataset/data/images/cell0411.png,1,Defective
images/cell0412.png,1.0,mono,cell0412.png,/content/elpv-dataset/src/elpv_dataset/data/images/cell0412.png,1,Defective
images/cell0413.png,0.0,mono,cell0413.png,/content/elpv-dataset/src/elpv_dataset/data/images/cell0413.png,0,Functional
images/cell0414.png,1.0,mono,cell0414.png,/content/elpv-dataset/src/elpv_dataset/data/images/cell0414.png,1,Defective
images/cell0415.png,1.0,mono,cell0415.png,/content/elpv-dataset/src/elpv_dataset/data/images/cell0415.png,1,Defective
images/cell0416.png,1.0,mono,cell0416.png,/content/elpv-dataset/src/elpv_dataset/data/images/cell0416.png,1,Defective
images/cell0417.png,1.0,mono,cell0417.png,/content/elpv-dataset/src/elpv_dataset/data/images/cell0417.png,1,Defective
images/cell0418.png,1.0,mono,cell0418.png,/content/elpv-dataset/src/elpv_dataset/data/images/cell0418.png,1,Defective
images/cell0419.png,1.0,mono,cell0419.png,/content/elpv-dataset/src/elpv_dataset/data/images/cell0419.png,1,Defective
images/cell0420.png,1.0,mono,cell0420.png,/content/elpv-dataset/src/elpv_dataset/data/images/cell0420.png,1,Defective
images/cell0421.png,1.0,mono,cell0421.png,/content/elpv-dataset/src/elpv_dataset/data/images/cell0421.png,1,Defective
images/cell0422.png,1.0,mono,cell0422.png,/content/elpv-dataset/src/elpv_dataset/data/images/cell0422.png,1,Defective
images/cell0423.png,0.0,mono,cell0423.png,/content/elpv-dataset/src/elpv_dataset/data/images/cell0423.png,0,Functional
images/cell0424.png,1.0,mono,cell0424.png,/content/elpv-dataset/src/elpv_dataset/data/images/cell0424.png,1,Defective
images/cell0425.png,0.0,mono,cell0425.png,/content/elpv-dataset/src/elpv_dataset/data/images/cell0425.png,0,Functional
images/cell0426.png,1.0,mono,cell0426.png,/content/elpv-dataset/src/elpv_dataset/data/images/cell0426.png,1,Defective
images/cell0427.png,1.0,mono,cell0427.png,/content/elpv-dataset/src/elpv_dataset/data/images/cell0427.png,1,Defective
images/cell0428.png,1.0,mono,cell0428.png,/content/elpv-dataset/src/elpv_dataset/data/images/cell0428.png,1,Defective
images/cell0429.png,1.0,mono,cell0429.png,/content/elpv-dataset/src/elpv_dataset/data/images/cell0429.png,1,Defective
images/cell0430.png,1.0,mono,cell0430.png,/content/elpv-dataset/src/elpv_dataset/data/images/cell0430.png,1,Defective
images/cell0431.png,1.0,mono,cell0431.png,/content/elpv-dataset/src/elpv_dataset/data/images/cell0431.png,1,Defective
images/cell0432.png,1.0,mono,cell0432.png,/content/elpv-dataset/src/elpv_dataset/data/images/cell0432.png,1,Defective
images/cell0433.png,1.0,mono,cell0433.png,/content/elpv-dataset/src/elpv_dataset/data/images/cell0433.png,1,Defective
images/cell0434.png,1.0,mono,cell0434.png,/content/elpv-dataset/src/elpv_dataset/data/images/cell0434.png,1,Defective
images/cell0435.png,1.0,mono,cell0435.png,/content/elpv-dataset/src/elpv_dataset/data/images/cell0435.png,1,Defective
images/cell0436.png,1.0,mono,cell0436.png,/content/elpv-dataset/src/elpv_dataset/data/images/cell0436.png,1,Defective
images/cell0437.png,1.0,mono,cell0437.png,/content/elpv-dataset/src/elpv_dataset/data/images/cell0437.png,1,Defective
images/cell0438.png,1.0,mono,cell0438.png,/content/elpv-dataset/src/elpv_dataset/data/images/cell0438.png,1,Defective
images/cell0439.png,1.0,mono,cell0439.png,/content/elpv-dataset/src/elpv_dataset/data/images/cell0439.png,1,Defective
images/cell0440.png,1.0,mono,cell0440.png,/content/elpv-dataset/src/elpv_dataset/data/images/cell0440.png,1,Defective
images/cell0441.png,1.0,mono,cell0441.png,/content/elpv-dataset/src/elpv_dataset/data/images/cell0441.png,1,Defective
images/cell0442.png,1.0,mono,cell0442.png,/content/elpv-dataset/src/elpv_dataset/data/images/cell0442.png,1,Defective
images/cell0443.png,1.0,mono,cell0443.png,/content/elpv-dataset/src/elpv_dataset/data/images/cell0443.png,1,Defective
images/cell0444.png,1.0,mono,cell0444.png,/content/elpv-dataset/src/elpv_dataset/data/images/cell0444.png,1,Defective
images/cell0445.png,0.0,mono,cell0445.png,/content/elpv-dataset/src/elpv_dataset/data/images/cell0445.png,0,Functional
images/cell0446.png,1.0,mono,cell0446.png,/content/elpv-dataset/src/elpv_dataset/data/images/cell0446.png,1,Defective
images/cell0447.png,0.0,mono,cell0447.png,/content/elpv-dataset/src/elpv_dataset/data/images/cell0447.png,0,Functional
images/cell0448.png,1.0,mono,cell0448.png,/content/elpv-dataset/src/elpv_dataset/data/images/cell0448.png,1,Defective
images/cell0449.png,0.0,mono,cell0449.png,/content/elpv-dataset/src/elpv_dataset/data/images/cell0449.png,0,Functional
images/cell0450.png,1.0,mono,cell0450.png,/content/elpv-dataset/src/elpv_dataset/data/images/cell0450.png,1,Defective
images/cell0451.png,1.0,mono,cell0451.png,/content/elpv-dataset/src/elpv_dataset/data/images/cell0451.png,1,Defective
images/cell0452.png,1.0,mono,cell0452.png,/content/elpv-dataset/src/elpv_dataset/data/images/cell0452.png,1,Defective
images/cell0453.png,1.0,mono,cell0453.png,/content/elpv-dataset/src/elpv_dataset/data/images/cell0453.png,1,Defective
images/cell0454.png,1.0,mono,cell0454.png,/content/elpv-dataset/src/elpv_dataset/data/images/cell0454.png,1,Defective
images/cell0455.png,1.0,mono,cell0455.png,/content/elpv-dataset/src/elpv_dataset/data/images/cell0455.png,1,Defective
images/cell0457.png,1.0,mono,cell0457.png,/content/elpv-dataset/src/elpv_dataset/data/images/cell0457.png,1,Defective
images/cell0458.png,1.0,mono,cell0458.png,/content/elpv-dataset/src/elpv_dataset/data/images/cell0458.png,1,Defective
images/cell0459.png,1.0,mono,cell0459.png,/content/elpv-dataset/src/elpv_dataset/data/images/cell0459.png,1,Defective
images/cell0460.png,1.0,mono,cell0460.png,/content/elpv-dataset/src/elpv_dataset/data/images/cell0460.png,1,Defective
images/cell0461.png,1.0,mono,cell0461.png,/content/elpv-dataset/src/elpv_dataset/data/images/cell0461.png,1,Defective
images/cell0462.png,1.0,mono,cell0462.png,/content/elpv-dataset/src/elpv_dataset/data/images/cell0462.png,1,Defective
images/cell0463.png,1.0,mono,cell0463.png,/content/elpv-dataset/src/elpv_dataset/data/images/cell0463.png,1,Defective
images/cell0464.png,1.0,mono,cell0464.png,/content/elpv-dataset/src/elpv_dataset/data/images/cell0464.png,1,Defective
images/cell0465.png,0.0,mono,cell0465.png,/content/elpv-dataset/src/elpv_dataset/data/images/cell0465.png,0,Functional
images/cell0466.png,1.0,mono,cell0466.png,/content/elpv-dataset/src/elpv_dataset/data/images/cell0466.png,1,Defective
images/cell0467.png,1.0,mono,cell0467.png,/content/elpv-dataset/src/elpv_dataset/data/images/cell0467.png,1,Defective
images/cell0469.png,1.0,mono,cell0469.png,/content/elpv-dataset/src/elpv_dataset/data/images/cell0469.png,1,Defective
images/cell0470.png,1.0,mono,cell0470.png,/content/elpv-dataset/src/elpv_dataset/data/images/cell0470.png,1,Defective
images/cell0471.png,1.0,mono,cell0471.png,/content/elpv-dataset/src/elpv_dataset/data/images/cell0471.png,1,Defective
images/cell0472.png,1.0,mono,cell0472.png,/content/elpv-dataset/src/elpv_dataset/data/images/cell0472.png,1,Defective
images/cell0473.png,1.0,mono,cell0473.png,/content/elpv-dataset/src/elpv_dataset/data/images/cell0473.png,1,Defective
images/cell0474.png,1.0,mono,cell0474.png,/content/elpv-dataset/src/elpv_dataset/data/images/cell0474.png,1,Defective
images/cell0475.png,1.0,mono,cell0475.png,/content/elpv-dataset/src/elpv_dataset/data/images/cell0475.png,1,Defective
images/cell0476.png,1.0,mono,cell0476.png,/content/elpv-dataset/src/elpv_dataset/data/images/cell0476.png,1,Defective
images/cell0477.png,1.0,mono,cell0477.png,/content/elpv-dataset/src/elpv_dataset/data/images/cell0477.png,1,Defective
images/cell0478.png,1.0,mono,cell0478.png,/content/elpv-dataset/src/elpv_dataset/data/images/cell0478.png,1,Defective
images/cell0479.png,1.0,mono,cell0479.png,/content/elpv-dataset/src/elpv_dataset/data/images/cell0479.png,1,Defective
images/cell0480.png,0.0,mono,cell0480.png,/content/elpv-dataset/src/elpv_dataset/data/images/cell0480.png,0,Functional
images/cell0481.png,1.0,mono,cell0481.png,/content/elpv-dataset/src/elpv_dataset/data/images/cell0481.png,1,Defective
images/cell0482.png,1.0,mono,cell0482.png,/content/elpv-dataset/src/elpv_dataset/data/images/cell0482.png,1,Defective
images/cell0483.png,0.0,mono,cell0483.png,/content/elpv-dataset/src/elpv_dataset/data/images/cell0483.png,0,Functional
images/cell0484.png,1.0,mono,cell0484.png,/content/elpv-dataset/src/elpv_dataset/data/images/cell0484.png,1,Defective
images/cell0485.png,1.0,mono,cell0485.png,/content/elpv-dataset/src/elpv_dataset/data/images/cell0485.png,1,Defective
images/cell0486.png,1.0,mono,cell0486.png,/content/elpv-dataset/src/elpv_dataset/data/images/cell0486.png,1,Defective
images/cell0487.png,1.0,mono,cell0487.png,/content/elpv-dataset/src/elpv_dataset/data/images/cell0487.png,1,Defective
images/cell0488.png,1.0,mono,cell0488.png,/content/elpv-dataset/src/elpv_dataset/data/images/cell0488.png,1,Defective
images/cell0489.png,1.0,mono,cell0489.png,/content/elpv-dataset/src/elpv_dataset/data/images/cell0489.png,1,Defective
images/cell0490.png,1.0,mono,cell0490.png,/content/elpv-dataset/src/elpv_dataset/data/images/cell0490.png,1,Defective
images/cell0491.png,1.0,mono,cell0491.png,/content/elpv-dataset/src/elpv_dataset/data/images/cell0491.png,1,Defective
images/cell0492.png,1.0,mono,cell0492.png,/content/elpv-dataset/src/elpv_dataset/data/images/cell0492.png,1,Defective
images/cell0493.png,1.0,mono,cell0493.png,/content/elpv-dataset/src/elpv_dataset/data/images/cell0493.png,1,Defective
images/cell0494.png,1.0,mono,cell0494.png,/content/elpv-dataset/src/elpv_dataset/data/images/cell0494.png,1,Defective
images/cell0495.png,1.0,mono,cell0495.png,/content/elpv-dataset/src/elpv_dataset/data/images/cell0495.png,1,Defective
images/cell0496.png,1.0,mono,cell0496.png,/content/elpv-dataset/src/elpv_dataset/data/images/cell0496.png,1,Defective
images/cell0497.png,1.0,mono,cell0497.png,/content/elpv-dataset/src/elpv_dataset/data/images/cell0497.png,1,Defective
images/cell0498.png,1.0,mono,cell0498.png,/content/elpv-dataset/src/elpv_dataset/data/images/cell0498.png,1,Defective
images/cell0499.png,1.0,mono,cell0499.png,/content/elpv-dataset/src/elpv_dataset/data/images/cell0499.png,1,Defective
images/cell0500.png,0.0,mono,cell0500.png,/content/elpv-dataset/src/elpv_dataset/data/images/cell0500.png,0,Functional
images/cell0501.png,1.0,mono,cell0501.png,/content/elpv-dataset/src/elpv_dataset/data/images/cell0501.png,1,Defective
images/cell0502.png,1.0,mono,cell0502.png,/content/elpv-dataset/src/elpv_dataset/data/images/cell0502.png,1,Defective
images/cell0503.png,0.0,mono,cell0503.png,/content/elpv-dataset/src/elpv_dataset/data/images/cell0503.png,0,Functional
images/cell0504.png,0.0,mono,cell0504.png,/content/elpv-dataset/src/elpv_dataset/data/images/cell0504.png,0,Functional
images/cell0505.png,1.0,mono,cell0505.png,/content/elpv-dataset/src/elpv_dataset/data/images/cell0505.png,1,Defective
images/cell0506.png,1.0,mono,cell0506.png,/content/elpv-dataset/src/elpv_dataset/data/images/cell0506.png,1,Defective
images/cell0507.png,1.0,mono,cell0507.png,/content/elpv-dataset/src/elpv_dataset/data/images/cell0507.png,1,Defective
images/cell0508.png,0.0,mono,cell0508.png,/content/elpv-dataset/src/elpv_dataset/data/images/cell0508.png,0,Functional
images/cell0509.png,0.0,mono,cell0509.png,/content/elpv-dataset/src/elpv_dataset/data/images/cell0509.png,0,Functional
images/cell0510.png,1.0,mono,cell0510.png,/content/elpv-dataset/src/elpv_dataset/data/images/cell0510.png,1,Defective
images/cell0511.png,1.0,mono,cell0511.png,/content/elpv-dataset/src/elpv_dataset/data/images/cell0511.png,1,Defective
images/cell0512.png,1.0,mono,cell0512.png,/content/elpv-dataset/src/elpv_dataset/data/images/cell0512.png,1,Defective
images/cell0513.png,1.0,mono,cell0513.png,/content/elpv-dataset/src/elpv_dataset/data/images/cell0513.png,1,Defective
images/cell0514.png,1.0,mono,cell0514.png,/content/elpv-dataset/src/elpv_dataset/data/images/cell0514.png,1,Defective
images/cell0515.png,1.0,mono,cell0515.png,/content/elpv-dataset/src/elpv_dataset/data/images/cell0515.png,1,Defective
images/cell0517.png,1.0,mono,cell0517.png,/content/elpv-dataset/src/elpv_dataset/data/images/cell0517.png,1,Defective
images/cell0518.png,0.0,mono,cell0518.png,/content/elpv-dataset/src/elpv_dataset/data/images/cell0518.png,0,Functional
images/cell0519.png,0.0,mono,cell0519.png,/content/elpv-dataset/src/elpv_dataset/data/images/cell0519.png,0,Functional
images/cell0520.png,1.0,mono,cell0520.png,/content/elpv-dataset/src/elpv_dataset/data/images/cell0520.png,1,Defective
images/cell0521.png,1.0,mono,cell0521.png,/content/elpv-dataset/src/elpv_dataset/data/images/cell0521.png,1,Defective
images/cell0522.png,1.0,mono,cell0522.png,/content/elpv-dataset/src/elpv_dataset/data/images/cell0522.png,1,Defective
images/cell0523.png,1.0,mono,cell0523.png,/content/elpv-dataset/src/elpv_dataset/data/images/cell0523.png,1,Defective
images/cell0524.png,1.0,mono,cell0524.png,/content/elpv-dataset/src/elpv_dataset/data/images/cell0524.png,1,Defective
images/cell0525.png,1.0,mono,cell0525.png,/content/elpv-dataset/src/elpv_dataset/data/images/cell0525.png,1,Defective
images/cell0526.png,0.0,mono,cell0526.png,/content/elpv-dataset/src/elpv_dataset/data/images/cell0526.png,0,Functional
images/cell0527.png,1.0,mono,cell0527.png,/content/elpv-dataset/src/elpv_dataset/data/images/cell0527.png,1,Defective
images/cell0528.png,1.0,mono,cell0528.png,/content/elpv-dataset/src/elpv_dataset/data/images/cell0528.png,1,Defective
images/cell0529.png,1.0,mono,cell0529.png,/content/elpv-dataset/src/elpv_dataset/data/images/cell0529.png,1,Defective
images/cell0530.png,1.0,mono,cell0530.png,/content/elpv-dataset/src/elpv_dataset/data/images/cell0530.png,1,Defective
images/cell0531.png,1.0,mono,cell0531.png,/content/elpv-dataset/src/elpv_dataset/data/images/cell0531.png,1,Defective
images/cell0532.png,0.0,mono,cell0532.png,/content/elpv-dataset/src/elpv_dataset/data/images/cell0532.png,0,Functional
images/cell0533.png,1.0,mono,cell0533.png,/content/elpv-dataset/src/elpv_dataset/data/images/cell0533.png,1,Defective
images/cell0534.png,1.0,mono,cell0534.png,/content/elpv-dataset/src/elpv_dataset/data/images/cell0534.png,1,Defective
images/cell0535.png,1.0,mono,cell0535.png,/content/elpv-dataset/src/elpv_dataset/data/images/cell0535.png,1,Defective
images/cell0536.png,1.0,mono,cell0536.png,/content/elpv-dataset/src/elpv_dataset/data/images/cell0536.png,1,Defective
images/cell0537.png,1.0,mono,cell0537.png,/content/elpv-dataset/src/elpv_dataset/data/images/cell0537.png,1,Defective
images/cell0538.png,0.0,mono,cell0538.png,/content/elpv-dataset/src/elpv_dataset/data/images/cell0538.png,0,Functional
images/cell0539.png,1.0,mono,cell0539.png,/content/elpv-dataset/src/elpv_dataset/data/images/cell0539.png,1,Defective
images/cell0541.png,0.0,poly,cell0541.png,/content/elpv-dataset/src/elpv_dataset/data/images/cell0541.png,0,Functional
images/cell0542.png,0.0,poly,cell0542.png,/content/elpv-dataset/src/elpv_dataset/data/images/cell0542.png,0,Functional
images/cell0543.png,0.0,poly,cell0543.png,/content/elpv-dataset/src/elpv_dataset/data/images/cell0543.png,0,Functional
images/cell0544.png,0.0,poly,cell0544.png,/content/elpv-dataset/src/elpv_dataset/data/images/cell0544.png,0,Functional
images/cell0545.png,0.0,poly,cell0545.png,/content/elpv-dataset/src/elpv_dataset/data/images/cell0545.png,0,Functional
images/cell0547.png,0.0,poly,cell0547.png,/content/elpv-dataset/src/elpv_dataset/data/images/cell0547.png,0,Functional
images/cell0548.png,0.0,poly,cell0548.png,/content/elpv-dataset/src/elpv_dataset/data/images/cell0548.png,0,Functional
images/cell0549.png,0.0,poly,cell0549.png,/content/elpv-dataset/src/elpv_dataset/data/images/cell0549.png,0,Functional
images/cell0550.png,0.0,poly,cell0550.png,/content/elpv-dataset/src/elpv_dataset/data/images/cell0550.png,0,Functional
images/cell0551.png,0.0,poly,cell0551.png,/content/elpv-dataset/src/elpv_dataset/data/images/cell0551.png,0,Functional
images/cell0552.png,0.0,poly,cell0552.png,/content/elpv-dataset/src/elpv_dataset/data/images/cell0552.png,0,Functional
images/cell0553.png,0.0,poly,cell0553.png,/content/elpv-dataset/src/elpv_dataset/data/images/cell0553.png,0,Functional
images/cell0554.png,0.0,poly,cell0554.png,/content/elpv-dataset/src/elpv_dataset/data/images/cell0554.png,0,Functional
images/cell0555.png,1.0,poly,cell0555.png,/content/elpv-dataset/src/elpv_dataset/data/images/cell0555.png,1,Defective
images/cell0556.png,0.0,poly,cell0556.png,/content/elpv-dataset/src/elpv_dataset/data/images/cell0556.png,0,Functional
images/cell0557.png,1.0,poly,cell0557.png,/content/elpv-dataset/src/elpv_dataset/data/images/cell0557.png,1,Defective
images/cell0558.png,0.0,poly,cell0558.png,/content/elpv-dataset/src/elpv_dataset/data/images/cell0558.png,0,Functional
images/cell0559.png,0.0,poly,cell0559.png,/content/elpv-dataset/src/elpv_dataset/data/images/cell0559.png,0,Functional
images/cell0560.png,0.0,poly,cell0560.png,/content/elpv-dataset/src/elpv_dataset/data/images/cell0560.png,0,Functional
images/cell0561.png,0.0,poly,cell0561.png,/content/elpv-dataset/src/elpv_dataset/data/images/cell0561.png,0,Functional
images/cell0563.png,0.0,poly,cell0563.png,/content/elpv-dataset/src/elpv_dataset/data/images/cell0563.png,0,Functional
images/cell0564.png,1.0,poly,cell0564.png,/content/elpv-dataset/src/elpv_dataset/data/images/cell0564.png,1,Defective
images/cell0565.png,0.0,poly,cell0565.png,/content/elpv-dataset/src/elpv_dataset/data/images/cell0565.png,0,Functional
images/cell0566.png,0.0,poly,cell0566.png,/content/elpv-dataset/src/elpv_dataset/data/images/cell0566.png,0,Functional
images/cell0567.png,0.0,poly,cell0567.png,/content/elpv-dataset/src/elpv_dataset/data/images/cell0567.png,0,Functional
images/cell0568.png,0.0,poly,cell0568.png,/content/elpv-dataset/src/elpv_dataset/data/images/cell0568.png,0,Functional
images/cell0569.png,0.0,poly,cell0569.png,/content/elpv-dataset/src/elpv_dataset/data/images/cell0569.png,0,Functional
images/cell0570.png,0.0,poly,cell0570.png,/content/elpv-dataset/src/elpv_dataset/data/images/cell0570.png,0,Functional
images/cell0571.png,0.0,poly,cell0571.png,/content/elpv-dataset/src/elpv_dataset/data/images/cell0571.png,0,Functional
images/cell0572.png,0.0,poly,cell0572.png,/content/elpv-dataset/src/elpv_dataset/data/images/cell0572.png,0,Functional
images/cell0573.png,0.0,poly,cell0573.png,/content/elpv-dataset/src/elpv_dataset/data/images/cell0573.png,0,Functional
images/cell0574.png,0.0,poly,cell0574.png,/content/elpv-dataset/src/elpv_dataset/data/images/cell0574.png,0,Functional
images/cell0575.png,0.0,poly,cell0575.png,/content/elpv-dataset/src/elpv_dataset/data/images/cell0575.png,0,Functional
images/cell0577.png,1.0,poly,cell0577.png,/content/elpv-dataset/src/elpv_dataset/data/images/cell0577.png,1,Defective
images/cell0578.png,1.0,poly,cell0578.png,/content/elpv-dataset/src/elpv_dataset/data/images/cell0578.png,1,Defective
images/cell0579.png,1.0,poly,cell0579.png,/content/elpv-dataset/src/elpv_dataset/data/images/cell0579.png,1,Defective
images/cell0580.png,0.0,poly,cell0580.png,/content/elpv-dataset/src/elpv_dataset/data/images/cell0580.png,0,Functional
images/cell0581.png,0.0,poly,cell0581.png,/content/elpv-dataset/src/elpv_dataset/data/images/cell0581.png,0,Functional
images/cell0582.png,0.0,poly,cell0582.png,/content/elpv-dataset/src/elpv_dataset/data/images/cell0582.png,0,Functional
images/cell0583.png,0.0,poly,cell0583.png,/content/elpv-dataset/src/elpv_dataset/data/images/cell0583.png,0,Functional
images/cell0584.png,0.0,poly,cell0584.png,/content/elpv-dataset/src/elpv_dataset/data/images/cell0584.png,0,Functional
images/cell0585.png,0.0,poly,cell0585.png,/content/elpv-dataset/src/elpv_dataset/data/images/cell0585.png,0,Functional
images/cell0586.png,0.0,poly,cell0586.png,/content/elpv-dataset/src/elpv_dataset/data/images/cell0586.png,0,Functional
images/cell0588.png,0.0,poly,cell0588.png,/content/elpv-dataset/src/elpv_dataset/data/images/cell0588.png,0,Functional
images/cell0589.png,0.0,poly,cell0589.png,/content/elpv-dataset/src/elpv_dataset/data/images/cell0589.png,0,Functional
images/cell0590.png,0.0,poly,cell0590.png,/content/elpv-dataset/src/elpv_dataset/data/images/cell0590.png,0,Functional
images/cell0591.png,0.0,poly,cell0591.png,/content/elpv-dataset/src/elpv_dataset/data/images/cell0591.png,0,Functional
images/cell0592.png,1.0,poly,cell0592.png,/content/elpv-dataset/src/elpv_dataset/data/images/cell0592.png,1,Defective
images/cell0593.png,1.0,poly,cell0593.png,/content/elpv-dataset/src/elpv_dataset/data/images/cell0593.png,1,Defective
images/cell0594.png,0.0,poly,cell0594.png,/content/elpv-dataset/src/elpv_dataset/data/images/cell0594.png,0,Functional
images/cell0595.png,1.0,poly,cell0595.png,/content/elpv-dataset/src/elpv_dataset/data/images/cell0595.png,1,Defective
images/cell0596.png,0.0,poly,cell0596.png,/content/elpv-dataset/src/elpv_dataset/data/images/cell0596.png,0,Functional
images/cell0598.png,0.0,poly,cell0598.png,/content/elpv-dataset/src/elpv_dataset/data/images/cell0598.png,0,Functional
images/cell0599.png,0.0,poly,cell0599.png,/content/elpv-dataset/src/elpv_dataset/data/images/cell0599.png,0,Functional
images/cell0600.png,0.0,poly,cell0600.png,/content/elpv-dataset/src/elpv_dataset/data/images/cell0600.png,0,Functional
images/cell0601.png,1.0,poly,cell0601.png,/content/elpv-dataset/src/elpv_dataset/data/images/cell0601.png,1,Defective
images/cell0602.png,1.0,poly,cell0602.png,/content/elpv-dataset/src/elpv_dataset/data/images/cell0602.png,1,Defective
images/cell0603.png,1.0,poly,cell0603.png,/content/elpv-dataset/src/elpv_dataset/data/images/cell0603.png,1,Defective
images/cell0604.png,1.0,poly,cell0604.png,/content/elpv-dataset/src/elpv_dataset/data/images/cell0604.png,1,Defective
images/cell0605.png,1.0,poly,cell0605.png,/content/elpv-dataset/src/elpv_dataset/data/images/cell0605.png,1,Defective
images/cell0606.png,1.0,poly,cell0606.png,/content/elpv-dataset/src/elpv_dataset/data/images/cell0606.png,1,Defective
images/cell0607.png,1.0,poly,cell0607.png,/content/elpv-dataset/src/elpv_dataset/data/images/cell0607.png,1,Defective
images/cell0608.png,1.0,poly,cell0608.png,/content/elpv-dataset/src/elpv_dataset/data/images/cell0608.png,1,Defective
images/cell0609.png,1.0,poly,cell0609.png,/content/elpv-dataset/src/elpv_dataset/data/images/cell0609.png,1,Defective
images/cell0610.png,0.0,poly,cell0610.png,/content/elpv-dataset/src/elpv_dataset/data/images/cell0610.png,0,Functional
images/cell0611.png,1.0,poly,cell0611.png,/content/elpv-dataset/src/elpv_dataset/data/images/cell0611.png,1,Defective
images/cell0612.png,1.0,poly,cell0612.png,/content/elpv-dataset/src/elpv_dataset/data/images/cell0612.png,1,Defective
images/cell0613.png,1.0,poly,cell0613.png,/content/elpv-dataset/src/elpv_dataset/data/images/cell0613.png,1,Defective
images/cell0614.png,1.0,poly,cell0614.png,/content/elpv-dataset/src/elpv_dataset/data/images/cell0614.png,1,Defective
images/cell0615.png,1.0,poly,cell0615.png,/content/elpv-dataset/src/elpv_dataset/data/images/cell0615.png,1,Defective
images/cell0616.png,1.0,poly,cell0616.png,/content/elpv-dataset/src/elpv_dataset/data/images/cell0616.png,1,Defective
images/cell0617.png,1.0,poly,cell0617.png,/content/elpv-dataset/src/elpv_dataset/data/images/cell0617.png,1,Defective
images/cell0618.png,1.0,poly,cell0618.png,/content/elpv-dataset/src/elpv_dataset/data/images/cell0618.png,1,Defective
images/cell0619.png,0.0,poly,cell0619.png,/content/elpv-dataset/src/elpv_dataset/data/images/cell0619.png,0,Functional
images/cell0620.png,1.0,poly,cell0620.png,/content/elpv-dataset/src/elpv_dataset/data/images/cell0620.png,1,Defective
images/cell0621.png,0.0,poly,cell0621.png,/content/elpv-dataset/src/elpv_dataset/data/images/cell0621.png,0,Functional
images/cell0622.png,0.0,poly,cell0622.png,/content/elpv-dataset/src/elpv_dataset/data/images/cell0622.png,0,Functional
images/cell0623.png,0.0,poly,cell0623.png,/content/elpv-dataset/src/elpv_dataset/data/images/cell0623.png,0,Functional
images/cell0624.png,0.0,poly,cell0624.png,/content/elpv-dataset/src/elpv_dataset/data/images/cell0624.png,0,Functional
images/cell0626.png,1.0,poly,cell0626.png,/content/elpv-dataset/src/elpv_dataset/data/images/cell0626.png,1,Defective
images/cell0631.png,1.0,poly,cell0631.png,/content/elpv-dataset/src/elpv_dataset/data/images/cell0631.png,1,Defective
images/cell0632.png,1.0,poly,cell0632.png,/content/elpv-dataset/src/elpv_dataset/data/images/cell0632.png,1,Defective
images/cell0633.png,0.0,poly,cell0633.png,/content/elpv-dataset/src/elpv_dataset/data/images/cell0633.png,0,Functional
images/cell0634.png,1.0,poly,cell0634.png,/content/elpv-dataset/src/elpv_dataset/data/images/cell0634.png,1,Defective
images/cell0635.png,0.0,poly,cell0635.png,/content/elpv-dataset/src/elpv_dataset/data/images/cell0635.png,0,Functional
images/cell0636.png,1.0,poly,cell0636.png,/content/elpv-dataset/src/elpv_dataset/data/images/cell0636.png,1,Defective
images/cell0637.png,0.0,poly,cell0637.png,/content/elpv-dataset/src/elpv_dataset/data/images/cell0637.png,0,Functional
images/cell0638.png,0.0,poly,cell0638.png,/content/elpv-dataset/src/elpv_dataset/data/images/cell0638.png,0,Functional
images/cell0639.png,1.0,poly,cell0639.png,/content/elpv-dataset/src/elpv_dataset/data/images/cell0639.png,1,Defective
images/cell0640.png,1.0,poly,cell0640.png,/content/elpv-dataset/src/elpv_dataset/data/images/cell0640.png,1,Defective
images/cell0641.png,1.0,poly,cell0641.png,/content/elpv-dataset/src/elpv_dataset/data/images/cell0641.png,1,Defective
images/cell0642.png,1.0,poly,cell0642.png,/content/elpv-dataset/src/elpv_dataset/data/images/cell0642.png,1,Defective
images/cell0643.png,1.0,poly,cell0643.png,/content/elpv-dataset/src/elpv_dataset/data/images/cell0643.png,1,Defective
images/cell0644.png,1.0,poly,cell0644.png,/content/elpv-dataset/src/elpv_dataset/data/images/cell0644.png,1,Defective
images/cell0645.png,1.0,poly,cell0645.png,/content/elpv-dataset/src/elpv_dataset/data/images/cell0645.png,1,Defective
images/cell0646.png,1.0,poly,cell0646.png,/content/elpv-dataset/src/elpv_dataset/data/images/cell0646.png,1,Defective
images/cell0647.png,0.0,poly,cell0647.png,/content/elpv-dataset/src/elpv_dataset/data/images/cell0647.png,0,Functional
images/cell0648.png,0.0,poly,cell0648.png,/content/elpv-dataset/src/elpv_dataset/data/images/cell0648.png,0,Functional
images/cell0649.png,0.0,poly,cell0649.png,/content/elpv-dataset/src/elpv_dataset/data/images/cell0649.png,0,Functional
images/cell0650.png,0.0,poly,cell0650.png,/content/elpv-dataset/src/elpv_dataset/data/images/cell0650.png,0,Functional
images/cell0651.png,0.0,poly,cell0651.png,/content/elpv-dataset/src/elpv_dataset/data/images/cell0651.png,0,Functional
images/cell0652.png,1.0,poly,cell0652.png,/content/elpv-dataset/src/elpv_dataset/data/images/cell0652.png,1,Defective
images/cell0653.png,0.0,poly,cell0653.png,/content/elpv-dataset/src/elpv_dataset/data/images/cell0653.png,0,Functional
images/cell0654.png,1.0,poly,cell0654.png,/content/elpv-dataset/src/elpv_dataset/data/images/cell0654.png,1,Defective
images/cell0655.png,0.0,poly,cell0655.png,/content/elpv-dataset/src/elpv_dataset/data/images/cell0655.png,0,Functional
images/cell0656.png,0.0,poly,cell0656.png,/content/elpv-dataset/src/elpv_dataset/data/images/cell0656.png,0,Functional
images/cell0657.png,0.0,poly,cell0657.png,/content/elpv-dataset/src/elpv_dataset/data/images/cell0657.png,0,Functional
images/cell0658.png,0.0,poly,cell0658.png,/content/elpv-dataset/src/elpv_dataset/data/images/cell0658.png,0,Functional
images/cell0659.png,0.0,poly,cell0659.png,/content/elpv-dataset/src/elpv_dataset/data/images/cell0659.png,0,Functional
images/cell0660.png,1.0,poly,cell0660.png,/content/elpv-dataset/src/elpv_dataset/data/images/cell0660.png,1,Defective
images/cell0661.png,1.0,poly,cell0661.png,/content/elpv-dataset/src/elpv_dataset/data/images/cell0661.png,1,Defective
images/cell0662.png,1.0,poly,cell0662.png,/content/elpv-dataset/src/elpv_dataset/data/images/cell0662.png,1,Defective
images/cell0663.png,1.0,poly,cell0663.png,/content/elpv-dataset/src/elpv_dataset/data/images/cell0663.png,1,Defective
images/cell0664.png,0.0,poly,cell0664.png,/content/elpv-dataset/src/elpv_dataset/data/images/cell0664.png,0,Functional
images/cell0665.png,0.0,poly,cell0665.png,/content/elpv-dataset/src/elpv_dataset/data/images/cell0665.png,0,Functional
images/cell0666.png,1.0,poly,cell0666.png,/content/elpv-dataset/src/elpv_dataset/data/images/cell0666.png,1,Defective
images/cell0667.png,1.0,poly,cell0667.png,/content/elpv-dataset/src/elpv_dataset/data/images/cell0667.png,1,Defective
images/cell0668.png,1.0,poly,cell0668.png,/content/elpv-dataset/src/elpv_dataset/data/images/cell0668.png,1,Defective
images/cell0671.png,1.0,poly,cell0671.png,/content/elpv-dataset/src/elpv_dataset/data/images/cell0671.png,1,Defective
images/cell0672.png,1.0,poly,cell0672.png,/content/elpv-dataset/src/elpv_dataset/data/images/cell0672.png,1,Defective
images/cell0673.png,1.0,poly,cell0673.png,/content/elpv-dataset/src/elpv_dataset/data/images/cell0673.png,1,Defective
images/cell0674.png,1.0,poly,cell0674.png,/content/elpv-dataset/src/elpv_dataset/data/images/cell0674.png,1,Defective
images/cell0675.png,1.0,poly,cell0675.png,/content/elpv-dataset/src/elpv_dataset/data/images/cell0675.png,1,Defective
images/cell0676.png,0.0,poly,cell0676.png,/content/elpv-dataset/src/elpv_dataset/data/images/cell0676.png,0,Functional
images/cell0679.png,0.0,poly,cell0679.png,/content/elpv-dataset/src/elpv_dataset/data/images/cell0679.png,0,Functional
images/cell0680.png,1.0,poly,cell0680.png,/content/elpv-dataset/src/elpv_dataset/data/images/cell0680.png,1,Defective
images/cell0681.png,0.0,poly,cell0681.png,/content/elpv-dataset/src/elpv_dataset/data/images/cell0681.png,0,Functional
images/cell0682.png,1.0,poly,cell0682.png,/content/elpv-dataset/src/elpv_dataset/data/images/cell0682.png,1,Defective
images/cell0686.png,1.0,poly,cell0686.png,/content/elpv-dataset/src/elpv_dataset/data/images/cell0686.png,1,Defective
images/cell0687.png,1.0,poly,cell0687.png,/content/elpv-dataset/src/elpv_dataset/data/images/cell0687.png,1,Defective
images/cell0688.png,0.0,poly,cell0688.png,/content/elpv-dataset/src/elpv_dataset/data/images/cell0688.png,0,Functional
images/cell0690.png,0.0,poly,cell0690.png,/content/elpv-dataset/src/elpv_dataset/data/images/cell0690.png,0,Functional
images/cell0691.png,1.0,poly,cell0691.png,/content/elpv-dataset/src/elpv_dataset/data/images/cell0691.png,1,Defective
images/cell0692.png,0.0,poly,cell0692.png,/content/elpv-dataset/src/elpv_dataset/data/images/cell0692.png,0,Functional
images/cell0693.png,1.0,poly,cell0693.png,/content/elpv-dataset/src/elpv_dataset/data/images/cell0693.png,1,Defective
images/cell0694.png,1.0,poly,cell0694.png,/content/elpv-dataset/src/elpv_dataset/data/images/cell0694.png,1,Defective
images/cell0695.png,1.0,poly,cell0695.png,/content/elpv-dataset/src/elpv_dataset/data/images/cell0695.png,1,Defective
images/cell0696.png,1.0,poly,cell0696.png,/content/elpv-dataset/src/elpv_dataset/data/images/cell0696.png,1,Defective
images/cell0697.png,0.0,poly,cell0697.png,/content/elpv-dataset/src/elpv_dataset/data/images/cell0697.png,0,Functional
images/cell0698.png,0.0,poly,cell0698.png,/content/elpv-dataset/src/elpv_dataset/data/images/cell0698.png,0,Functional
images/cell0699.png,1.0,poly,cell0699.png,/content/elpv-dataset/src/elpv_dataset/data/images/cell0699.png,1,Defective
images/cell0700.png,1.0,poly,cell0700.png,/content/elpv-dataset/src/elpv_dataset/data/images/cell0700.png,1,Defective
images/cell0702.png,1.0,poly,cell0702.png,/content/elpv-dataset/src/elpv_dataset/data/images/cell0702.png,1,Defective
images/cell0703.png,1.0,poly,cell0703.png,/content/elpv-dataset/src/elpv_dataset/data/images/cell0703.png,1,Defective
images/cell0704.png,0.0,poly,cell0704.png,/content/elpv-dataset/src/elpv_dataset/data/images/cell0704.png,0,Functional
images/cell0705.png,0.0,poly,cell0705.png,/content/elpv-dataset/src/elpv_dataset/data/images/cell0705.png,0,Functional
images/cell0707.png,1.0,poly,cell0707.png,/content/elpv-dataset/src/elpv_dataset/data/images/cell0707.png,1,Defective
images/cell0708.png,1.0,poly,cell0708.png,/content/elpv-dataset/src/elpv_dataset/data/images/cell0708.png,1,Defective
images/cell0709.png,0.0,poly,cell0709.png,/content/elpv-dataset/src/elpv_dataset/data/images/cell0709.png,0,Functional
images/cell0712.png,1.0,poly,cell0712.png,/content/elpv-dataset/src/elpv_dataset/data/images/cell0712.png,1,Defective
images/cell0713.png,1.0,poly,cell0713.png,/content/elpv-dataset/src/elpv_dataset/data/images/cell0713.png,1,Defective
images/cell0715.png,1.0,poly,cell0715.png,/content/elpv-dataset/src/elpv_dataset/data/images/cell0715.png,1,Defective
images/cell0716.png,0.0,poly,cell0716.png,/content/elpv-dataset/src/elpv_dataset/data/images/cell0716.png,0,Functional
images/cell0717.png,0.0,poly,cell0717.png,/content/elpv-dataset/src/elpv_dataset/data/images/cell0717.png,0,Functional
images/cell0718.png,0.0,poly,cell0718.png,/content/elpv-dataset/src/elpv_dataset/data/images/cell0718.png,0,Functional
images/cell0719.png,0.0,poly,cell0719.png,/content/elpv-dataset/src/elpv_dataset/data/images/cell0719.png,0,Functional
images/cell0720.png,0.0,poly,cell0720.png,/content/elpv-dataset/src/elpv_dataset/data/images/cell0720.png,0,Functional
images/cell0721.png,0.0,poly,cell0721.png,/content/elpv-dataset/src/elpv_dataset/data/images/cell0721.png,0,Functional
images/cell0722.png,0.0,poly,cell0722.png,/content/elpv-dataset/src/elpv_dataset/data/images/cell0722.png,0,Functional
images/cell0723.png,0.0,poly,cell0723.png,/content/elpv-dataset/src/elpv_dataset/data/images/cell0723.png,0,Functional
images/cell0724.png,0.0,poly,cell0724.png,/content/elpv-dataset/src/elpv_dataset/data/images/cell0724.png,0,Functional
images/cell0725.png,0.0,poly,cell0725.png,/content/elpv-dataset/src/elpv_dataset/data/images/cell0725.png,0,Functional
images/cell0726.png,0.0,poly,cell0726.png,/content/elpv-dataset/src/elpv_dataset/data/images/cell0726.png,0,Functional
images/cell0727.png,0.0,poly,cell0727.png,/content/elpv-dataset/src/elpv_dataset/data/images/cell0727.png,0,Functional
images/cell0728.png,0.0,poly,cell0728.png,/content/elpv-dataset/src/elpv_dataset/data/images/cell0728.png,0,Functional
images/cell0729.png,0.0,poly,cell0729.png,/content/elpv-dataset/src/elpv_dataset/data/images/cell0729.png,0,Functional
images/cell0730.png,0.0,poly,cell0730.png,/content/elpv-dataset/src/elpv_dataset/data/images/cell0730.png,0,Functional
images/cell0732.png,1.0,poly,cell0732.png,/content/elpv-dataset/src/elpv_dataset/data/images/cell0732.png,1,Defective
images/cell0733.png,0.0,poly,cell0733.png,/content/elpv-dataset/src/elpv_dataset/data/images/cell0733.png,0,Functional
images/cell0734.png,0.0,poly,cell0734.png,/content/elpv-dataset/src/elpv_dataset/data/images/cell0734.png,0,Functional
images/cell0735.png,0.0,poly,cell0735.png,/content/elpv-dataset/src/elpv_dataset/data/images/cell0735.png,0,Functional
images/cell0736.png,0.0,poly,cell0736.png,/content/elpv-dataset/src/elpv_dataset/data/images/cell0736.png,0,Functional
images/cell0737.png,0.0,poly,cell0737.png,/content/elpv-dataset/src/elpv_dataset/data/images/cell0737.png,0,Functional
images/cell0738.png,1.0,poly,cell0738.png,/content/elpv-dataset/src/elpv_dataset/data/images/cell0738.png,1,Defective
images/cell0739.png,0.0,poly,cell0739.png,/content/elpv-dataset/src/elpv_dataset/data/images/cell0739.png,0,Functional
images/cell0740.png,1.0,poly,cell0740.png,/content/elpv-dataset/src/elpv_dataset/data/images/cell0740.png,1,Defective
images/cell0741.png,1.0,poly,cell0741.png,/content/elpv-dataset/src/elpv_dataset/data/images/cell0741.png,1,Defective
images/cell0742.png,1.0,poly,cell0742.png,/content/elpv-dataset/src/elpv_dataset/data/images/cell0742.png,1,Defective
images/cell0743.png,1.0,poly,cell0743.png,/content/elpv-dataset/src/elpv_dataset/data/images/cell0743.png,1,Defective
images/cell0744.png,1.0,poly,cell0744.png,/content/elpv-dataset/src/elpv_dataset/data/images/cell0744.png,1,Defective
images/cell0745.png,0.0,poly,cell0745.png,/content/elpv-dataset/src/elpv_dataset/data/images/cell0745.png,0,Functional
images/cell0746.png,0.0,poly,cell0746.png,/content/elpv-dataset/src/elpv_dataset/data/images/cell0746.png,0,Functional
images/cell0747.png,0.0,poly,cell0747.png,/content/elpv-dataset/src/elpv_dataset/data/images/cell0747.png,0,Functional
images/cell0748.png,1.0,poly,cell0748.png,/content/elpv-dataset/src/elpv_dataset/data/images/cell0748.png,1,Defective
images/cell0749.png,0.0,poly,cell0749.png,/content/elpv-dataset/src/elpv_dataset/data/images/cell0749.png,0,Functional
images/cell0750.png,0.0,poly,cell0750.png,/content/elpv-dataset/src/elpv_dataset/data/images/cell0750.png,0,Functional
images/cell0751.png,0.0,poly,cell0751.png,/content/elpv-dataset/src/elpv_dataset/data/images/cell0751.png,0,Functional
images/cell0752.png,0.0,poly,cell0752.png,/content/elpv-dataset/src/elpv_dataset/data/images/cell0752.png,0,Functional
images/cell0753.png,0.0,poly,cell0753.png,/content/elpv-dataset/src/elpv_dataset/data/images/cell0753.png,0,Functional
images/cell0754.png,0.0,poly,cell0754.png,/content/elpv-dataset/src/elpv_dataset/data/images/cell0754.png,0,Functional
images/cell0755.png,0.0,poly,cell0755.png,/content/elpv-dataset/src/elpv_dataset/data/images/cell0755.png,0,Functional
images/cell0756.png,0.0,poly,cell0756.png,/content/elpv-dataset/src/elpv_dataset/data/images/cell0756.png,0,Functional
images/cell0757.png,1.0,poly,cell0757.png,/content/elpv-dataset/src/elpv_dataset/data/images/cell0757.png,1,Defective
images/cell0759.png,1.0,poly,cell0759.png,/content/elpv-dataset/src/elpv_dataset/data/images/cell0759.png,1,Defective
images/cell0761.png,0.0,poly,cell0761.png,/content/elpv-dataset/src/elpv_dataset/data/images/cell0761.png,0,Functional
images/cell0762.png,1.0,poly,cell0762.png,/content/elpv-dataset/src/elpv_dataset/data/images/cell0762.png,1,Defective
images/cell0763.png,0.0,poly,cell0763.png,/content/elpv-dataset/src/elpv_dataset/data/images/cell0763.png,0,Functional
images/cell0764.png,0.0,poly,cell0764.png,/content/elpv-dataset/src/elpv_dataset/data/images/cell0764.png,0,Functional
images/cell0765.png,0.0,poly,cell0765.png,/content/elpv-dataset/src/elpv_dataset/data/images/cell0765.png,0,Functional
images/cell0766.png,0.0,poly,cell0766.png,/content/elpv-dataset/src/elpv_dataset/data/images/cell0766.png,0,Functional
images/cell0767.png,0.0,poly,cell0767.png,/content/elpv-dataset/src/elpv_dataset/data/images/cell0767.png,0,Functional
images/cell0768.png,0.0,poly,cell0768.png,/content/elpv-dataset/src/elpv_dataset/data/images/cell0768.png,0,Functional
images/cell0769.png,0.0,poly,cell0769.png,/content/elpv-dataset/src/elpv_dataset/data/images/cell0769.png,0,Functional
images/cell0770.png,0.0,poly,cell0770.png,/content/elpv-dataset/src/elpv_dataset/data/images/cell0770.png,0,Functional
images/cell0771.png,0.0,poly,cell0771.png,/content/elpv-dataset/src/elpv_dataset/data/images/cell0771.png,0,Functional
images/cell0772.png,0.0,poly,cell0772.png,/content/elpv-dataset/src/elpv_dataset/data/images/cell0772.png,0,Functional
images/cell0773.png,1.0,poly,cell0773.png,/content/elpv-dataset/src/elpv_dataset/data/images/cell0773.png,1,Defective
images/cell0774.png,0.0,poly,cell0774.png,/content/elpv-dataset/src/elpv_dataset/data/images/cell0774.png,0,Functional
images/cell0775.png,0.0,poly,cell0775.png,/content/elpv-dataset/src/elpv_dataset/data/images/cell0775.png,0,Functional
images/cell0776.png,0.0,poly,cell0776.png,/content/elpv-dataset/src/elpv_dataset/data/images/cell0776.png,0,Functional
images/cell0778.png,0.0,poly,cell0778.png,/content/elpv-dataset/src/elpv_dataset/data/images/cell0778.png,0,Functional
images/cell0779.png,0.0,poly,cell0779.png,/content/elpv-dataset/src/elpv_dataset/data/images/cell0779.png,0,Functional
images/cell0780.png,0.0,poly,cell0780.png,/content/elpv-dataset/src/elpv_dataset/data/images/cell0780.png,0,Functional
images/cell0781.png,1.0,poly,cell0781.png,/content/elpv-dataset/src/elpv_dataset/data/images/cell0781.png,1,Defective
images/cell0782.png,1.0,poly,cell0782.png,/content/elpv-dataset/src/elpv_dataset/data/images/cell0782.png,1,Defective
images/cell0784.png,0.0,poly,cell0784.png,/content/elpv-dataset/src/elpv_dataset/data/images/cell0784.png,0,Functional
images/cell0785.png,0.0,poly,cell0785.png,/content/elpv-dataset/src/elpv_dataset/data/images/cell0785.png,0,Functional
images/cell0786.png,1.0,poly,cell0786.png,/content/elpv-dataset/src/elpv_dataset/data/images/cell0786.png,1,Defective
images/cell0787.png,1.0,poly,cell0787.png,/content/elpv-dataset/src/elpv_dataset/data/images/cell0787.png,1,Defective
images/cell0788.png,1.0,poly,cell0788.png,/content/elpv-dataset/src/elpv_dataset/data/images/cell0788.png,1,Defective
images/cell0789.png,0.0,poly,cell0789.png,/content/elpv-dataset/src/elpv_dataset/data/images/cell0789.png,0,Functional
images/cell0790.png,1.0,poly,cell0790.png,/content/elpv-dataset/src/elpv_dataset/data/images/cell0790.png,1,Defective
images/cell0792.png,1.0,poly,cell0792.png,/content/elpv-dataset/src/elpv_dataset/data/images/cell0792.png,1,Defective
images/cell0793.png,1.0,poly,cell0793.png,/content/elpv-dataset/src/elpv_dataset/data/images/cell0793.png,1,Defective
images/cell0794.png,1.0,poly,cell0794.png,/content/elpv-dataset/src/elpv_dataset/data/images/cell0794.png,1,Defective
images/cell0795.png,1.0,poly,cell0795.png,/content/elpv-dataset/src/elpv_dataset/data/images/cell0795.png,1,Defective
images/cell0796.png,1.0,poly,cell0796.png,/content/elpv-dataset/src/elpv_dataset/data/images/cell0796.png,1,Defective
images/cell0798.png,1.0,poly,cell0798.png,/content/elpv-dataset/src/elpv_dataset/data/images/cell0798.png,1,Defective
images/cell0799.png,1.0,poly,cell0799.png,/content/elpv-dataset/src/elpv_dataset/data/images/cell0799.png,1,Defective
images/cell0800.png,1.0,poly,cell0800.png,/content/elpv-dataset/src/elpv_dataset/data/images/cell0800.png,1,Defective
images/cell0801.png,0.0,poly,cell0801.png,/content/elpv-dataset/src/elpv_dataset/data/images/cell0801.png,0,Functional
images/cell0803.png,0.0,poly,cell0803.png,/content/elpv-dataset/src/elpv_dataset/data/images/cell0803.png,0,Functional
images/cell0804.png,1.0,poly,cell0804.png,/content/elpv-dataset/src/elpv_dataset/data/images/cell0804.png,1,Defective
images/cell0805.png,0.0,poly,cell0805.png,/content/elpv-dataset/src/elpv_dataset/data/images/cell0805.png,0,Functional
images/cell0806.png,1.0,poly,cell0806.png,/content/elpv-dataset/src/elpv_dataset/data/images/cell0806.png,1,Defective
images/cell0808.png,0.0,poly,cell0808.png,/content/elpv-dataset/src/elpv_dataset/data/images/cell0808.png,0,Functional
images/cell0809.png,0.0,poly,cell0809.png,/content/elpv-dataset/src/elpv_dataset/data/images/cell0809.png,0,Functional
images/cell0810.png,0.0,poly,cell0810.png,/content/elpv-dataset/src/elpv_dataset/data/images/cell0810.png,0,Functional
images/cell0811.png,0.0,poly,cell0811.png,/content/elpv-dataset/src/elpv_dataset/data/images/cell0811.png,0,Functional
images/cell0812.png,1.0,poly,cell0812.png,/content/elpv-dataset/src/elpv_dataset/data/images/cell0812.png,1,Defective
images/cell0813.png,0.0,poly,cell0813.png,/content/elpv-dataset/src/elpv_dataset/data/images/cell0813.png,0,Functional
images/cell0814.png,0.0,poly,cell0814.png,/content/elpv-dataset/src/elpv_dataset/data/images/cell0814.png,0,Functional
images/cell0815.png,0.0,poly,cell0815.png,/content/elpv-dataset/src/elpv_dataset/data/images/cell0815.png,0,Functional
images/cell0817.png,1.0,poly,cell0817.png,/content/elpv-dataset/src/elpv_dataset/data/images/cell0817.png,1,Defective
images/cell0819.png,0.0,poly,cell0819.png,/content/elpv-dataset/src/elpv_dataset/data/images/cell0819.png,0,Functional
images/cell0820.png,0.0,poly,cell0820.png,/content/elpv-dataset/src/elpv_dataset/data/images/cell0820.png,0,Functional
images/cell0821.png,1.0,poly,cell0821.png,/content/elpv-dataset/src/elpv_dataset/data/images/cell0821.png,1,Defective
images/cell0822.png,0.0,poly,cell0822.png,/content/elpv-dataset/src/elpv_dataset/data/images/cell0822.png,0,Functional
images/cell0823.png,0.0,poly,cell0823.png,/content/elpv-dataset/src/elpv_dataset/data/images/cell0823.png,0,Functional
images/cell0824.png,0.0,poly,cell0824.png,/content/elpv-dataset/src/elpv_dataset/data/images/cell0824.png,0,Functional
images/cell0825.png,0.0,poly,cell0825.png,/content/elpv-dataset/src/elpv_dataset/data/images/cell0825.png,0,Functional
images/cell0826.png,0.0,poly,cell0826.png,/content/elpv-dataset/src/elpv_dataset/data/images/cell0826.png,0,Functional
images/cell0827.png,0.0,poly,cell0827.png,/content/elpv-dataset/src/elpv_dataset/data/images/cell0827.png,0,Functional
images/cell0828.png,0.0,poly,cell0828.png,/content/elpv-dataset/src/elpv_dataset/data/images/cell0828.png,0,Functional
images/cell0829.png,0.0,poly,cell0829.png,/content/elpv-dataset/src/elpv_dataset/data/images/cell0829.png,0,Functional
images/cell0830.png,0.0,poly,cell0830.png,/content/elpv-dataset/src/elpv_dataset/data/images/cell0830.png,0,Functional
images/cell0831.png,0.0,poly,cell0831.png,/content/elpv-dataset/src/elpv_dataset/data/images/cell0831.png,0,Functional
images/cell0832.png,0.0,poly,cell0832.png,/content/elpv-dataset/src/elpv_dataset/data/images/cell0832.png,0,Functional
images/cell0833.png,0.0,poly,cell0833.png,/content/elpv-dataset/src/elpv_dataset/data/images/cell0833.png,0,Functional
images/cell0834.png,1.0,poly,cell0834.png,/content/elpv-dataset/src/elpv_dataset/data/images/cell0834.png,1,Defective
images/cell0835.png,1.0,poly,cell0835.png,/content/elpv-dataset/src/elpv_dataset/data/images/cell0835.png,1,Defective
images/cell0836.png,1.0,poly,cell0836.png,/content/elpv-dataset/src/elpv_dataset/data/images/cell0836.png,1,Defective
images/cell0837.png,1.0,poly,cell0837.png,/content/elpv-dataset/src/elpv_dataset/data/images/cell0837.png,1,Defective
images/cell0839.png,0.0,poly,cell0839.png,/content/elpv-dataset/src/elpv_dataset/data/images/cell0839.png,0,Functional
images/cell0840.png,0.0,poly,cell0840.png,/content/elpv-dataset/src/elpv_dataset/data/images/cell0840.png,0,Functional
images/cell0841.png,1.0,poly,cell0841.png,/content/elpv-dataset/src/elpv_dataset/data/images/cell0841.png,1,Defective
images/cell0842.png,1.0,poly,cell0842.png,/content/elpv-dataset/src/elpv_dataset/data/images/cell0842.png,1,Defective
images/cell0843.png,1.0,poly,cell0843.png,/content/elpv-dataset/src/elpv_dataset/data/images/cell0843.png,1,Defective
images/cell0844.png,0.0,poly,cell0844.png,/content/elpv-dataset/src/elpv_dataset/data/images/cell0844.png,0,Functional
images/cell0845.png,0.0,poly,cell0845.png,/content/elpv-dataset/src/elpv_dataset/data/images/cell0845.png,0,Functional
images/cell0846.png,0.0,poly,cell0846.png,/content/elpv-dataset/src/elpv_dataset/data/images/cell0846.png,0,Functional
images/cell0847.png,0.0,poly,cell0847.png,/content/elpv-dataset/src/elpv_dataset/data/images/cell0847.png,0,Functional
images/cell0848.png,0.0,poly,cell0848.png,/content/elpv-dataset/src/elpv_dataset/data/images/cell0848.png,0,Functional
images/cell0849.png,0.0,poly,cell0849.png,/content/elpv-dataset/src/elpv_dataset/data/images/cell0849.png,0,Functional
images/cell0850.png,0.0,poly,cell0850.png,/content/elpv-dataset/src/elpv_dataset/data/images/cell0850.png,0,Functional
images/cell0851.png,1.0,poly,cell0851.png,/content/elpv-dataset/src/elpv_dataset/data/images/cell0851.png,1,Defective
images/cell0852.png,1.0,poly,cell0852.png,/content/elpv-dataset/src/elpv_dataset/data/images/cell0852.png,1,Defective
images/cell0853.png,1.0,poly,cell0853.png,/content/elpv-dataset/src/elpv_dataset/data/images/cell0853.png,1,Defective
images/cell0854.png,1.0,poly,cell0854.png,/content/elpv-dataset/src/elpv_dataset/data/images/cell0854.png,1,Defective
images/cell0855.png,1.0,poly,cell0855.png,/content/elpv-dataset/src/elpv_dataset/data/images/cell0855.png,1,Defective
images/cell0856.png,1.0,poly,cell0856.png,/content/elpv-dataset/src/elpv_dataset/data/images/cell0856.png,1,Defective
images/cell0857.png,1.0,poly,cell0857.png,/content/elpv-dataset/src/elpv_dataset/data/images/cell0857.png,1,Defective
images/cell0858.png,1.0,poly,cell0858.png,/content/elpv-dataset/src/elpv_dataset/data/images/cell0858.png,1,Defective
images/cell0859.png,1.0,poly,cell0859.png,/content/elpv-dataset/src/elpv_dataset/data/images/cell0859.png,1,Defective
images/cell0860.png,1.0,poly,cell0860.png,/content/elpv-dataset/src/elpv_dataset/data/images/cell0860.png,1,Defective
images/cell0861.png,1.0,poly,cell0861.png,/content/elpv-dataset/src/elpv_dataset/data/images/cell0861.png,1,Defective
images/cell0862.png,1.0,poly,cell0862.png,/content/elpv-dataset/src/elpv_dataset/data/images/cell0862.png,1,Defective
images/cell0863.png,1.0,poly,cell0863.png,/content/elpv-dataset/src/elpv_dataset/data/images/cell0863.png,1,Defective
images/cell0864.png,1.0,poly,cell0864.png,/content/elpv-dataset/src/elpv_dataset/data/images/cell0864.png,1,Defective
images/cell0865.png,1.0,poly,cell0865.png,/content/elpv-dataset/src/elpv_dataset/data/images/cell0865.png,1,Defective
images/cell0867.png,1.0,poly,cell0867.png,/content/elpv-dataset/src/elpv_dataset/data/images/cell0867.png,1,Defective
images/cell0868.png,1.0,poly,cell0868.png,/content/elpv-dataset/src/elpv_dataset/data/images/cell0868.png,1,Defective
images/cell0869.png,1.0,poly,cell0869.png,/content/elpv-dataset/src/elpv_dataset/data/images/cell0869.png,1,Defective
images/cell0870.png,1.0,poly,cell0870.png,/content/elpv-dataset/src/elpv_dataset/data/images/cell0870.png,1,Defective
images/cell0871.png,1.0,poly,cell0871.png,/content/elpv-dataset/src/elpv_dataset/data/images/cell0871.png,1,Defective
images/cell0873.png,1.0,poly,cell0873.png,/content/elpv-dataset/src/elpv_dataset/data/images/cell0873.png,1,Defective
images/cell0874.png,1.0,poly,cell0874.png,/content/elpv-dataset/src/elpv_dataset/data/images/cell0874.png,1,Defective
images/cell0875.png,1.0,poly,cell0875.png,/content/elpv-dataset/src/elpv_dataset/data/images/cell0875.png,1,Defective
images/cell0876.png,1.0,poly,cell0876.png,/content/elpv-dataset/src/elpv_dataset/data/images/cell0876.png,1,Defective
images/cell0877.png,1.0,poly,cell0877.png,/content/elpv-dataset/src/elpv_dataset/data/images/cell0877.png,1,Defective
images/cell0878.png,1.0,poly,cell0878.png,/content/elpv-dataset/src/elpv_dataset/data/images/cell0878.png,1,Defective
images/cell0879.png,1.0,poly,cell0879.png,/content/elpv-dataset/src/elpv_dataset/data/images/cell0879.png,1,Defective
images/cell0880.png,1.0,poly,cell0880.png,/content/elpv-dataset/src/elpv_dataset/data/images/cell0880.png,1,Defective
images/cell0881.png,1.0,poly,cell0881.png,/content/elpv-dataset/src/elpv_dataset/data/images/cell0881.png,1,Defective
images/cell0882.png,1.0,poly,cell0882.png,/content/elpv-dataset/src/elpv_dataset/data/images/cell0882.png,1,Defective
images/cell0883.png,1.0,poly,cell0883.png,/content/elpv-dataset/src/elpv_dataset/data/images/cell0883.png,1,Defective
images/cell0884.png,1.0,poly,cell0884.png,/content/elpv-dataset/src/elpv_dataset/data/images/cell0884.png,1,Defective
images/cell0885.png,1.0,poly,cell0885.png,/content/elpv-dataset/src/elpv_dataset/data/images/cell0885.png,1,Defective
images/cell0886.png,1.0,poly,cell0886.png,/content/elpv-dataset/src/elpv_dataset/data/images/cell0886.png,1,Defective
images/cell0887.png,1.0,poly,cell0887.png,/content/elpv-dataset/src/elpv_dataset/data/images/cell0887.png,1,Defective
images/cell0888.png,1.0,poly,cell0888.png,/content/elpv-dataset/src/elpv_dataset/data/images/cell0888.png,1,Defective
images/cell0889.png,1.0,poly,cell0889.png,/content/elpv-dataset/src/elpv_dataset/data/images/cell0889.png,1,Defective
images/cell0890.png,1.0,poly,cell0890.png,/content/elpv-dataset/src/elpv_dataset/data/images/cell0890.png,1,Defective
images/cell0891.png,1.0,poly,cell0891.png,/content/elpv-dataset/src/elpv_dataset/data/images/cell0891.png,1,Defective
images/cell0892.png,1.0,poly,cell0892.png,/content/elpv-dataset/src/elpv_dataset/data/images/cell0892.png,1,Defective
images/cell0897.png,1.0,poly,cell0897.png,/content/elpv-dataset/src/elpv_dataset/data/images/cell0897.png,1,Defective
images/cell0898.png,1.0,poly,cell0898.png,/content/elpv-dataset/src/elpv_dataset/data/images/cell0898.png,1,Defective
images/cell0899.png,1.0,poly,cell0899.png,/content/elpv-dataset/src/elpv_dataset/data/images/cell0899.png,1,Defective
images/cell0900.png,1.0,poly,cell0900.png,/content/elpv-dataset/src/elpv_dataset/data/images/cell0900.png,1,Defective
images/cell0901.png,0.0,mono,cell0901.png,/content/elpv-dataset/src/elpv_dataset/data/images/cell0901.png,0,Functional
images/cell0902.png,0.0,mono,cell0902.png,/content/elpv-dataset/src/elpv_dataset/data/images/cell0902.png,0,Functional
images/cell0903.png,0.0,mono,cell0903.png,/content/elpv-dataset/src/elpv_dataset/data/images/cell0903.png,0,Functional
images/cell0904.png,0.0,mono,cell0904.png,/content/elpv-dataset/src/elpv_dataset/data/images/cell0904.png,0,Functional
images/cell0905.png,0.0,mono,cell0905.png,/content/elpv-dataset/src/elpv_dataset/data/images/cell0905.png,0,Functional
images/cell0906.png,0.0,mono,cell0906.png,/content/elpv-dataset/src/elpv_dataset/data/images/cell0906.png,0,Functional
images/cell0907.png,0.0,mono,cell0907.png,/content/elpv-dataset/src/elpv_dataset/data/images/cell0907.png,0,Functional
images/cell0908.png,0.0,mono,cell0908.png,/content/elpv-dataset/src/elpv_dataset/data/images/cell0908.png,0,Functional
images/cell0909.png,0.0,mono,cell0909.png,/content/elpv-dataset/src/elpv_dataset/data/images/cell0909.png,0,Functional
images/cell0910.png,0.0,mono,cell0910.png,/content/elpv-dataset/src/elpv_dataset/data/images/cell0910.png,0,Functional
images/cell0911.png,1.0,mono,cell0911.png,/content/elpv-dataset/src/elpv_dataset/data/images/cell0911.png,1,Defective
images/cell0912.png,1.0,mono,cell0912.png,/content/elpv-dataset/src/elpv_dataset/data/images/cell0912.png,1,Defective
images/cell0913.png,0.0,mono,cell0913.png,/content/elpv-dataset/src/elpv_dataset/data/images/cell0913.png,0,Functional
images/cell0914.png,0.0,mono,cell0914.png,/content/elpv-dataset/src/elpv_dataset/data/images/cell0914.png,0,Functional
images/cell0915.png,1.0,mono,cell0915.png,/content/elpv-dataset/src/elpv_dataset/data/images/cell0915.png,1,Defective
images/cell0916.png,1.0,mono,cell0916.png,/content/elpv-dataset/src/elpv_dataset/data/images/cell0916.png,1,Defective
images/cell0917.png,0.0,mono,cell0917.png,/content/elpv-dataset/src/elpv_dataset/data/images/cell0917.png,0,Functional
images/cell0918.png,0.0,mono,cell0918.png,/content/elpv-dataset/src/elpv_dataset/data/images/cell0918.png,0,Functional
images/cell0919.png,0.0,mono,cell0919.png,/content/elpv-dataset/src/elpv_dataset/data/images/cell0919.png,0,Functional
images/cell0920.png,0.0,mono,cell0920.png,/content/elpv-dataset/src/elpv_dataset/data/images/cell0920.png,0,Functional
images/cell0922.png,0.0,mono,cell0922.png,/content/elpv-dataset/src/elpv_dataset/data/images/cell0922.png,0,Functional
images/cell0923.png,0.0,mono,cell0923.png,/content/elpv-dataset/src/elpv_dataset/data/images/cell0923.png,0,Functional
images/cell0924.png,0.0,mono,cell0924.png,/content/elpv-dataset/src/elpv_dataset/data/images/cell0924.png,0,Functional
images/cell0925.png,0.0,mono,cell0925.png,/content/elpv-dataset/src/elpv_dataset/data/images/cell0925.png,0,Functional
images/cell0926.png,0.0,mono,cell0926.png,/content/elpv-dataset/src/elpv_dataset/data/images/cell0926.png,0,Functional
images/cell0927.png,0.0,mono,cell0927.png,/content/elpv-dataset/src/elpv_dataset/data/images/cell0927.png,0,Functional
images/cell0928.png,0.0,mono,cell0928.png,/content/elpv-dataset/src/elpv_dataset/data/images/cell0928.png,0,Functional
images/cell0929.png,0.0,mono,cell0929.png,/content/elpv-dataset/src/elpv_dataset/data/images/cell0929.png,0,Functional
images/cell0930.png,0.0,mono,cell0930.png,/content/elpv-dataset/src/elpv_dataset/data/images/cell0930.png,0,Functional
images/cell0931.png,0.0,mono,cell0931.png,/content/elpv-dataset/src/elpv_dataset/data/images/cell0931.png,0,Functional
images/cell0932.png,0.0,mono,cell0932.png,/content/elpv-dataset/src/elpv_dataset/data/images/cell0932.png,0,Functional
images/cell0933.png,0.0,mono,cell0933.png,/content/elpv-dataset/src/elpv_dataset/data/images/cell0933.png,0,Functional
images/cell0934.png,0.0,mono,cell0934.png,/content/elpv-dataset/src/elpv_dataset/data/images/cell0934.png,0,Functional
images/cell0935.png,0.0,mono,cell0935.png,/content/elpv-dataset/src/elpv_dataset/data/images/cell0935.png,0,Functional
images/cell0936.png,1.0,mono,cell0936.png,/content/elpv-dataset/src/elpv_dataset/data/images/cell0936.png,1,Defective
images/cell0937.png,0.0,mono,cell0937.png,/content/elpv-dataset/src/elpv_dataset/data/images/cell0937.png,0,Functional
images/cell0938.png,0.0,mono,cell0938.png,/content/elpv-dataset/src/elpv_dataset/data/images/cell0938.png,0,Functional
images/cell0939.png,0.0,mono,cell0939.png,/content/elpv-dataset/src/elpv_dataset/data/images/cell0939.png,0,Functional
images/cell0940.png,0.0,mono,cell0940.png,/content/elpv-dataset/src/elpv_dataset/data/images/cell0940.png,0,Functional
images/cell0941.png,0.0,mono,cell0941.png,/content/elpv-dataset/src/elpv_dataset/data/images/cell0941.png,0,Functional
images/cell0942.png,0.0,mono,cell0942.png,/content/elpv-dataset/src/elpv_dataset/data/images/cell0942.png,0,Functional
images/cell0943.png,0.0,mono,cell0943.png,/content/elpv-dataset/src/elpv_dataset/data/images/cell0943.png,0,Functional
images/cell0944.png,0.0,mono,cell0944.png,/content/elpv-dataset/src/elpv_dataset/data/images/cell0944.png,0,Functional
images/cell0945.png,0.0,mono,cell0945.png,/content/elpv-dataset/src/elpv_dataset/data/images/cell0945.png,0,Functional
images/cell0946.png,0.0,mono,cell0946.png,/content/elpv-dataset/src/elpv_dataset/data/images/cell0946.png,0,Functional
images/cell0947.png,0.0,mono,cell0947.png,/content/elpv-dataset/src/elpv_dataset/data/images/cell0947.png,0,Functional
images/cell0948.png,0.0,mono,cell0948.png,/content/elpv-dataset/src/elpv_dataset/data/images/cell0948.png,0,Functional
images/cell0949.png,0.0,mono,cell0949.png,/content/elpv-dataset/src/elpv_dataset/data/images/cell0949.png,0,Functional
images/cell0950.png,1.0,mono,cell0950.png,/content/elpv-dataset/src/elpv_dataset/data/images/cell0950.png,1,Defective
images/cell0951.png,0.0,mono,cell0951.png,/content/elpv-dataset/src/elpv_dataset/data/images/cell0951.png,0,Functional
images/cell0952.png,0.0,mono,cell0952.png,/content/elpv-dataset/src/elpv_dataset/data/images/cell0952.png,0,Functional
images/cell0953.png,0.0,mono,cell0953.png,/content/elpv-dataset/src/elpv_dataset/data/images/cell0953.png,0,Functional
images/cell0954.png,0.0,mono,cell0954.png,/content/elpv-dataset/src/elpv_dataset/data/images/cell0954.png,0,Functional
images/cell0955.png,0.0,mono,cell0955.png,/content/elpv-dataset/src/elpv_dataset/data/images/cell0955.png,0,Functional
images/cell0956.png,0.0,mono,cell0956.png,/content/elpv-dataset/src/elpv_dataset/data/images/cell0956.png,0,Functional
images/cell0957.png,0.0,mono,cell0957.png,/content/elpv-dataset/src/elpv_dataset/data/images/cell0957.png,0,Functional
images/cell0958.png,1.0,mono,cell0958.png,/content/elpv-dataset/src/elpv_dataset/data/images/cell0958.png,1,Defective
images/cell0959.png,0.0,mono,cell0959.png,/content/elpv-dataset/src/elpv_dataset/data/images/cell0959.png,0,Functional
images/cell0960.png,0.0,mono,cell0960.png,/content/elpv-dataset/src/elpv_dataset/data/images/cell0960.png,0,Functional
images/cell0961.png,0.0,mono,cell0961.png,/content/elpv-dataset/src/elpv_dataset/data/images/cell0961.png,0,Functional
images/cell0962.png,0.0,mono,cell0962.png,/content/elpv-dataset/src/elpv_dataset/data/images/cell0962.png,0,Functional
images/cell0963.png,0.0,mono,cell0963.png,/content/elpv-dataset/src/elpv_dataset/data/images/cell0963.png,0,Functional
images/cell0964.png,0.0,mono,cell0964.png,/content/elpv-dataset/src/elpv_dataset/data/images/cell0964.png,0,Functional
images/cell0965.png,0.0,mono,cell0965.png,/content/elpv-dataset/src/elpv_dataset/data/images/cell0965.png,0,Functional
images/cell0966.png,0.0,mono,cell0966.png,/content/elpv-dataset/src/elpv_dataset/data/images/cell0966.png,0,Functional
images/cell0967.png,0.0,mono,cell0967.png,/content/elpv-dataset/src/elpv_dataset/data/images/cell0967.png,0,Functional
images/cell0968.png,0.0,mono,cell0968.png,/content/elpv-dataset/src/elpv_dataset/data/images/cell0968.png,0,Functional
images/cell0969.png,0.0,mono,cell0969.png,/content/elpv-dataset/src/elpv_dataset/data/images/cell0969.png,0,Functional
images/cell0971.png,0.0,mono,cell0971.png,/content/elpv-dataset/src/elpv_dataset/data/images/cell0971.png,0,Functional
images/cell0972.png,0.0,mono,cell0972.png,/content/elpv-dataset/src/elpv_dataset/data/images/cell0972.png,0,Functional
images/cell0973.png,0.0,mono,cell0973.png,/content/elpv-dataset/src/elpv_dataset/data/images/cell0973.png,0,Functional
images/cell0974.png,0.0,mono,cell0974.png,/content/elpv-dataset/src/elpv_dataset/data/images/cell0974.png,0,Functional
images/cell0975.png,0.0,mono,cell0975.png,/content/elpv-dataset/src/elpv_dataset/data/images/cell0975.png,0,Functional
images/cell0976.png,1.0,mono,cell0976.png,/content/elpv-dataset/src/elpv_dataset/data/images/cell0976.png,1,Defective
images/cell0977.png,0.0,mono,cell0977.png,/content/elpv-dataset/src/elpv_dataset/data/images/cell0977.png,0,Functional
images/cell0978.png,1.0,mono,cell0978.png,/content/elpv-dataset/src/elpv_dataset/data/images/cell0978.png,1,Defective
images/cell0979.png,1.0,mono,cell0979.png,/content/elpv-dataset/src/elpv_dataset/data/images/cell0979.png,1,Defective
images/cell0980.png,0.0,mono,cell0980.png,/content/elpv-dataset/src/elpv_dataset/data/images/cell0980.png,0,Functional
images/cell0981.png,0.0,mono,cell0981.png,/content/elpv-dataset/src/elpv_dataset/data/images/cell0981.png,0,Functional
images/cell0982.png,0.0,mono,cell0982.png,/content/elpv-dataset/src/elpv_dataset/data/images/cell0982.png,0,Functional
images/cell0983.png,0.0,mono,cell0983.png,/content/elpv-dataset/src/elpv_dataset/data/images/cell0983.png,0,Functional
images/cell0984.png,0.0,mono,cell0984.png,/content/elpv-dataset/src/elpv_dataset/data/images/cell0984.png,0,Functional
images/cell0985.png,0.0,mono,cell0985.png,/content/elpv-dataset/src/elpv_dataset/data/images/cell0985.png,0,Functional
images/cell0986.png,0.0,mono,cell0986.png,/content/elpv-dataset/src/elpv_dataset/data/images/cell0986.png,0,Functional
images/cell0988.png,0.0,mono,cell0988.png,/content/elpv-dataset/src/elpv_dataset/data/images/cell0988.png,0,Functional
images/cell0989.png,0.0,mono,cell0989.png,/content/elpv-dataset/src/elpv_dataset/data/images/cell0989.png,0,Functional
images/cell0990.png,0.0,mono,cell0990.png,/content/elpv-dataset/src/elpv_dataset/data/images/cell0990.png,0,Functional
images/cell0991.png,0.0,mono,cell0991.png,/content/elpv-dataset/src/elpv_dataset/data/images/cell0991.png,0,Functional
images/cell0992.png,0.0,mono,cell0992.png,/content/elpv-dataset/src/elpv_dataset/data/images/cell0992.png,0,Functional
images/cell0993.png,0.0,mono,cell0993.png,/content/elpv-dataset/src/elpv_dataset/data/images/cell0993.png,0,Functional
images/cell0994.png,1.0,mono,cell0994.png,/content/elpv-dataset/src/elpv_dataset/data/images/cell0994.png,1,Defective
images/cell0995.png,0.0,mono,cell0995.png,/content/elpv-dataset/src/elpv_dataset/data/images/cell0995.png,0,Functional
images/cell0996.png,1.0,mono,cell0996.png,/content/elpv-dataset/src/elpv_dataset/data/images/cell0996.png,1,Defective
images/cell0997.png,0.0,mono,cell0997.png,/content/elpv-dataset/src/elpv_dataset/data/images/cell0997.png,0,Functional
images/cell0998.png,1.0,mono,cell0998.png,/content/elpv-dataset/src/elpv_dataset/data/images/cell0998.png,1,Defective
images/cell0999.png,0.0,mono,cell0999.png,/content/elpv-dataset/src/elpv_dataset/data/images/cell0999.png,0,Functional
images/cell1000.png,0.0,mono,cell1000.png,/content/elpv-dataset/src/elpv_dataset/data/images/cell1000.png,0,Functional
images/cell1001.png,0.0,mono,cell1001.png,/content/elpv-dataset/src/elpv_dataset/data/images/cell1001.png,0,Functional
images/cell1002.png,0.0,mono,cell1002.png,/content/elpv-dataset/src/elpv_dataset/data/images/cell1002.png,0,Functional
images/cell1003.png,1.0,mono,cell1003.png,/content/elpv-dataset/src/elpv_dataset/data/images/cell1003.png,1,Defective
images/cell1004.png,0.0,mono,cell1004.png,/content/elpv-dataset/src/elpv_dataset/data/images/cell1004.png,0,Functional
images/cell1005.png,0.0,mono,cell1005.png,/content/elpv-dataset/src/elpv_dataset/data/images/cell1005.png,0,Functional
images/cell1006.png,0.0,mono,cell1006.png,/content/elpv-dataset/src/elpv_dataset/data/images/cell1006.png,0,Functional
images/cell1009.png,0.0,mono,cell1009.png,/content/elpv-dataset/src/elpv_dataset/data/images/cell1009.png,0,Functional
images/cell1010.png,0.0,mono,cell1010.png,/content/elpv-dataset/src/elpv_dataset/data/images/cell1010.png,0,Functional
images/cell1012.png,0.0,mono,cell1012.png,/content/elpv-dataset/src/elpv_dataset/data/images/cell1012.png,0,Functional
images/cell1013.png,0.0,mono,cell1013.png,/content/elpv-dataset/src/elpv_dataset/data/images/cell1013.png,0,Functional
images/cell1014.png,0.0,mono,cell1014.png,/content/elpv-dataset/src/elpv_dataset/data/images/cell1014.png,0,Functional
images/cell1015.png,0.0,mono,cell1015.png,/content/elpv-dataset/src/elpv_dataset/data/images/cell1015.png,0,Functional
images/cell1016.png,0.0,mono,cell1016.png,/content/elpv-dataset/src/elpv_dataset/data/images/cell1016.png,0,Functional
images/cell1017.png,0.0,mono,cell1017.png,/content/elpv-dataset/src/elpv_dataset/data/images/cell1017.png,0,Functional
images/cell1018.png,0.0,mono,cell1018.png,/content/elpv-dataset/src/elpv_dataset/data/images/cell1018.png,0,Functional
images/cell1019.png,0.0,mono,cell1019.png,/content/elpv-dataset/src/elpv_dataset/data/images/cell1019.png,0,Functional
images/cell1020.png,0.0,mono,cell1020.png,/content/elpv-dataset/src/elpv_dataset/data/images/cell1020.png,0,Functional
images/cell1021.png,0.0,mono,cell1021.png,/content/elpv-dataset/src/elpv_dataset/data/images/cell1021.png,0,Functional
images/cell1023.png,0.0,mono,cell1023.png,/content/elpv-dataset/src/elpv_dataset/data/images/cell1023.png,0,Functional
images/cell1024.png,0.0,mono,cell1024.png,/content/elpv-dataset/src/elpv_dataset/data/images/cell1024.png,0,Functional
images/cell1027.png,0.0,mono,cell1027.png,/content/elpv-dataset/src/elpv_dataset/data/images/cell1027.png,0,Functional
images/cell1029.png,0.0,mono,cell1029.png,/content/elpv-dataset/src/elpv_dataset/data/images/cell1029.png,0,Functional
images/cell1030.png,1.0,mono,cell1030.png,/content/elpv-dataset/src/elpv_dataset/data/images/cell1030.png,1,Defective
images/cell1031.png,0.0,mono,cell1031.png,/content/elpv-dataset/src/elpv_dataset/data/images/cell1031.png,0,Functional
images/cell1032.png,1.0,mono,cell1032.png,/content/elpv-dataset/src/elpv_dataset/data/images/cell1032.png,1,Defective
images/cell1034.png,0.0,mono,cell1034.png,/content/elpv-dataset/src/elpv_dataset/data/images/cell1034.png,0,Functional
images/cell1035.png,0.0,mono,cell1035.png,/content/elpv-dataset/src/elpv_dataset/data/images/cell1035.png,0,Functional
images/cell1036.png,1.0,mono,cell1036.png,/content/elpv-dataset/src/elpv_dataset/data/images/cell1036.png,1,Defective
images/cell1037.png,0.0,mono,cell1037.png,/content/elpv-dataset/src/elpv_dataset/data/images/cell1037.png,0,Functional
images/cell1038.png,0.0,mono,cell1038.png,/content/elpv-dataset/src/elpv_dataset/data/images/cell1038.png,0,Functional
images/cell1039.png,0.0,mono,cell1039.png,/content/elpv-dataset/src/elpv_dataset/data/images/cell1039.png,0,Functional
images/cell1040.png,0.0,mono,cell1040.png,/content/elpv-dataset/src/elpv_dataset/data/images/cell1040.png,0,Functional
images/cell1041.png,1.0,mono,cell1041.png,/content/elpv-dataset/src/elpv_dataset/data/images/cell1041.png,1,Defective
images/cell1042.png,1.0,mono,cell1042.png,/content/elpv-dataset/src/elpv_dataset/data/images/cell1042.png,1,Defective
images/cell1043.png,1.0,mono,cell1043.png,/content/elpv-dataset/src/elpv_dataset/data/images/cell1043.png,1,Defective
images/cell1044.png,1.0,mono,cell1044.png,/content/elpv-dataset/src/elpv_dataset/data/images/cell1044.png,1,Defective
images/cell1045.png,1.0,mono,cell1045.png,/content/elpv-dataset/src/elpv_dataset/data/images/cell1045.png,1,Defective
images/cell1046.png,1.0,mono,cell1046.png,/content/elpv-dataset/src/elpv_dataset/data/images/cell1046.png,1,Defective
images/cell1047.png,0.0,mono,cell1047.png,/content/elpv-dataset/src/elpv_dataset/data/images/cell1047.png,0,Functional
images/cell1048.png,1.0,mono,cell1048.png,/content/elpv-dataset/src/elpv_dataset/data/images/cell1048.png,1,Defective
images/cell1049.png,1.0,mono,cell1049.png,/content/elpv-dataset/src/elpv_dataset/data/images/cell1049.png,1,Defective
images/cell1050.png,1.0,mono,cell1050.png,/content/elpv-dataset/src/elpv_dataset/data/images/cell1050.png,1,Defective
images/cell1051.png,0.0,mono,cell1051.png,/content/elpv-dataset/src/elpv_dataset/data/images/cell1051.png,0,Functional
images/cell1052.png,0.0,mono,cell1052.png,/content/elpv-dataset/src/elpv_dataset/data/images/cell1052.png,0,Functional
images/cell1053.png,1.0,mono,cell1053.png,/content/elpv-dataset/src/elpv_dataset/data/images/cell1053.png,1,Defective
images/cell1054.png,1.0,mono,cell1054.png,/content/elpv-dataset/src/elpv_dataset/data/images/cell1054.png,1,Defective
images/cell1055.png,1.0,mono,cell1055.png,/content/elpv-dataset/src/elpv_dataset/data/images/cell1055.png,1,Defective
images/cell1056.png,1.0,mono,cell1056.png,/content/elpv-dataset/src/elpv_dataset/data/images/cell1056.png,1,Defective
images/cell1057.png,0.0,mono,cell1057.png,/content/elpv-dataset/src/elpv_dataset/data/images/cell1057.png,0,Functional
images/cell1058.png,0.0,mono,cell1058.png,/content/elpv-dataset/src/elpv_dataset/data/images/cell1058.png,0,Functional
images/cell1059.png,1.0,mono,cell1059.png,/content/elpv-dataset/src/elpv_dataset/data/images/cell1059.png,1,Defective
images/cell1060.png,0.0,mono,cell1060.png,/content/elpv-dataset/src/elpv_dataset/data/images/cell1060.png,0,Functional
images/cell1061.png,1.0,mono,cell1061.png,/content/elpv-dataset/src/elpv_dataset/data/images/cell1061.png,1,Defective
images/cell1062.png,0.0,mono,cell1062.png,/content/elpv-dataset/src/elpv_dataset/data/images/cell1062.png,0,Functional
images/cell1063.png,0.0,mono,cell1063.png,/content/elpv-dataset/src/elpv_dataset/data/images/cell1063.png,0,Functional
images/cell1064.png,1.0,mono,cell1064.png,/content/elpv-dataset/src/elpv_dataset/data/images/cell1064.png,1,Defective
images/cell1065.png,1.0,mono,cell1065.png,/content/elpv-dataset/src/elpv_dataset/data/images/cell1065.png,1,Defective
images/cell1066.png,0.0,mono,cell1066.png,/content/elpv-dataset/src/elpv_dataset/data/images/cell1066.png,0,Functional
images/cell1067.png,0.0,mono,cell1067.png,/content/elpv-dataset/src/elpv_dataset/data/images/cell1067.png,0,Functional
images/cell1068.png,0.0,mono,cell1068.png,/content/elpv-dataset/src/elpv_dataset/data/images/cell1068.png,0,Functional
images/cell1069.png,1.0,mono,cell1069.png,/content/elpv-dataset/src/elpv_dataset/data/images/cell1069.png,1,Defective
images/cell1070.png,0.0,mono,cell1070.png,/content/elpv-dataset/src/elpv_dataset/data/images/cell1070.png,0,Functional
images/cell1071.png,1.0,mono,cell1071.png,/content/elpv-dataset/src/elpv_dataset/data/images/cell1071.png,1,Defective
images/cell1072.png,0.0,mono,cell1072.png,/content/elpv-dataset/src/elpv_dataset/data/images/cell1072.png,0,Functional
images/cell1073.png,1.0,mono,cell1073.png,/content/elpv-dataset/src/elpv_dataset/data/images/cell1073.png,1,Defective
images/cell1074.png,1.0,mono,cell1074.png,/content/elpv-dataset/src/elpv_dataset/data/images/cell1074.png,1,Defective
images/cell1075.png,1.0,mono,cell1075.png,/content/elpv-dataset/src/elpv_dataset/data/images/cell1075.png,1,Defective
images/cell1076.png,0.0,mono,cell1076.png,/content/elpv-dataset/src/elpv_dataset/data/images/cell1076.png,0,Functional
images/cell1077.png,0.0,mono,cell1077.png,/content/elpv-dataset/src/elpv_dataset/data/images/cell1077.png,0,Functional
images/cell1078.png,0.0,mono,cell1078.png,/content/elpv-dataset/src/elpv_dataset/data/images/cell1078.png,0,Functional
images/cell1079.png,1.0,mono,cell1079.png,/content/elpv-dataset/src/elpv_dataset/data/images/cell1079.png,1,Defective
images/cell1080.png,1.0,mono,cell1080.png,/content/elpv-dataset/src/elpv_dataset/data/images/cell1080.png,1,Defective
images/cell1081.png,0.0,mono,cell1081.png,/content/elpv-dataset/src/elpv_dataset/data/images/cell1081.png,0,Functional
images/cell1083.png,0.0,mono,cell1083.png,/content/elpv-dataset/src/elpv_dataset/data/images/cell1083.png,0,Functional
images/cell1084.png,0.0,mono,cell1084.png,/content/elpv-dataset/src/elpv_dataset/data/images/cell1084.png,0,Functional
images/cell1086.png,1.0,mono,cell1086.png,/content/elpv-dataset/src/elpv_dataset/data/images/cell1086.png,1,Defective
images/cell1087.png,1.0,mono,cell1087.png,/content/elpv-dataset/src/elpv_dataset/data/images/cell1087.png,1,Defective
images/cell1088.png,1.0,mono,cell1088.png,/content/elpv-dataset/src/elpv_dataset/data/images/cell1088.png,1,Defective
images/cell1089.png,0.0,mono,cell1089.png,/content/elpv-dataset/src/elpv_dataset/data/images/cell1089.png,0,Functional
images/cell1091.png,0.0,mono,cell1091.png,/content/elpv-dataset/src/elpv_dataset/data/images/cell1091.png,0,Functional
images/cell1092.png,0.0,mono,cell1092.png,/content/elpv-dataset/src/elpv_dataset/data/images/cell1092.png,0,Functional
images/cell1093.png,0.0,mono,cell1093.png,/content/elpv-dataset/src/elpv_dataset/data/images/cell1093.png,0,Functional
images/cell1094.png,0.0,mono,cell1094.png,/content/elpv-dataset/src/elpv_dataset/data/images/cell1094.png,0,Functional
images/cell1096.png,0.0,mono,cell1096.png,/content/elpv-dataset/src/elpv_dataset/data/images/cell1096.png,0,Functional
images/cell1097.png,1.0,mono,cell1097.png,/content/elpv-dataset/src/elpv_dataset/data/images/cell1097.png,1,Defective
images/cell1098.png,1.0,mono,cell1098.png,/content/elpv-dataset/src/elpv_dataset/data/images/cell1098.png,1,Defective
images/cell1099.png,1.0,mono,cell1099.png,/content/elpv-dataset/src/elpv_dataset/data/images/cell1099.png,1,Defective
images/cell1100.png,1.0,mono,cell1100.png,/content/elpv-dataset/src/elpv_dataset/data/images/cell1100.png,1,Defective
images/cell1101.png,1.0,mono,cell1101.png,/content/elpv-dataset/src/elpv_dataset/data/images/cell1101.png,1,Defective
images/cell1102.png,0.0,mono,cell1102.png,/content/elpv-dataset/src/elpv_dataset/data/images/cell1102.png,0,Functional
images/cell1103.png,1.0,mono,cell1103.png,/content/elpv-dataset/src/elpv_dataset/data/images/cell1103.png,1,Defective
images/cell1105.png,0.0,mono,cell1105.png,/content/elpv-dataset/src/elpv_dataset/data/images/cell1105.png,0,Functional
images/cell1106.png,0.0,mono,cell1106.png,/content/elpv-dataset/src/elpv_dataset/data/images/cell1106.png,0,Functional
images/cell1107.png,0.0,mono,cell1107.png,/content/elpv-dataset/src/elpv_dataset/data/images/cell1107.png,0,Functional
images/cell1108.png,1.0,mono,cell1108.png,/content/elpv-dataset/src/elpv_dataset/data/images/cell1108.png,1,Defective
images/cell1109.png,1.0,mono,cell1109.png,/content/elpv-dataset/src/elpv_dataset/data/images/cell1109.png,1,Defective
images/cell1110.png,0.0,mono,cell1110.png,/content/elpv-dataset/src/elpv_dataset/data/images/cell1110.png,0,Functional
images/cell1111.png,0.0,mono,cell1111.png,/content/elpv-dataset/src/elpv_dataset/data/images/cell1111.png,0,Functional
images/cell1112.png,0.0,mono,cell1112.png,/content/elpv-dataset/src/elpv_dataset/data/images/cell1112.png,0,Functional
images/cell1113.png,0.0,mono,cell1113.png,/content/elpv-dataset/src/elpv_dataset/data/images/cell1113.png,0,Functional
images/cell1114.png,0.0,mono,cell1114.png,/content/elpv-dataset/src/elpv_dataset/data/images/cell1114.png,0,Functional
images/cell1115.png,0.0,mono,cell1115.png,/content/elpv-dataset/src/elpv_dataset/data/images/cell1115.png,0,Functional
images/cell1116.png,0.0,mono,cell1116.png,/content/elpv-dataset/src/elpv_dataset/data/images/cell1116.png,0,Functional
images/cell1117.png,0.0,mono,cell1117.png,/content/elpv-dataset/src/elpv_dataset/data/images/cell1117.png,0,Functional
images/cell1118.png,0.0,mono,cell1118.png,/content/elpv-dataset/src/elpv_dataset/data/images/cell1118.png,0,Functional
images/cell1119.png,0.0,mono,cell1119.png,/content/elpv-dataset/src/elpv_dataset/data/images/cell1119.png,0,Functional
images/cell1120.png,0.0,mono,cell1120.png,/content/elpv-dataset/src/elpv_dataset/data/images/cell1120.png,0,Functional
images/cell1126.png,0.0,mono,cell1126.png,/content/elpv-dataset/src/elpv_dataset/data/images/cell1126.png,0,Functional
images/cell1128.png,1.0,mono,cell1128.png,/content/elpv-dataset/src/elpv_dataset/data/images/cell1128.png,1,Defective
images/cell1129.png,0.0,mono,cell1129.png,/content/elpv-dataset/src/elpv_dataset/data/images/cell1129.png,0,Functional
images/cell1131.png,0.0,mono,cell1131.png,/content/elpv-dataset/src/elpv_dataset/data/images/cell1131.png,0,Functional
images/cell1132.png,1.0,mono,cell1132.png,/content/elpv-dataset/src/elpv_dataset/data/images/cell1132.png,1,Defective
images/cell1133.png,0.0,mono,cell1133.png,/content/elpv-dataset/src/elpv_dataset/data/images/cell1133.png,0,Functional
images/cell1134.png,0.0,mono,cell1134.png,/content/elpv-dataset/src/elpv_dataset/data/images/cell1134.png,0,Functional
images/cell1135.png,0.0,mono,cell1135.png,/content/elpv-dataset/src/elpv_dataset/data/images/cell1135.png,0,Functional
images/cell1136.png,0.0,mono,cell1136.png,/content/elpv-dataset/src/elpv_dataset/data/images/cell1136.png,0,Functional
images/cell1137.png,0.0,mono,cell1137.png,/content/elpv-dataset/src/elpv_dataset/data/images/cell1137.png,0,Functional
images/cell1138.png,0.0,mono,cell1138.png,/content/elpv-dataset/src/elpv_dataset/data/images/cell1138.png,0,Functional
images/cell1139.png,0.0,mono,cell1139.png,/content/elpv-dataset/src/elpv_dataset/data/images/cell1139.png,0,Functional
images/cell1140.png,0.0,mono,cell1140.png,/content/elpv-dataset/src/elpv_dataset/data/images/cell1140.png,0,Functional
images/cell1142.png,1.0,mono,cell1142.png,/content/elpv-dataset/src/elpv_dataset/data/images/cell1142.png,1,Defective
images/cell1143.png,1.0,mono,cell1143.png,/content/elpv-dataset/src/elpv_dataset/data/images/cell1143.png,1,Defective
images/cell1144.png,0.0,mono,cell1144.png,/content/elpv-dataset/src/elpv_dataset/data/images/cell1144.png,0,Functional
images/cell1145.png,0.0,mono,cell1145.png,/content/elpv-dataset/src/elpv_dataset/data/images/cell1145.png,0,Functional
images/cell1146.png,1.0,mono,cell1146.png,/content/elpv-dataset/src/elpv_dataset/data/images/cell1146.png,1,Defective
images/cell1147.png,1.0,mono,cell1147.png,/content/elpv-dataset/src/elpv_dataset/data/images/cell1147.png,1,Defective
images/cell1148.png,0.0,mono,cell1148.png,/content/elpv-dataset/src/elpv_dataset/data/images/cell1148.png,0,Functional
images/cell1149.png,0.0,mono,cell1149.png,/content/elpv-dataset/src/elpv_dataset/data/images/cell1149.png,0,Functional
images/cell1150.png,0.0,mono,cell1150.png,/content/elpv-dataset/src/elpv_dataset/data/images/cell1150.png,0,Functional
images/cell1152.png,0.0,mono,cell1152.png,/content/elpv-dataset/src/elpv_dataset/data/images/cell1152.png,0,Functional
images/cell1153.png,0.0,mono,cell1153.png,/content/elpv-dataset/src/elpv_dataset/data/images/cell1153.png,0,Functional
images/cell1154.png,0.0,mono,cell1154.png,/content/elpv-dataset/src/elpv_dataset/data/images/cell1154.png,0,Functional
images/cell1155.png,0.0,mono,cell1155.png,/content/elpv-dataset/src/elpv_dataset/data/images/cell1155.png,0,Functional
images/cell1156.png,0.0,mono,cell1156.png,/content/elpv-dataset/src/elpv_dataset/data/images/cell1156.png,0,Functional
images/cell1157.png,0.0,mono,cell1157.png,/content/elpv-dataset/src/elpv_dataset/data/images/cell1157.png,0,Functional
images/cell1158.png,0.0,mono,cell1158.png,/content/elpv-dataset/src/elpv_dataset/data/images/cell1158.png,0,Functional
images/cell1161.png,1.0,mono,cell1161.png,/content/elpv-dataset/src/elpv_dataset/data/images/cell1161.png,1,Defective
images/cell1163.png,1.0,mono,cell1163.png,/content/elpv-dataset/src/elpv_dataset/data/images/cell1163.png,1,Defective
images/cell1164.png,0.0,mono,cell1164.png,/content/elpv-dataset/src/elpv_dataset/data/images/cell1164.png,0,Functional
images/cell1165.png,0.0,mono,cell1165.png,/content/elpv-dataset/src/elpv_dataset/data/images/cell1165.png,0,Functional
images/cell1166.png,0.0,mono,cell1166.png,/content/elpv-dataset/src/elpv_dataset/data/images/cell1166.png,0,Functional
images/cell1167.png,0.0,mono,cell1167.png,/content/elpv-dataset/src/elpv_dataset/data/images/cell1167.png,0,Functional
images/cell1169.png,1.0,mono,cell1169.png,/content/elpv-dataset/src/elpv_dataset/data/images/cell1169.png,1,Defective
images/cell1170.png,0.0,mono,cell1170.png,/content/elpv-dataset/src/elpv_dataset/data/images/cell1170.png,0,Functional
images/cell1171.png,0.0,mono,cell1171.png,/content/elpv-dataset/src/elpv_dataset/data/images/cell1171.png,0,Functional
images/cell1172.png,1.0,mono,cell1172.png,/content/elpv-dataset/src/elpv_dataset/data/images/cell1172.png,1,Defective
images/cell1173.png,1.0,mono,cell1173.png,/content/elpv-dataset/src/elpv_dataset/data/images/cell1173.png,1,Defective
images/cell1174.png,1.0,mono,cell1174.png,/content/elpv-dataset/src/elpv_dataset/data/images/cell1174.png,1,Defective
images/cell1175.png,1.0,mono,cell1175.png,/content/elpv-dataset/src/elpv_dataset/data/images/cell1175.png,1,Defective
images/cell1176.png,0.0,mono,cell1176.png,/content/elpv-dataset/src/elpv_dataset/data/images/cell1176.png,0,Functional
images/cell1178.png,0.0,mono,cell1178.png,/content/elpv-dataset/src/elpv_dataset/data/images/cell1178.png,0,Functional
images/cell1180.png,0.0,mono,cell1180.png,/content/elpv-dataset/src/elpv_dataset/data/images/cell1180.png,0,Functional
images/cell1181.png,0.0,mono,cell1181.png,/content/elpv-dataset/src/elpv_dataset/data/images/cell1181.png,0,Functional
images/cell1182.png,1.0,mono,cell1182.png,/content/elpv-dataset/src/elpv_dataset/data/images/cell1182.png,1,Defective
images/cell1183.png,0.0,mono,cell1183.png,/content/elpv-dataset/src/elpv_dataset/data/images/cell1183.png,0,Functional
images/cell1184.png,0.0,mono,cell1184.png,/content/elpv-dataset/src/elpv_dataset/data/images/cell1184.png,0,Functional
images/cell1185.png,0.0,mono,cell1185.png,/content/elpv-dataset/src/elpv_dataset/data/images/cell1185.png,0,Functional
images/cell1186.png,0.0,mono,cell1186.png,/content/elpv-dataset/src/elpv_dataset/data/images/cell1186.png,0,Functional
images/cell1191.png,0.0,mono,cell1191.png,/content/elpv-dataset/src/elpv_dataset/data/images/cell1191.png,0,Functional
images/cell1192.png,0.0,mono,cell1192.png,/content/elpv-dataset/src/elpv_dataset/data/images/cell1192.png,0,Functional
images/cell1193.png,0.0,mono,cell1193.png,/content/elpv-dataset/src/elpv_dataset/data/images/cell1193.png,0,Functional
images/cell1194.png,0.0,mono,cell1194.png,/content/elpv-dataset/src/elpv_dataset/data/images/cell1194.png,0,Functional
images/cell1198.png,0.0,mono,cell1198.png,/content/elpv-dataset/src/elpv_dataset/data/images/cell1198.png,0,Functional
images/cell1199.png,0.0,mono,cell1199.png,/content/elpv-dataset/src/elpv_dataset/data/images/cell1199.png,0,Functional
images/cell1200.png,0.0,mono,cell1200.png,/content/elpv-dataset/src/elpv_dataset/data/images/cell1200.png,0,Functional
images/cell1201.png,0.0,mono,cell1201.png,/content/elpv-dataset/src/elpv_dataset/data/images/cell1201.png,0,Functional
images/cell1202.png,0.0,mono,cell1202.png,/content/elpv-dataset/src/elpv_dataset/data/images/cell1202.png,0,Functional
images/cell1203.png,0.0,mono,cell1203.png,/content/elpv-dataset/src/elpv_dataset/data/images/cell1203.png,0,Functional
images/cell1205.png,0.0,mono,cell1205.png,/content/elpv-dataset/src/elpv_dataset/data/images/cell1205.png,0,Functional
images/cell1206.png,0.0,mono,cell1206.png,/content/elpv-dataset/src/elpv_dataset/data/images/cell1206.png,0,Functional
images/cell1207.png,0.0,mono,cell1207.png,/content/elpv-dataset/src/elpv_dataset/data/images/cell1207.png,0,Functional
images/cell1208.png,0.0,mono,cell1208.png,/content/elpv-dataset/src/elpv_dataset/data/images/cell1208.png,0,Functional
images/cell1210.png,0.0,mono,cell1210.png,/content/elpv-dataset/src/elpv_dataset/data/images/cell1210.png,0,Functional
images/cell1211.png,0.0,mono,cell1211.png,/content/elpv-dataset/src/elpv_dataset/data/images/cell1211.png,0,Functional
images/cell1212.png,0.0,mono,cell1212.png,/content/elpv-dataset/src/elpv_dataset/data/images/cell1212.png,0,Functional
images/cell1213.png,0.0,mono,cell1213.png,/content/elpv-dataset/src/elpv_dataset/data/images/cell1213.png,0,Functional
images/cell1214.png,0.0,mono,cell1214.png,/content/elpv-dataset/src/elpv_dataset/data/images/cell1214.png,0,Functional
images/cell1215.png,0.0,mono,cell1215.png,/content/elpv-dataset/src/elpv_dataset/data/images/cell1215.png,0,Functional
images/cell1216.png,0.0,mono,cell1216.png,/content/elpv-dataset/src/elpv_dataset/data/images/cell1216.png,0,Functional
images/cell1217.png,0.0,mono,cell1217.png,/content/elpv-dataset/src/elpv_dataset/data/images/cell1217.png,0,Functional
images/cell1218.png,0.0,mono,cell1218.png,/content/elpv-dataset/src/elpv_dataset/data/images/cell1218.png,0,Functional
images/cell1220.png,1.0,mono,cell1220.png,/content/elpv-dataset/src/elpv_dataset/data/images/cell1220.png,1,Defective
images/cell1221.png,1.0,mono,cell1221.png,/content/elpv-dataset/src/elpv_dataset/data/images/cell1221.png,1,Defective
images/cell1223.png,1.0,mono,cell1223.png,/content/elpv-dataset/src/elpv_dataset/data/images/cell1223.png,1,Defective
images/cell1225.png,0.0,mono,cell1225.png,/content/elpv-dataset/src/elpv_dataset/data/images/cell1225.png,0,Functional
images/cell1226.png,0.0,mono,cell1226.png,/content/elpv-dataset/src/elpv_dataset/data/images/cell1226.png,0,Functional
images/cell1227.png,0.0,mono,cell1227.png,/content/elpv-dataset/src/elpv_dataset/data/images/cell1227.png,0,Functional
images/cell1228.png,0.0,mono,cell1228.png,/content/elpv-dataset/src/elpv_dataset/data/images/cell1228.png,0,Functional
images/cell1229.png,0.0,mono,cell1229.png,/content/elpv-dataset/src/elpv_dataset/data/images/cell1229.png,0,Functional
images/cell1230.png,0.0,mono,cell1230.png,/content/elpv-dataset/src/elpv_dataset/data/images/cell1230.png,0,Functional
images/cell1231.png,0.0,mono,cell1231.png,/content/elpv-dataset/src/elpv_dataset/data/images/cell1231.png,0,Functional
images/cell1232.png,0.0,mono,cell1232.png,/content/elpv-dataset/src/elpv_dataset/data/images/cell1232.png,0,Functional
images/cell1233.png,0.0,mono,cell1233.png,/content/elpv-dataset/src/elpv_dataset/data/images/cell1233.png,0,Functional
images/cell1234.png,0.0,mono,cell1234.png,/content/elpv-dataset/src/elpv_dataset/data/images/cell1234.png,0,Functional
images/cell1235.png,0.0,mono,cell1235.png,/content/elpv-dataset/src/elpv_dataset/data/images/cell1235.png,0,Functional
images/cell1236.png,0.0,mono,cell1236.png,/content/elpv-dataset/src/elpv_dataset/data/images/cell1236.png,0,Functional
images/cell1237.png,0.0,mono,cell1237.png,/content/elpv-dataset/src/elpv_dataset/data/images/cell1237.png,0,Functional
images/cell1238.png,0.0,mono,cell1238.png,/content/elpv-dataset/src/elpv_dataset/data/images/cell1238.png,0,Functional
images/cell1239.png,0.0,mono,cell1239.png,/content/elpv-dataset/src/elpv_dataset/data/images/cell1239.png,0,Functional
images/cell1240.png,0.0,mono,cell1240.png,/content/elpv-dataset/src/elpv_dataset/data/images/cell1240.png,0,Functional
images/cell1241.png,0.0,mono,cell1241.png,/content/elpv-dataset/src/elpv_dataset/data/images/cell1241.png,0,Functional
images/cell1244.png,0.0,mono,cell1244.png,/content/elpv-dataset/src/elpv_dataset/data/images/cell1244.png,0,Functional
images/cell1245.png,0.0,mono,cell1245.png,/content/elpv-dataset/src/elpv_dataset/data/images/cell1245.png,0,Functional
images/cell1246.png,0.0,mono,cell1246.png,/content/elpv-dataset/src/elpv_dataset/data/images/cell1246.png,0,Functional
images/cell1247.png,0.0,mono,cell1247.png,/content/elpv-dataset/src/elpv_dataset/data/images/cell1247.png,0,Functional
images/cell1248.png,0.0,mono,cell1248.png,/content/elpv-dataset/src/elpv_dataset/data/images/cell1248.png,0,Functional
images/cell1249.png,0.0,mono,cell1249.png,/content/elpv-dataset/src/elpv_dataset/data/images/cell1249.png,0,Functional
images/cell1250.png,0.0,mono,cell1250.png,/content/elpv-dataset/src/elpv_dataset/data/images/cell1250.png,0,Functional
images/cell1251.png,0.0,mono,cell1251.png,/content/elpv-dataset/src/elpv_dataset/data/images/cell1251.png,0,Functional
images/cell1252.png,0.0,mono,cell1252.png,/content/elpv-dataset/src/elpv_dataset/data/images/cell1252.png,0,Functional
images/cell1253.png,0.0,mono,cell1253.png,/content/elpv-dataset/src/elpv_dataset/data/images/cell1253.png,0,Functional
images/cell1254.png,0.0,mono,cell1254.png,/content/elpv-dataset/src/elpv_dataset/data/images/cell1254.png,0,Functional
images/cell1255.png,0.0,mono,cell1255.png,/content/elpv-dataset/src/elpv_dataset/data/images/cell1255.png,0,Functional
images/cell1256.png,0.0,mono,cell1256.png,/content/elpv-dataset/src/elpv_dataset/data/images/cell1256.png,0,Functional
images/cell1257.png,0.0,mono,cell1257.png,/content/elpv-dataset/src/elpv_dataset/data/images/cell1257.png,0,Functional
images/cell1258.png,0.0,mono,cell1258.png,/content/elpv-dataset/src/elpv_dataset/data/images/cell1258.png,0,Functional
images/cell1260.png,0.0,mono,cell1260.png,/content/elpv-dataset/src/elpv_dataset/data/images/cell1260.png,0,Functional
images/cell1261.png,0.0,mono,cell1261.png,/content/elpv-dataset/src/elpv_dataset/data/images/cell1261.png,0,Functional
images/cell1262.png,0.0,mono,cell1262.png,/content/elpv-dataset/src/elpv_dataset/data/images/cell1262.png,0,Functional
images/cell1263.png,0.0,mono,cell1263.png,/content/elpv-dataset/src/elpv_dataset/data/images/cell1263.png,0,Functional
images/cell1265.png,0.0,mono,cell1265.png,/content/elpv-dataset/src/elpv_dataset/data/images/cell1265.png,0,Functional
images/cell1266.png,0.0,mono,cell1266.png,/content/elpv-dataset/src/elpv_dataset/data/images/cell1266.png,0,Functional
images/cell1267.png,1.0,mono,cell1267.png,/content/elpv-dataset/src/elpv_dataset/data/images/cell1267.png,1,Defective
images/cell1268.png,0.0,mono,cell1268.png,/content/elpv-dataset/src/elpv_dataset/data/images/cell1268.png,0,Functional
images/cell1269.png,0.0,mono,cell1269.png,/content/elpv-dataset/src/elpv_dataset/data/images/cell1269.png,0,Functional
images/cell1270.png,0.0,mono,cell1270.png,/content/elpv-dataset/src/elpv_dataset/data/images/cell1270.png,0,Functional
images/cell1271.png,0.0,mono,cell1271.png,/content/elpv-dataset/src/elpv_dataset/data/images/cell1271.png,0,Functional
images/cell1272.png,0.0,mono,cell1272.png,/content/elpv-dataset/src/elpv_dataset/data/images/cell1272.png,0,Functional
images/cell1273.png,0.0,mono,cell1273.png,/content/elpv-dataset/src/elpv_dataset/data/images/cell1273.png,0,Functional
images/cell1274.png,0.0,mono,cell1274.png,/content/elpv-dataset/src/elpv_dataset/data/images/cell1274.png,0,Functional
images/cell1275.png,0.0,mono,cell1275.png,/content/elpv-dataset/src/elpv_dataset/data/images/cell1275.png,0,Functional
images/cell1276.png,0.0,mono,cell1276.png,/content/elpv-dataset/src/elpv_dataset/data/images/cell1276.png,0,Functional
images/cell1277.png,0.0,mono,cell1277.png,/content/elpv-dataset/src/elpv_dataset/data/images/cell1277.png,0,Functional
images/cell1278.png,0.0,mono,cell1278.png,/content/elpv-dataset/src/elpv_dataset/data/images/cell1278.png,0,Functional
images/cell1285.png,0.0,mono,cell1285.png,/content/elpv-dataset/src/elpv_dataset/data/images/cell1285.png,0,Functional
images/cell1286.png,0.0,mono,cell1286.png,/content/elpv-dataset/src/elpv_dataset/data/images/cell1286.png,0,Functional
images/cell1287.png,0.0,mono,cell1287.png,/content/elpv-dataset/src/elpv_dataset/data/images/cell1287.png,0,Functional
images/cell1288.png,0.0,mono,cell1288.png,/content/elpv-dataset/src/elpv_dataset/data/images/cell1288.png,0,Functional
images/cell1289.png,0.0,mono,cell1289.png,/content/elpv-dataset/src/elpv_dataset/data/images/cell1289.png,0,Functional
images/cell1290.png,0.0,mono,cell1290.png,/content/elpv-dataset/src/elpv_dataset/data/images/cell1290.png,0,Functional
images/cell1291.png,0.0,mono,cell1291.png,/content/elpv-dataset/src/elpv_dataset/data/images/cell1291.png,0,Functional
images/cell1292.png,0.0,mono,cell1292.png,/content/elpv-dataset/src/elpv_dataset/data/images/cell1292.png,0,Functional
images/cell1293.png,0.0,mono,cell1293.png,/content/elpv-dataset/src/elpv_dataset/data/images/cell1293.png,0,Functional
images/cell1294.png,0.0,mono,cell1294.png,/content/elpv-dataset/src/elpv_dataset/data/images/cell1294.png,0,Functional
images/cell1303.png,1.0,mono,cell1303.png,/content/elpv-dataset/src/elpv_dataset/data/images/cell1303.png,1,Defective
images/cell1305.png,0.0,mono,cell1305.png,/content/elpv-dataset/src/elpv_dataset/data/images/cell1305.png,0,Functional
images/cell1306.png,1.0,mono,cell1306.png,/content/elpv-dataset/src/elpv_dataset/data/images/cell1306.png,1,Defective
images/cell1307.png,0.0,mono,cell1307.png,/content/elpv-dataset/src/elpv_dataset/data/images/cell1307.png,0,Functional
images/cell1308.png,1.0,mono,cell1308.png,/content/elpv-dataset/src/elpv_dataset/data/images/cell1308.png,1,Defective
images/cell1309.png,0.0,mono,cell1309.png,/content/elpv-dataset/src/elpv_dataset/data/images/cell1309.png,0,Functional
images/cell1310.png,0.0,mono,cell1310.png,/content/elpv-dataset/src/elpv_dataset/data/images/cell1310.png,0,Functional
images/cell1311.png,0.0,mono,cell1311.png,/content/elpv-dataset/src/elpv_dataset/data/images/cell1311.png,0,Functional
images/cell1312.png,0.0,mono,cell1312.png,/content/elpv-dataset/src/elpv_dataset/data/images/cell1312.png,0,Functional
images/cell1313.png,0.0,mono,cell1313.png,/content/elpv-dataset/src/elpv_dataset/data/images/cell1313.png,0,Functional
images/cell1314.png,0.0,mono,cell1314.png,/content/elpv-dataset/src/elpv_dataset/data/images/cell1314.png,0,Functional
images/cell1315.png,1.0,mono,cell1315.png,/content/elpv-dataset/src/elpv_dataset/data/images/cell1315.png,1,Defective
images/cell1316.png,0.0,mono,cell1316.png,/content/elpv-dataset/src/elpv_dataset/data/images/cell1316.png,0,Functional
images/cell1317.png,0.0,mono,cell1317.png,/content/elpv-dataset/src/elpv_dataset/data/images/cell1317.png,0,Functional
images/cell1318.png,0.0,mono,cell1318.png,/content/elpv-dataset/src/elpv_dataset/data/images/cell1318.png,0,Functional
images/cell1319.png,0.0,mono,cell1319.png,/content/elpv-dataset/src/elpv_dataset/data/images/cell1319.png,0,Functional
images/cell1321.png,0.0,mono,cell1321.png,/content/elpv-dataset/src/elpv_dataset/data/images/cell1321.png,0,Functional
images/cell1322.png,0.0,mono,cell1322.png,/content/elpv-dataset/src/elpv_dataset/data/images/cell1322.png,0,Functional
images/cell1323.png,0.0,mono,cell1323.png,/content/elpv-dataset/src/elpv_dataset/data/images/cell1323.png,0,Functional
images/cell1324.png,0.0,mono,cell1324.png,/content/elpv-dataset/src/elpv_dataset/data/images/cell1324.png,0,Functional
images/cell1335.png,0.0,mono,cell1335.png,/content/elpv-dataset/src/elpv_dataset/data/images/cell1335.png,0,Functional
images/cell1336.png,0.0,mono,cell1336.png,/content/elpv-dataset/src/elpv_dataset/data/images/cell1336.png,0,Functional
images/cell1337.png,0.0,mono,cell1337.png,/content/elpv-dataset/src/elpv_dataset/data/images/cell1337.png,0,Functional
images/cell1338.png,0.0,mono,cell1338.png,/content/elpv-dataset/src/elpv_dataset/data/images/cell1338.png,0,Functional
images/cell1339.png,0.0,mono,cell1339.png,/content/elpv-dataset/src/elpv_dataset/data/images/cell1339.png,0,Functional
images/cell1340.png,0.0,mono,cell1340.png,/content/elpv-dataset/src/elpv_dataset/data/images/cell1340.png,0,Functional
images/cell1341.png,0.0,mono,cell1341.png,/content/elpv-dataset/src/elpv_dataset/data/images/cell1341.png,0,Functional
images/cell1342.png,0.0,mono,cell1342.png,/content/elpv-dataset/src/elpv_dataset/data/images/cell1342.png,0,Functional
images/cell1343.png,0.0,mono,cell1343.png,/content/elpv-dataset/src/elpv_dataset/data/images/cell1343.png,0,Functional
images/cell1344.png,0.0,mono,cell1344.png,/content/elpv-dataset/src/elpv_dataset/data/images/cell1344.png,0,Functional
images/cell1348.png,0.0,mono,cell1348.png,/content/elpv-dataset/src/elpv_dataset/data/images/cell1348.png,0,Functional
images/cell1349.png,0.0,mono,cell1349.png,/content/elpv-dataset/src/elpv_dataset/data/images/cell1349.png,0,Functional
images/cell1350.png,0.0,mono,cell1350.png,/content/elpv-dataset/src/elpv_dataset/data/images/cell1350.png,0,Functional
images/cell1351.png,0.0,mono,cell1351.png,/content/elpv-dataset/src/elpv_dataset/data/images/cell1351.png,0,Functional
images/cell1352.png,0.0,mono,cell1352.png,/content/elpv-dataset/src/elpv_dataset/data/images/cell1352.png,0,Functional
images/cell1353.png,0.0,mono,cell1353.png,/content/elpv-dataset/src/elpv_dataset/data/images/cell1353.png,0,Functional
images/cell1355.png,0.0,mono,cell1355.png,/content/elpv-dataset/src/elpv_dataset/data/images/cell1355.png,0,Functional
images/cell1356.png,0.0,mono,cell1356.png,/content/elpv-dataset/src/elpv_dataset/data/images/cell1356.png,0,Functional
images/cell1357.png,0.0,mono,cell1357.png,/content/elpv-dataset/src/elpv_dataset/data/images/cell1357.png,0,Functional
images/cell1358.png,0.0,mono,cell1358.png,/content/elpv-dataset/src/elpv_dataset/data/images/cell1358.png,0,Functional
images/cell1359.png,0.0,mono,cell1359.png,/content/elpv-dataset/src/elpv_dataset/data/images/cell1359.png,0,Functional
images/cell1360.png,0.0,mono,cell1360.png,/content/elpv-dataset/src/elpv_dataset/data/images/cell1360.png,0,Functional
images/cell1361.png,0.0,mono,cell1361.png,/content/elpv-dataset/src/elpv_dataset/data/images/cell1361.png,0,Functional
images/cell1362.png,0.0,mono,cell1362.png,/content/elpv-dataset/src/elpv_dataset/data/images/cell1362.png,0,Functional
images/cell1363.png,0.0,mono,cell1363.png,/content/elpv-dataset/src/elpv_dataset/data/images/cell1363.png,0,Functional
images/cell1364.png,0.0,mono,cell1364.png,/content/elpv-dataset/src/elpv_dataset/data/images/cell1364.png,0,Functional
images/cell1374.png,0.0,mono,cell1374.png,/content/elpv-dataset/src/elpv_dataset/data/images/cell1374.png,0,Functional
images/cell1375.png,0.0,mono,cell1375.png,/content/elpv-dataset/src/elpv_dataset/data/images/cell1375.png,0,Functional
images/cell1380.png,0.0,mono,cell1380.png,/content/elpv-dataset/src/elpv_dataset/data/images/cell1380.png,0,Functional
images/cell1381.png,1.0,mono,cell1381.png,/content/elpv-dataset/src/elpv_dataset/data/images/cell1381.png,1,Defective
images/cell1385.png,0.0,mono,cell1385.png,/content/elpv-dataset/src/elpv_dataset/data/images/cell1385.png,0,Functional
images/cell1389.png,1.0,mono,cell1389.png,/content/elpv-dataset/src/elpv_dataset/data/images/cell1389.png,1,Defective
images/cell1390.png,1.0,mono,cell1390.png,/content/elpv-dataset/src/elpv_dataset/data/images/cell1390.png,1,Defective
images/cell1394.png,1.0,mono,cell1394.png,/content/elpv-dataset/src/elpv_dataset/data/images/cell1394.png,1,Defective
images/cell1396.png,1.0,mono,cell1396.png,/content/elpv-dataset/src/elpv_dataset/data/images/cell1396.png,1,Defective
images/cell1400.png,0.0,mono,cell1400.png,/content/elpv-dataset/src/elpv_dataset/data/images/cell1400.png,0,Functional
images/cell1401.png,0.0,mono,cell1401.png,/content/elpv-dataset/src/elpv_dataset/data/images/cell1401.png,0,Functional
images/cell1402.png,0.0,mono,cell1402.png,/content/elpv-dataset/src/elpv_dataset/data/images/cell1402.png,0,Functional
images/cell1405.png,1.0,mono,cell1405.png,/content/elpv-dataset/src/elpv_dataset/data/images/cell1405.png,1,Defective
images/cell1410.png,0.0,mono,cell1410.png,/content/elpv-dataset/src/elpv_dataset/data/images/cell1410.png,0,Functional
images/cell1415.png,1.0,mono,cell1415.png,/content/elpv-dataset/src/elpv_dataset/data/images/cell1415.png,1,Defective
images/cell1417.png,1.0,mono,cell1417.png,/content/elpv-dataset/src/elpv_dataset/data/images/cell1417.png,1,Defective
images/cell1418.png,1.0,mono,cell1418.png,/content/elpv-dataset/src/elpv_dataset/data/images/cell1418.png,1,Defective
images/cell1419.png,1.0,mono,cell1419.png,/content/elpv-dataset/src/elpv_dataset/data/images/cell1419.png,1,Defective
images/cell1420.png,1.0,mono,cell1420.png,/content/elpv-dataset/src/elpv_dataset/data/images/cell1420.png,1,Defective
images/cell1421.png,1.0,mono,cell1421.png,/content/elpv-dataset/src/elpv_dataset/data/images/cell1421.png,1,Defective
images/cell1422.png,1.0,mono,cell1422.png,/content/elpv-dataset/src/elpv_dataset/data/images/cell1422.png,1,Defective
images/cell1423.png,1.0,mono,cell1423.png,/content/elpv-dataset/src/elpv_dataset/data/images/cell1423.png,1,Defective
images/cell1424.png,1.0,mono,cell1424.png,/content/elpv-dataset/src/elpv_dataset/data/images/cell1424.png,1,Defective
images/cell1426.png,1.0,mono,cell1426.png,/content/elpv-dataset/src/elpv_dataset/data/images/cell1426.png,1,Defective
images/cell1427.png,1.0,mono,cell1427.png,/content/elpv-dataset/src/elpv_dataset/data/images/cell1427.png,1,Defective
images/cell1435.png,0.0,mono,cell1435.png,/content/elpv-dataset/src/elpv_dataset/data/images/cell1435.png,0,Functional
images/cell1436.png,0.0,mono,cell1436.png,/content/elpv-dataset/src/elpv_dataset/data/images/cell1436.png,0,Functional
images/cell1438.png,0.0,mono,cell1438.png,/content/elpv-dataset/src/elpv_dataset/data/images/cell1438.png,0,Functional
images/cell1440.png,1.0,mono,cell1440.png,/content/elpv-dataset/src/elpv_dataset/data/images/cell1440.png,1,Defective
images/cell1441.png,1.0,mono,cell1441.png,/content/elpv-dataset/src/elpv_dataset/data/images/cell1441.png,1,Defective
images/cell1442.png,0.0,mono,cell1442.png,/content/elpv-dataset/src/elpv_dataset/data/images/cell1442.png,0,Functional
images/cell1443.png,0.0,mono,cell1443.png,/content/elpv-dataset/src/elpv_dataset/data/images/cell1443.png,0,Functional
images/cell1444.png,0.0,mono,cell1444.png,/content/elpv-dataset/src/elpv_dataset/data/images/cell1444.png,0,Functional
images/cell1445.png,0.0,mono,cell1445.png,/content/elpv-dataset/src/elpv_dataset/data/images/cell1445.png,0,Functional
images/cell1446.png,0.0,mono,cell1446.png,/content/elpv-dataset/src/elpv_dataset/data/images/cell1446.png,0,Functional
images/cell1447.png,0.0,mono,cell1447.png,/content/elpv-dataset/src/elpv_dataset/data/images/cell1447.png,0,Functional
images/cell1449.png,0.0,mono,cell1449.png,/content/elpv-dataset/src/elpv_dataset/data/images/cell1449.png,0,Functional
images/cell1453.png,0.0,mono,cell1453.png,/content/elpv-dataset/src/elpv_dataset/data/images/cell1453.png,0,Functional
images/cell1454.png,1.0,mono,cell1454.png,/content/elpv-dataset/src/elpv_dataset/data/images/cell1454.png,1,Defective
images/cell1455.png,0.0,mono,cell1455.png,/content/elpv-dataset/src/elpv_dataset/data/images/cell1455.png,0,Functional
images/cell1458.png,0.0,mono,cell1458.png,/content/elpv-dataset/src/elpv_dataset/data/images/cell1458.png,0,Functional
images/cell1459.png,0.0,mono,cell1459.png,/content/elpv-dataset/src/elpv_dataset/data/images/cell1459.png,0,Functional
images/cell1460.png,0.0,mono,cell1460.png,/content/elpv-dataset/src/elpv_dataset/data/images/cell1460.png,0,Functional
images/cell1461.png,1.0,mono,cell1461.png,/content/elpv-dataset/src/elpv_dataset/data/images/cell1461.png,1,Defective
images/cell1462.png,0.0,mono,cell1462.png,/content/elpv-dataset/src/elpv_dataset/data/images/cell1462.png,0,Functional
images/cell1463.png,0.0,mono,cell1463.png,/content/elpv-dataset/src/elpv_dataset/data/images/cell1463.png,0,Functional
images/cell1464.png,0.0,mono,cell1464.png,/content/elpv-dataset/src/elpv_dataset/data/images/cell1464.png,0,Functional
images/cell1465.png,0.0,mono,cell1465.png,/content/elpv-dataset/src/elpv_dataset/data/images/cell1465.png,0,Functional
images/cell1467.png,0.0,mono,cell1467.png,/content/elpv-dataset/src/elpv_dataset/data/images/cell1467.png,0,Functional
images/cell1469.png,0.0,mono,cell1469.png,/content/elpv-dataset/src/elpv_dataset/data/images/cell1469.png,0,Functional
images/cell1470.png,0.0,mono,cell1470.png,/content/elpv-dataset/src/elpv_dataset/data/images/cell1470.png,0,Functional
images/cell1471.png,0.0,mono,cell1471.png,/content/elpv-dataset/src/elpv_dataset/data/images/cell1471.png,0,Functional
images/cell1472.png,0.0,mono,cell1472.png,/content/elpv-dataset/src/elpv_dataset/data/images/cell1472.png,0,Functional
images/cell1473.png,0.0,mono,cell1473.png,/content/elpv-dataset/src/elpv_dataset/data/images/cell1473.png,0,Functional
images/cell1474.png,0.0,mono,cell1474.png,/content/elpv-dataset/src/elpv_dataset/data/images/cell1474.png,0,Functional
images/cell1475.png,0.0,mono,cell1475.png,/content/elpv-dataset/src/elpv_dataset/data/images/cell1475.png,0,Functional
images/cell1479.png,0.0,mono,cell1479.png,/content/elpv-dataset/src/elpv_dataset/data/images/cell1479.png,0,Functional
images/cell1480.png,0.0,mono,cell1480.png,/content/elpv-dataset/src/elpv_dataset/data/images/cell1480.png,0,Functional
images/cell1481.png,0.0,mono,cell1481.png,/content/elpv-dataset/src/elpv_dataset/data/images/cell1481.png,0,Functional
images/cell1482.png,0.0,mono,cell1482.png,/content/elpv-dataset/src/elpv_dataset/data/images/cell1482.png,0,Functional
images/cell1484.png,0.0,mono,cell1484.png,/content/elpv-dataset/src/elpv_dataset/data/images/cell1484.png,0,Functional
images/cell1485.png,0.0,mono,cell1485.png,/content/elpv-dataset/src/elpv_dataset/data/images/cell1485.png,0,Functional
images/cell1488.png,0.0,mono,cell1488.png,/content/elpv-dataset/src/elpv_dataset/data/images/cell1488.png,0,Functional
images/cell1490.png,0.0,mono,cell1490.png,/content/elpv-dataset/src/elpv_dataset/data/images/cell1490.png,0,Functional
images/cell1491.png,0.0,mono,cell1491.png,/content/elpv-dataset/src/elpv_dataset/data/images/cell1491.png,0,Functional
images/cell1493.png,0.0,mono,cell1493.png,/content/elpv-dataset/src/elpv_dataset/data/images/cell1493.png,0,Functional
images/cell1495.png,0.0,mono,cell1495.png,/content/elpv-dataset/src/elpv_dataset/data/images/cell1495.png,0,Functional
images/cell1496.png,0.0,mono,cell1496.png,/content/elpv-dataset/src/elpv_dataset/data/images/cell1496.png,0,Functional
images/cell1497.png,0.0,mono,cell1497.png,/content/elpv-dataset/src/elpv_dataset/data/images/cell1497.png,0,Functional
images/cell1498.png,0.0,mono,cell1498.png,/content/elpv-dataset/src/elpv_dataset/data/images/cell1498.png,0,Functional
images/cell1499.png,0.0,mono,cell1499.png,/content/elpv-dataset/src/elpv_dataset/data/images/cell1499.png,0,Functional
images/cell1500.png,0.0,mono,cell1500.png,/content/elpv-dataset/src/elpv_dataset/data/images/cell1500.png,0,Functional
images/cell1501.png,0.0,mono,cell1501.png,/content/elpv-dataset/src/elpv_dataset/data/images/cell1501.png,0,Functional
images/cell1503.png,0.0,mono,cell1503.png,/content/elpv-dataset/src/elpv_dataset/data/images/cell1503.png,0,Functional
images/cell1504.png,0.0,mono,cell1504.png,/content/elpv-dataset/src/elpv_dataset/data/images/cell1504.png,0,Functional
images/cell1505.png,0.0,mono,cell1505.png,/content/elpv-dataset/src/elpv_dataset/data/images/cell1505.png,0,Functional
images/cell1506.png,0.0,mono,cell1506.png,/content/elpv-dataset/src/elpv_dataset/data/images/cell1506.png,0,Functional
images/cell1507.png,0.0,mono,cell1507.png,/content/elpv-dataset/src/elpv_dataset/data/images/cell1507.png,0,Functional
images/cell1508.png,0.0,mono,cell1508.png,/content/elpv-dataset/src/elpv_dataset/data/images/cell1508.png,0,Functional
images/cell1509.png,0.0,mono,cell1509.png,/content/elpv-dataset/src/elpv_dataset/data/images/cell1509.png,0,Functional
images/cell1510.png,0.0,mono,cell1510.png,/content/elpv-dataset/src/elpv_dataset/data/images/cell1510.png,0,Functional
images/cell1511.png,0.0,mono,cell1511.png,/content/elpv-dataset/src/elpv_dataset/data/images/cell1511.png,0,Functional
images/cell1513.png,0.0,mono,cell1513.png,/content/elpv-dataset/src/elpv_dataset/data/images/cell1513.png,0,Functional
images/cell1514.png,0.0,mono,cell1514.png,/content/elpv-dataset/src/elpv_dataset/data/images/cell1514.png,0,Functional
images/cell1515.png,0.0,mono,cell1515.png,/content/elpv-dataset/src/elpv_dataset/data/images/cell1515.png,0,Functional
images/cell1516.png,0.0,mono,cell1516.png,/content/elpv-dataset/src/elpv_dataset/data/images/cell1516.png,0,Functional
images/cell1517.png,0.0,mono,cell1517.png,/content/elpv-dataset/src/elpv_dataset/data/images/cell1517.png,0,Functional
images/cell1518.png,0.0,mono,cell1518.png,/content/elpv-dataset/src/elpv_dataset/data/images/cell1518.png,0,Functional
images/cell1519.png,0.0,mono,cell1519.png,/content/elpv-dataset/src/elpv_dataset/data/images/cell1519.png,0,Functional
images/cell1520.png,0.0,mono,cell1520.png,/content/elpv-dataset/src/elpv_dataset/data/images/cell1520.png,0,Functional
images/cell1521.png,0.0,mono,cell1521.png,/content/elpv-dataset/src/elpv_dataset/data/images/cell1521.png,0,Functional
images/cell1522.png,0.0,mono,cell1522.png,/content/elpv-dataset/src/elpv_dataset/data/images/cell1522.png,0,Functional
images/cell1523.png,0.0,mono,cell1523.png,/content/elpv-dataset/src/elpv_dataset/data/images/cell1523.png,0,Functional
images/cell1524.png,0.0,mono,cell1524.png,/content/elpv-dataset/src/elpv_dataset/data/images/cell1524.png,0,Functional
images/cell1525.png,0.0,mono,cell1525.png,/content/elpv-dataset/src/elpv_dataset/data/images/cell1525.png,0,Functional
images/cell1526.png,0.0,mono,cell1526.png,/content/elpv-dataset/src/elpv_dataset/data/images/cell1526.png,0,Functional
images/cell1527.png,0.0,mono,cell1527.png,/content/elpv-dataset/src/elpv_dataset/data/images/cell1527.png,0,Functional
images/cell1528.png,0.0,mono,cell1528.png,/content/elpv-dataset/src/elpv_dataset/data/images/cell1528.png,0,Functional
images/cell1529.png,0.0,mono,cell1529.png,/content/elpv-dataset/src/elpv_dataset/data/images/cell1529.png,0,Functional
images/cell1530.png,0.0,mono,cell1530.png,/content/elpv-dataset/src/elpv_dataset/data/images/cell1530.png,0,Functional
images/cell1532.png,0.0,mono,cell1532.png,/content/elpv-dataset/src/elpv_dataset/data/images/cell1532.png,0,Functional
images/cell1533.png,0.0,mono,cell1533.png,/content/elpv-dataset/src/elpv_dataset/data/images/cell1533.png,0,Functional
images/cell1534.png,0.0,mono,cell1534.png,/content/elpv-dataset/src/elpv_dataset/data/images/cell1534.png,0,Functional
images/cell1535.png,0.0,mono,cell1535.png,/content/elpv-dataset/src/elpv_dataset/data/images/cell1535.png,0,Functional
images/cell1536.png,0.0,mono,cell1536.png,/content/elpv-dataset/src/elpv_dataset/data/images/cell1536.png,0,Functional
images/cell1537.png,0.0,mono,cell1537.png,/content/elpv-dataset/src/elpv_dataset/data/images/cell1537.png,0,Functional
images/cell1538.png,0.0,mono,cell1538.png,/content/elpv-dataset/src/elpv_dataset/data/images/cell1538.png,0,Functional
images/cell1539.png,0.0,mono,cell1539.png,/content/elpv-dataset/src/elpv_dataset/data/images/cell1539.png,0,Functional
images/cell1541.png,0.0,mono,cell1541.png,/content/elpv-dataset/src/elpv_dataset/data/images/cell1541.png,0,Functional
images/cell1542.png,0.0,mono,cell1542.png,/content/elpv-dataset/src/elpv_dataset/data/images/cell1542.png,0,Functional
images/cell1543.png,0.0,mono,cell1543.png,/content/elpv-dataset/src/elpv_dataset/data/images/cell1543.png,0,Functional
images/cell1544.png,0.0,mono,cell1544.png,/content/elpv-dataset/src/elpv_dataset/data/images/cell1544.png,0,Functional
images/cell1545.png,0.0,mono,cell1545.png,/content/elpv-dataset/src/elpv_dataset/data/images/cell1545.png,0,Functional
images/cell1546.png,0.0,mono,cell1546.png,/content/elpv-dataset/src/elpv_dataset/data/images/cell1546.png,0,Functional
images/cell1547.png,0.0,mono,cell1547.png,/content/elpv-dataset/src/elpv_dataset/data/images/cell1547.png,0,Functional
images/cell1548.png,0.0,mono,cell1548.png,/content/elpv-dataset/src/elpv_dataset/data/images/cell1548.png,0,Functional
images/cell1549.png,0.0,mono,cell1549.png,/content/elpv-dataset/src/elpv_dataset/data/images/cell1549.png,0,Functional
images/cell1550.png,0.0,mono,cell1550.png,/content/elpv-dataset/src/elpv_dataset/data/images/cell1550.png,0,Functional
images/cell1551.png,0.0,mono,cell1551.png,/content/elpv-dataset/src/elpv_dataset/data/images/cell1551.png,0,Functional
images/cell1552.png,0.0,mono,cell1552.png,/content/elpv-dataset/src/elpv_dataset/data/images/cell1552.png,0,Functional
images/cell1553.png,0.0,mono,cell1553.png,/content/elpv-dataset/src/elpv_dataset/data/images/cell1553.png,0,Functional
images/cell1554.png,0.0,mono,cell1554.png,/content/elpv-dataset/src/elpv_dataset/data/images/cell1554.png,0,Functional
images/cell1555.png,0.0,mono,cell1555.png,/content/elpv-dataset/src/elpv_dataset/data/images/cell1555.png,0,Functional
images/cell1556.png,0.0,mono,cell1556.png,/content/elpv-dataset/src/elpv_dataset/data/images/cell1556.png,0,Functional
images/cell1557.png,0.0,mono,cell1557.png,/content/elpv-dataset/src/elpv_dataset/data/images/cell1557.png,0,Functional
images/cell1558.png,0.0,mono,cell1558.png,/content/elpv-dataset/src/elpv_dataset/data/images/cell1558.png,0,Functional
images/cell1559.png,0.0,mono,cell1559.png,/content/elpv-dataset/src/elpv_dataset/data/images/cell1559.png,0,Functional
images/cell1560.png,0.0,mono,cell1560.png,/content/elpv-dataset/src/elpv_dataset/data/images/cell1560.png,0,Functional
images/cell1561.png,0.0,mono,cell1561.png,/content/elpv-dataset/src/elpv_dataset/data/images/cell1561.png,0,Functional
images/cell1562.png,0.0,mono,cell1562.png,/content/elpv-dataset/src/elpv_dataset/data/images/cell1562.png,0,Functional
images/cell1563.png,0.0,mono,cell1563.png,/content/elpv-dataset/src/elpv_dataset/data/images/cell1563.png,0,Functional
images/cell1564.png,0.0,mono,cell1564.png,/content/elpv-dataset/src/elpv_dataset/data/images/cell1564.png,0,Functional
images/cell1565.png,0.0,mono,cell1565.png,/content/elpv-dataset/src/elpv_dataset/data/images/cell1565.png,0,Functional
images/cell1566.png,0.0,mono,cell1566.png,/content/elpv-dataset/src/elpv_dataset/data/images/cell1566.png,0,Functional
images/cell1568.png,0.0,mono,cell1568.png,/content/elpv-dataset/src/elpv_dataset/data/images/cell1568.png,0,Functional
images/cell1569.png,0.0,mono,cell1569.png,/content/elpv-dataset/src/elpv_dataset/data/images/cell1569.png,0,Functional
images/cell1570.png,0.0,mono,cell1570.png,/content/elpv-dataset/src/elpv_dataset/data/images/cell1570.png,0,Functional
images/cell1571.png,0.0,mono,cell1571.png,/content/elpv-dataset/src/elpv_dataset/data/images/cell1571.png,0,Functional
images/cell1572.png,0.0,mono,cell1572.png,/content/elpv-dataset/src/elpv_dataset/data/images/cell1572.png,0,Functional
images/cell1573.png,0.0,mono,cell1573.png,/content/elpv-dataset/src/elpv_dataset/data/images/cell1573.png,0,Functional
images/cell1574.png,0.0,mono,cell1574.png,/content/elpv-dataset/src/elpv_dataset/data/images/cell1574.png,0,Functional
images/cell1575.png,0.0,mono,cell1575.png,/content/elpv-dataset/src/elpv_dataset/data/images/cell1575.png,0,Functional
images/cell1576.png,0.0,mono,cell1576.png,/content/elpv-dataset/src/elpv_dataset/data/images/cell1576.png,0,Functional
images/cell1577.png,0.0,mono,cell1577.png,/content/elpv-dataset/src/elpv_dataset/data/images/cell1577.png,0,Functional
images/cell1578.png,0.0,mono,cell1578.png,/content/elpv-dataset/src/elpv_dataset/data/images/cell1578.png,0,Functional
images/cell1579.png,0.0,mono,cell1579.png,/content/elpv-dataset/src/elpv_dataset/data/images/cell1579.png,0,Functional
images/cell1580.png,0.0,mono,cell1580.png,/content/elpv-dataset/src/elpv_dataset/data/images/cell1580.png,0,Functional
images/cell1581.png,0.0,mono,cell1581.png,/content/elpv-dataset/src/elpv_dataset/data/images/cell1581.png,0,Functional
images/cell1582.png,0.0,mono,cell1582.png,/content/elpv-dataset/src/elpv_dataset/data/images/cell1582.png,0,Functional
images/cell1583.png,0.0,mono,cell1583.png,/content/elpv-dataset/src/elpv_dataset/data/images/cell1583.png,0,Functional
images/cell1584.png,0.0,mono,cell1584.png,/content/elpv-dataset/src/elpv_dataset/data/images/cell1584.png,0,Functional
images/cell1585.png,0.0,mono,cell1585.png,/content/elpv-dataset/src/elpv_dataset/data/images/cell1585.png,0,Functional
images/cell1586.png,0.0,mono,cell1586.png,/content/elpv-dataset/src/elpv_dataset/data/images/cell1586.png,0,Functional
images/cell1587.png,0.0,mono,cell1587.png,/content/elpv-dataset/src/elpv_dataset/data/images/cell1587.png,0,Functional
images/cell1588.png,0.0,mono,cell1588.png,/content/elpv-dataset/src/elpv_dataset/data/images/cell1588.png,0,Functional
images/cell1589.png,1.0,mono,cell1589.png,/content/elpv-dataset/src/elpv_dataset/data/images/cell1589.png,1,Defective
images/cell1590.png,0.0,mono,cell1590.png,/content/elpv-dataset/src/elpv_dataset/data/images/cell1590.png,0,Functional
images/cell1591.png,1.0,mono,cell1591.png,/content/elpv-dataset/src/elpv_dataset/data/images/cell1591.png,1,Defective
images/cell1592.png,0.0,mono,cell1592.png,/content/elpv-dataset/src/elpv_dataset/data/images/cell1592.png,0,Functional
images/cell1593.png,0.0,mono,cell1593.png,/content/elpv-dataset/src/elpv_dataset/data/images/cell1593.png,0,Functional
images/cell1594.png,0.0,mono,cell1594.png,/content/elpv-dataset/src/elpv_dataset/data/images/cell1594.png,0,Functional
images/cell1595.png,0.0,mono,cell1595.png,/content/elpv-dataset/src/elpv_dataset/data/images/cell1595.png,0,Functional
images/cell1597.png,0.0,mono,cell1597.png,/content/elpv-dataset/src/elpv_dataset/data/images/cell1597.png,0,Functional
images/cell1598.png,0.0,mono,cell1598.png,/content/elpv-dataset/src/elpv_dataset/data/images/cell1598.png,0,Functional
images/cell1599.png,0.0,mono,cell1599.png,/content/elpv-dataset/src/elpv_dataset/data/images/cell1599.png,0,Functional
images/cell1600.png,0.0,mono,cell1600.png,/content/elpv-dataset/src/elpv_dataset/data/images/cell1600.png,0,Functional
images/cell1601.png,0.0,mono,cell1601.png,/content/elpv-dataset/src/elpv_dataset/data/images/cell1601.png,0,Functional
images/cell1602.png,0.0,mono,cell1602.png,/content/elpv-dataset/src/elpv_dataset/data/images/cell1602.png,0,Functional
images/cell1603.png,0.0,mono,cell1603.png,/content/elpv-dataset/src/elpv_dataset/data/images/cell1603.png,0,Functional
images/cell1604.png,0.0,mono,cell1604.png,/content/elpv-dataset/src/elpv_dataset/data/images/cell1604.png,0,Functional
images/cell1605.png,0.0,mono,cell1605.png,/content/elpv-dataset/src/elpv_dataset/data/images/cell1605.png,0,Functional
images/cell1606.png,0.0,mono,cell1606.png,/content/elpv-dataset/src/elpv_dataset/data/images/cell1606.png,0,Functional
images/cell1607.png,0.0,mono,cell1607.png,/content/elpv-dataset/src/elpv_dataset/data/images/cell1607.png,0,Functional
images/cell1608.png,0.0,mono,cell1608.png,/content/elpv-dataset/src/elpv_dataset/data/images/cell1608.png,0,Functional
images/cell1609.png,0.0,mono,cell1609.png,/content/elpv-dataset/src/elpv_dataset/data/images/cell1609.png,0,Functional
images/cell1610.png,0.0,mono,cell1610.png,/content/elpv-dataset/src/elpv_dataset/data/images/cell1610.png,0,Functional
images/cell1611.png,0.0,mono,cell1611.png,/content/elpv-dataset/src/elpv_dataset/data/images/cell1611.png,0,Functional
images/cell1612.png,0.0,mono,cell1612.png,/content/elpv-dataset/src/elpv_dataset/data/images/cell1612.png,0,Functional
images/cell1613.png,0.0,mono,cell1613.png,/content/elpv-dataset/src/elpv_dataset/data/images/cell1613.png,0,Functional
images/cell1614.png,0.0,mono,cell1614.png,/content/elpv-dataset/src/elpv_dataset/data/images/cell1614.png,0,Functional
images/cell1615.png,1.0,poly,cell1615.png,/content/elpv-dataset/src/elpv_dataset/data/images/cell1615.png,1,Defective
images/cell1616.png,1.0,poly,cell1616.png,/content/elpv-dataset/src/elpv_dataset/data/images/cell1616.png,1,Defective
images/cell1617.png,0.0,poly,cell1617.png,/content/elpv-dataset/src/elpv_dataset/data/images/cell1617.png,0,Functional
images/cell1618.png,1.0,poly,cell1618.png,/content/elpv-dataset/src/elpv_dataset/data/images/cell1618.png,1,Defective
images/cell1619.png,0.0,poly,cell1619.png,/content/elpv-dataset/src/elpv_dataset/data/images/cell1619.png,0,Functional
images/cell1620.png,0.0,poly,cell1620.png,/content/elpv-dataset/src/elpv_dataset/data/images/cell1620.png,0,Functional
images/cell1621.png,1.0,poly,cell1621.png,/content/elpv-dataset/src/elpv_dataset/data/images/cell1621.png,1,Defective
images/cell1622.png,1.0,poly,cell1622.png,/content/elpv-dataset/src/elpv_dataset/data/images/cell1622.png,1,Defective
images/cell1623.png,1.0,poly,cell1623.png,/content/elpv-dataset/src/elpv_dataset/data/images/cell1623.png,1,Defective
images/cell1624.png,1.0,poly,cell1624.png,/content/elpv-dataset/src/elpv_dataset/data/images/cell1624.png,1,Defective
images/cell1625.png,1.0,poly,cell1625.png,/content/elpv-dataset/src/elpv_dataset/data/images/cell1625.png,1,Defective
images/cell1626.png,1.0,poly,cell1626.png,/content/elpv-dataset/src/elpv_dataset/data/images/cell1626.png,1,Defective
images/cell1627.png,1.0,poly,cell1627.png,/content/elpv-dataset/src/elpv_dataset/data/images/cell1627.png,1,Defective
images/cell1628.png,1.0,poly,cell1628.png,/content/elpv-dataset/src/elpv_dataset/data/images/cell1628.png,1,Defective
images/cell1629.png,1.0,poly,cell1629.png,/content/elpv-dataset/src/elpv_dataset/data/images/cell1629.png,1,Defective
images/cell1630.png,1.0,poly,cell1630.png,/content/elpv-dataset/src/elpv_dataset/data/images/cell1630.png,1,Defective
images/cell1631.png,1.0,poly,cell1631.png,/content/elpv-dataset/src/elpv_dataset/data/images/cell1631.png,1,Defective
images/cell1632.png,1.0,poly,cell1632.png,/content/elpv-dataset/src/elpv_dataset/data/images/cell1632.png,1,Defective
images/cell1633.png,1.0,poly,cell1633.png,/content/elpv-dataset/src/elpv_dataset/data/images/cell1633.png,1,Defective
images/cell1634.png,1.0,poly,cell1634.png,/content/elpv-dataset/src/elpv_dataset/data/images/cell1634.png,1,Defective
images/cell1635.png,1.0,poly,cell1635.png,/content/elpv-dataset/src/elpv_dataset/data/images/cell1635.png,1,Defective
images/cell1636.png,0.0,poly,cell1636.png,/content/elpv-dataset/src/elpv_dataset/data/images/cell1636.png,0,Functional
images/cell1637.png,1.0,poly,cell1637.png,/content/elpv-dataset/src/elpv_dataset/data/images/cell1637.png,1,Defective
images/cell1638.png,1.0,poly,cell1638.png,/content/elpv-dataset/src/elpv_dataset/data/images/cell1638.png,1,Defective
images/cell1639.png,1.0,poly,cell1639.png,/content/elpv-dataset/src/elpv_dataset/data/images/cell1639.png,1,Defective
images/cell1640.png,0.0,poly,cell1640.png,/content/elpv-dataset/src/elpv_dataset/data/images/cell1640.png,0,Functional
images/cell1641.png,0.0,poly,cell1641.png,/content/elpv-dataset/src/elpv_dataset/data/images/cell1641.png,0,Functional
images/cell1642.png,0.0,poly,cell1642.png,/content/elpv-dataset/src/elpv_dataset/data/images/cell1642.png,0,Functional
images/cell1643.png,1.0,poly,cell1643.png,/content/elpv-dataset/src/elpv_dataset/data/images/cell1643.png,1,Defective
images/cell1644.png,0.0,poly,cell1644.png,/content/elpv-dataset/src/elpv_dataset/data/images/cell1644.png,0,Functional
images/cell1645.png,1.0,poly,cell1645.png,/content/elpv-dataset/src/elpv_dataset/data/images/cell1645.png,1,Defective
images/cell1646.png,1.0,poly,cell1646.png,/content/elpv-dataset/src/elpv_dataset/data/images/cell1646.png,1,Defective
images/cell1647.png,1.0,poly,cell1647.png,/content/elpv-dataset/src/elpv_dataset/data/images/cell1647.png,1,Defective
images/cell1648.png,1.0,poly,cell1648.png,/content/elpv-dataset/src/elpv_dataset/data/images/cell1648.png,1,Defective
images/cell1649.png,1.0,poly,cell1649.png,/content/elpv-dataset/src/elpv_dataset/data/images/cell1649.png,1,Defective
images/cell1650.png,1.0,poly,cell1650.png,/content/elpv-dataset/src/elpv_dataset/data/images/cell1650.png,1,Defective
images/cell1651.png,1.0,poly,cell1651.png,/content/elpv-dataset/src/elpv_dataset/data/images/cell1651.png,1,Defective
images/cell1652.png,1.0,poly,cell1652.png,/content/elpv-dataset/src/elpv_dataset/data/images/cell1652.png,1,Defective
images/cell1653.png,1.0,poly,cell1653.png,/content/elpv-dataset/src/elpv_dataset/data/images/cell1653.png,1,Defective
images/cell1654.png,1.0,poly,cell1654.png,/content/elpv-dataset/src/elpv_dataset/data/images/cell1654.png,1,Defective
images/cell1655.png,1.0,poly,cell1655.png,/content/elpv-dataset/src/elpv_dataset/data/images/cell1655.png,1,Defective
images/cell1656.png,0.0,poly,cell1656.png,/content/elpv-dataset/src/elpv_dataset/data/images/cell1656.png,0,Functional
images/cell1657.png,1.0,poly,cell1657.png,/content/elpv-dataset/src/elpv_dataset/data/images/cell1657.png,1,Defective
images/cell1658.png,0.0,poly,cell1658.png,/content/elpv-dataset/src/elpv_dataset/data/images/cell1658.png,0,Functional
images/cell1659.png,0.0,poly,cell1659.png,/content/elpv-dataset/src/elpv_dataset/data/images/cell1659.png,0,Functional
images/cell1660.png,0.0,poly,cell1660.png,/content/elpv-dataset/src/elpv_dataset/data/images/cell1660.png,0,Functional
images/cell1661.png,0.0,poly,cell1661.png,/content/elpv-dataset/src/elpv_dataset/data/images/cell1661.png,0,Functional
images/cell1662.png,0.0,poly,cell1662.png,/content/elpv-dataset/src/elpv_dataset/data/images/cell1662.png,0,Functional
images/cell1663.png,0.0,poly,cell1663.png,/content/elpv-dataset/src/elpv_dataset/data/images/cell1663.png,0,Functional
images/cell1664.png,0.0,poly,cell1664.png,/content/elpv-dataset/src/elpv_dataset/data/images/cell1664.png,0,Functional
images/cell1665.png,1.0,poly,cell1665.png,/content/elpv-dataset/src/elpv_dataset/data/images/cell1665.png,1,Defective
images/cell1666.png,1.0,poly,cell1666.png,/content/elpv-dataset/src/elpv_dataset/data/images/cell1666.png,1,Defective
images/cell1667.png,1.0,poly,cell1667.png,/content/elpv-dataset/src/elpv_dataset/data/images/cell1667.png,1,Defective
images/cell1668.png,1.0,poly,cell1668.png,/content/elpv-dataset/src/elpv_dataset/data/images/cell1668.png,1,Defective
images/cell1669.png,1.0,poly,cell1669.png,/content/elpv-dataset/src/elpv_dataset/data/images/cell1669.png,1,Defective
images/cell1670.png,1.0,poly,cell1670.png,/content/elpv-dataset/src/elpv_dataset/data/images/cell1670.png,1,Defective
images/cell1671.png,1.0,poly,cell1671.png,/content/elpv-dataset/src/elpv_dataset/data/images/cell1671.png,1,Defective
images/cell1672.png,1.0,poly,cell1672.png,/content/elpv-dataset/src/elpv_dataset/data/images/cell1672.png,1,Defective
images/cell1673.png,1.0,poly,cell1673.png,/content/elpv-dataset/src/elpv_dataset/data/images/cell1673.png,1,Defective
images/cell1674.png,1.0,poly,cell1674.png,/content/elpv-dataset/src/elpv_dataset/data/images/cell1674.png,1,Defective
images/cell1676.png,0.0,poly,cell1676.png,/content/elpv-dataset/src/elpv_dataset/data/images/cell1676.png,0,Functional
images/cell1677.png,0.0,poly,cell1677.png,/content/elpv-dataset/src/elpv_dataset/data/images/cell1677.png,0,Functional
images/cell1678.png,0.0,poly,cell1678.png,/content/elpv-dataset/src/elpv_dataset/data/images/cell1678.png,0,Functional
images/cell1680.png,0.0,poly,cell1680.png,/content/elpv-dataset/src/elpv_dataset/data/images/cell1680.png,0,Functional
images/cell1681.png,0.0,poly,cell1681.png,/content/elpv-dataset/src/elpv_dataset/data/images/cell1681.png,0,Functional
images/cell1682.png,0.0,poly,cell1682.png,/content/elpv-dataset/src/elpv_dataset/data/images/cell1682.png,0,Functional
images/cell1683.png,0.0,poly,cell1683.png,/content/elpv-dataset/src/elpv_dataset/data/images/cell1683.png,0,Functional
images/cell1684.png,0.0,poly,cell1684.png,/content/elpv-dataset/src/elpv_dataset/data/images/cell1684.png,0,Functional
images/cell1685.png,0.0,poly,cell1685.png,/content/elpv-dataset/src/elpv_dataset/data/images/cell1685.png,0,Functional
images/cell1686.png,0.0,poly,cell1686.png,/content/elpv-dataset/src/elpv_dataset/data/images/cell1686.png,0,Functional
images/cell1687.png,0.0,poly,cell1687.png,/content/elpv-dataset/src/elpv_dataset/data/images/cell1687.png,0,Functional
images/cell1688.png,0.0,poly,cell1688.png,/content/elpv-dataset/src/elpv_dataset/data/images/cell1688.png,0,Functional
images/cell1689.png,0.0,poly,cell1689.png,/content/elpv-dataset/src/elpv_dataset/data/images/cell1689.png,0,Functional
images/cell1690.png,0.0,poly,cell1690.png,/content/elpv-dataset/src/elpv_dataset/data/images/cell1690.png,0,Functional
images/cell1691.png,0.0,poly,cell1691.png,/content/elpv-dataset/src/elpv_dataset/data/images/cell1691.png,0,Functional
images/cell1692.png,0.0,poly,cell1692.png,/content/elpv-dataset/src/elpv_dataset/data/images/cell1692.png,0,Functional
images/cell1693.png,0.0,poly,cell1693.png,/content/elpv-dataset/src/elpv_dataset/data/images/cell1693.png,0,Functional
images/cell1694.png,0.0,poly,cell1694.png,/content/elpv-dataset/src/elpv_dataset/data/images/cell1694.png,0,Functional
images/cell1695.png,0.0,poly,cell1695.png,/content/elpv-dataset/src/elpv_dataset/data/images/cell1695.png,0,Functional
images/cell1696.png,0.0,poly,cell1696.png,/content/elpv-dataset/src/elpv_dataset/data/images/cell1696.png,0,Functional
images/cell1697.png,0.0,poly,cell1697.png,/content/elpv-dataset/src/elpv_dataset/data/images/cell1697.png,0,Functional
images/cell1698.png,0.0,poly,cell1698.png,/content/elpv-dataset/src/elpv_dataset/data/images/cell1698.png,0,Functional
images/cell1699.png,0.0,poly,cell1699.png,/content/elpv-dataset/src/elpv_dataset/data/images/cell1699.png,0,Functional
images/cell1700.png,0.0,poly,cell1700.png,/content/elpv-dataset/src/elpv_dataset/data/images/cell1700.png,0,Functional
images/cell1701.png,0.0,poly,cell1701.png,/content/elpv-dataset/src/elpv_dataset/data/images/cell1701.png,0,Functional
images/cell1702.png,0.0,poly,cell1702.png,/content/elpv-dataset/src/elpv_dataset/data/images/cell1702.png,0,Functional
images/cell1703.png,0.0,poly,cell1703.png,/content/elpv-dataset/src/elpv_dataset/data/images/cell1703.png,0,Functional
images/cell1704.png,0.0,poly,cell1704.png,/content/elpv-dataset/src/elpv_dataset/data/images/cell1704.png,0,Functional
images/cell1705.png,0.0,poly,cell1705.png,/content/elpv-dataset/src/elpv_dataset/data/images/cell1705.png,0,Functional
images/cell1707.png,0.0,poly,cell1707.png,/content/elpv-dataset/src/elpv_dataset/data/images/cell1707.png,0,Functional
images/cell1708.png,0.0,poly,cell1708.png,/content/elpv-dataset/src/elpv_dataset/data/images/cell1708.png,0,Functional
images/cell1709.png,0.0,poly,cell1709.png,/content/elpv-dataset/src/elpv_dataset/data/images/cell1709.png,0,Functional
images/cell1710.png,0.0,poly,cell1710.png,/content/elpv-dataset/src/elpv_dataset/data/images/cell1710.png,0,Functional
images/cell1711.png,0.0,poly,cell1711.png,/content/elpv-dataset/src/elpv_dataset/data/images/cell1711.png,0,Functional
images/cell1712.png,0.0,poly,cell1712.png,/content/elpv-dataset/src/elpv_dataset/data/images/cell1712.png,0,Functional
images/cell1713.png,0.0,poly,cell1713.png,/content/elpv-dataset/src/elpv_dataset/data/images/cell1713.png,0,Functional
images/cell1715.png,0.0,poly,cell1715.png,/content/elpv-dataset/src/elpv_dataset/data/images/cell1715.png,0,Functional
images/cell1716.png,0.0,poly,cell1716.png,/content/elpv-dataset/src/elpv_dataset/data/images/cell1716.png,0,Functional
images/cell1717.png,0.0,poly,cell1717.png,/content/elpv-dataset/src/elpv_dataset/data/images/cell1717.png,0,Functional
images/cell1718.png,0.0,poly,cell1718.png,/content/elpv-dataset/src/elpv_dataset/data/images/cell1718.png,0,Functional
images/cell1719.png,0.0,poly,cell1719.png,/content/elpv-dataset/src/elpv_dataset/data/images/cell1719.png,0,Functional
images/cell1720.png,0.0,poly,cell1720.png,/content/elpv-dataset/src/elpv_dataset/data/images/cell1720.png,0,Functional
images/cell1721.png,0.0,poly,cell1721.png,/content/elpv-dataset/src/elpv_dataset/data/images/cell1721.png,0,Functional
images/cell1722.png,0.0,poly,cell1722.png,/content/elpv-dataset/src/elpv_dataset/data/images/cell1722.png,0,Functional
images/cell1723.png,0.0,poly,cell1723.png,/content/elpv-dataset/src/elpv_dataset/data/images/cell1723.png,0,Functional
images/cell1724.png,0.0,poly,cell1724.png,/content/elpv-dataset/src/elpv_dataset/data/images/cell1724.png,0,Functional
images/cell1725.png,0.0,poly,cell1725.png,/content/elpv-dataset/src/elpv_dataset/data/images/cell1725.png,0,Functional
images/cell1726.png,0.0,poly,cell1726.png,/content/elpv-dataset/src/elpv_dataset/data/images/cell1726.png,0,Functional
images/cell1727.png,0.0,poly,cell1727.png,/content/elpv-dataset/src/elpv_dataset/data/images/cell1727.png,0,Functional
images/cell1728.png,1.0,poly,cell1728.png,/content/elpv-dataset/src/elpv_dataset/data/images/cell1728.png,1,Defective
images/cell1729.png,1.0,poly,cell1729.png,/content/elpv-dataset/src/elpv_dataset/data/images/cell1729.png,1,Defective
images/cell1730.png,1.0,poly,cell1730.png,/content/elpv-dataset/src/elpv_dataset/data/images/cell1730.png,1,Defective
images/cell1732.png,1.0,poly,cell1732.png,/content/elpv-dataset/src/elpv_dataset/data/images/cell1732.png,1,Defective
images/cell1733.png,1.0,poly,cell1733.png,/content/elpv-dataset/src/elpv_dataset/data/images/cell1733.png,1,Defective
images/cell1734.png,0.0,poly,cell1734.png,/content/elpv-dataset/src/elpv_dataset/data/images/cell1734.png,0,Functional
images/cell1735.png,0.0,poly,cell1735.png,/content/elpv-dataset/src/elpv_dataset/data/images/cell1735.png,0,Functional
images/cell1736.png,0.0,poly,cell1736.png,/content/elpv-dataset/src/elpv_dataset/data/images/cell1736.png,0,Functional
images/cell1737.png,0.0,poly,cell1737.png,/content/elpv-dataset/src/elpv_dataset/data/images/cell1737.png,0,Functional
images/cell1738.png,0.0,poly,cell1738.png,/content/elpv-dataset/src/elpv_dataset/data/images/cell1738.png,0,Functional
images/cell1739.png,0.0,poly,cell1739.png,/content/elpv-dataset/src/elpv_dataset/data/images/cell1739.png,0,Functional
images/cell1740.png,0.0,poly,cell1740.png,/content/elpv-dataset/src/elpv_dataset/data/images/cell1740.png,0,Functional
images/cell1741.png,0.0,poly,cell1741.png,/content/elpv-dataset/src/elpv_dataset/data/images/cell1741.png,0,Functional
images/cell1742.png,0.0,poly,cell1742.png,/content/elpv-dataset/src/elpv_dataset/data/images/cell1742.png,0,Functional
images/cell1744.png,0.0,poly,cell1744.png,/content/elpv-dataset/src/elpv_dataset/data/images/cell1744.png,0,Functional
images/cell1745.png,0.0,poly,cell1745.png,/content/elpv-dataset/src/elpv_dataset/data/images/cell1745.png,0,Functional
images/cell1747.png,0.0,poly,cell1747.png,/content/elpv-dataset/src/elpv_dataset/data/images/cell1747.png,0,Functional
images/cell1749.png,0.0,poly,cell1749.png,/content/elpv-dataset/src/elpv_dataset/data/images/cell1749.png,0,Functional
images/cell1751.png,0.0,poly,cell1751.png,/content/elpv-dataset/src/elpv_dataset/data/images/cell1751.png,0,Functional
images/cell1753.png,0.0,poly,cell1753.png,/content/elpv-dataset/src/elpv_dataset/data/images/cell1753.png,0,Functional
images/cell1754.png,0.0,poly,cell1754.png,/content/elpv-dataset/src/elpv_dataset/data/images/cell1754.png,0,Functional
images/cell1755.png,0.0,poly,cell1755.png,/content/elpv-dataset/src/elpv_dataset/data/images/cell1755.png,0,Functional
images/cell1756.png,0.0,poly,cell1756.png,/content/elpv-dataset/src/elpv_dataset/data/images/cell1756.png,0,Functional
images/cell1757.png,0.0,poly,cell1757.png,/content/elpv-dataset/src/elpv_dataset/data/images/cell1757.png,0,Functional
images/cell1758.png,0.0,poly,cell1758.png,/content/elpv-dataset/src/elpv_dataset/data/images/cell1758.png,0,Functional
images/cell1759.png,0.0,poly,cell1759.png,/content/elpv-dataset/src/elpv_dataset/data/images/cell1759.png,0,Functional
images/cell1760.png,0.0,poly,cell1760.png,/content/elpv-dataset/src/elpv_dataset/data/images/cell1760.png,0,Functional
images/cell1761.png,1.0,poly,cell1761.png,/content/elpv-dataset/src/elpv_dataset/data/images/cell1761.png,1,Defective
images/cell1762.png,0.0,poly,cell1762.png,/content/elpv-dataset/src/elpv_dataset/data/images/cell1762.png,0,Functional
images/cell1763.png,0.0,poly,cell1763.png,/content/elpv-dataset/src/elpv_dataset/data/images/cell1763.png,0,Functional
images/cell1764.png,0.0,poly,cell1764.png,/content/elpv-dataset/src/elpv_dataset/data/images/cell1764.png,0,Functional
images/cell1765.png,0.0,poly,cell1765.png,/content/elpv-dataset/src/elpv_dataset/data/images/cell1765.png,0,Functional
images/cell1766.png,0.0,poly,cell1766.png,/content/elpv-dataset/src/elpv_dataset/data/images/cell1766.png,0,Functional
images/cell1767.png,0.0,poly,cell1767.png,/content/elpv-dataset/src/elpv_dataset/data/images/cell1767.png,0,Functional
images/cell1769.png,0.0,poly,cell1769.png,/content/elpv-dataset/src/elpv_dataset/data/images/cell1769.png,0,Functional
images/cell1770.png,0.0,poly,cell1770.png,/content/elpv-dataset/src/elpv_dataset/data/images/cell1770.png,0,Functional
images/cell1772.png,0.0,poly,cell1772.png,/content/elpv-dataset/src/elpv_dataset/data/images/cell1772.png,0,Functional
images/cell1773.png,0.0,poly,cell1773.png,/content/elpv-dataset/src/elpv_dataset/data/images/cell1773.png,0,Functional
images/cell1774.png,0.0,poly,cell1774.png,/content/elpv-dataset/src/elpv_dataset/data/images/cell1774.png,0,Functional
images/cell1775.png,0.0,poly,cell1775.png,/content/elpv-dataset/src/elpv_dataset/data/images/cell1775.png,0,Functional
images/cell1776.png,0.0,poly,cell1776.png,/content/elpv-dataset/src/elpv_dataset/data/images/cell1776.png,0,Functional
images/cell1777.png,0.0,poly,cell1777.png,/content/elpv-dataset/src/elpv_dataset/data/images/cell1777.png,0,Functional
images/cell1778.png,0.0,poly,cell1778.png,/content/elpv-dataset/src/elpv_dataset/data/images/cell1778.png,0,Functional
images/cell1779.png,0.0,poly,cell1779.png,/content/elpv-dataset/src/elpv_dataset/data/images/cell1779.png,0,Functional
images/cell1780.png,0.0,poly,cell1780.png,/content/elpv-dataset/src/elpv_dataset/data/images/cell1780.png,0,Functional
images/cell1782.png,0.0,poly,cell1782.png,/content/elpv-dataset/src/elpv_dataset/data/images/cell1782.png,0,Functional
images/cell1783.png,0.0,poly,cell1783.png,/content/elpv-dataset/src/elpv_dataset/data/images/cell1783.png,0,Functional
images/cell1785.png,0.0,poly,cell1785.png,/content/elpv-dataset/src/elpv_dataset/data/images/cell1785.png,0,Functional
images/cell1786.png,0.0,poly,cell1786.png,/content/elpv-dataset/src/elpv_dataset/data/images/cell1786.png,0,Functional
images/cell1787.png,0.0,poly,cell1787.png,/content/elpv-dataset/src/elpv_dataset/data/images/cell1787.png,0,Functional
images/cell1788.png,0.0,poly,cell1788.png,/content/elpv-dataset/src/elpv_dataset/data/images/cell1788.png,0,Functional
images/cell1789.png,0.0,poly,cell1789.png,/content/elpv-dataset/src/elpv_dataset/data/images/cell1789.png,0,Functional
images/cell1790.png,0.0,poly,cell1790.png,/content/elpv-dataset/src/elpv_dataset/data/images/cell1790.png,0,Functional
images/cell1791.png,0.0,poly,cell1791.png,/content/elpv-dataset/src/elpv_dataset/data/images/cell1791.png,0,Functional
images/cell1792.png,0.0,poly,cell1792.png,/content/elpv-dataset/src/elpv_dataset/data/images/cell1792.png,0,Functional
images/cell1793.png,0.0,poly,cell1793.png,/content/elpv-dataset/src/elpv_dataset/data/images/cell1793.png,0,Functional
images/cell1794.png,0.0,poly,cell1794.png,/content/elpv-dataset/src/elpv_dataset/data/images/cell1794.png,0,Functional
images/cell1795.png,0.0,poly,cell1795.png,/content/elpv-dataset/src/elpv_dataset/data/images/cell1795.png,0,Functional
images/cell1796.png,0.0,poly,cell1796.png,/content/elpv-dataset/src/elpv_dataset/data/images/cell1796.png,0,Functional
images/cell1797.png,0.0,poly,cell1797.png,/content/elpv-dataset/src/elpv_dataset/data/images/cell1797.png,0,Functional
images/cell1798.png,0.0,poly,cell1798.png,/content/elpv-dataset/src/elpv_dataset/data/images/cell1798.png,0,Functional
images/cell1799.png,0.0,poly,cell1799.png,/content/elpv-dataset/src/elpv_dataset/data/images/cell1799.png,0,Functional
images/cell1800.png,0.0,poly,cell1800.png,/content/elpv-dataset/src/elpv_dataset/data/images/cell1800.png,0,Functional
images/cell1802.png,0.0,poly,cell1802.png,/content/elpv-dataset/src/elpv_dataset/data/images/cell1802.png,0,Functional
images/cell1804.png,0.0,poly,cell1804.png,/content/elpv-dataset/src/elpv_dataset/data/images/cell1804.png,0,Functional
images/cell1805.png,0.0,poly,cell1805.png,/content/elpv-dataset/src/elpv_dataset/data/images/cell1805.png,0,Functional
images/cell1810.png,0.0,poly,cell1810.png,/content/elpv-dataset/src/elpv_dataset/data/images/cell1810.png,0,Functional
images/cell1811.png,0.0,poly,cell1811.png,/content/elpv-dataset/src/elpv_dataset/data/images/cell1811.png,0,Functional
images/cell1815.png,0.0,poly,cell1815.png,/content/elpv-dataset/src/elpv_dataset/data/images/cell1815.png,0,Functional
images/cell1816.png,0.0,poly,cell1816.png,/content/elpv-dataset/src/elpv_dataset/data/images/cell1816.png,0,Functional
images/cell1817.png,0.0,poly,cell1817.png,/content/elpv-dataset/src/elpv_dataset/data/images/cell1817.png,0,Functional
images/cell1818.png,0.0,poly,cell1818.png,/content/elpv-dataset/src/elpv_dataset/data/images/cell1818.png,0,Functional
images/cell1820.png,1.0,poly,cell1820.png,/content/elpv-dataset/src/elpv_dataset/data/images/cell1820.png,1,Defective
images/cell1822.png,0.0,poly,cell1822.png,/content/elpv-dataset/src/elpv_dataset/data/images/cell1822.png,0,Functional
images/cell1825.png,0.0,poly,cell1825.png,/content/elpv-dataset/src/elpv_dataset/data/images/cell1825.png,0,Functional
images/cell1826.png,0.0,poly,cell1826.png,/content/elpv-dataset/src/elpv_dataset/data/images/cell1826.png,0,Functional
images/cell1827.png,0.0,poly,cell1827.png,/content/elpv-dataset/src/elpv_dataset/data/images/cell1827.png,0,Functional
images/cell1828.png,0.0,poly,cell1828.png,/content/elpv-dataset/src/elpv_dataset/data/images/cell1828.png,0,Functional
images/cell1829.png,0.0,poly,cell1829.png,/content/elpv-dataset/src/elpv_dataset/data/images/cell1829.png,0,Functional
images/cell1830.png,0.0,poly,cell1830.png,/content/elpv-dataset/src/elpv_dataset/data/images/cell1830.png,0,Functional
images/cell1831.png,0.0,poly,cell1831.png,/content/elpv-dataset/src/elpv_dataset/data/images/cell1831.png,0,Functional
images/cell1832.png,0.0,poly,cell1832.png,/content/elpv-dataset/src/elpv_dataset/data/images/cell1832.png,0,Functional
images/cell1833.png,0.0,poly,cell1833.png,/content/elpv-dataset/src/elpv_dataset/data/images/cell1833.png,0,Functional
images/cell1834.png,0.0,poly,cell1834.png,/content/elpv-dataset/src/elpv_dataset/data/images/cell1834.png,0,Functional
images/cell1836.png,1.0,poly,cell1836.png,/content/elpv-dataset/src/elpv_dataset/data/images/cell1836.png,1,Defective
images/cell1837.png,1.0,poly,cell1837.png,/content/elpv-dataset/src/elpv_dataset/data/images/cell1837.png,1,Defective
images/cell1838.png,1.0,poly,cell1838.png,/content/elpv-dataset/src/elpv_dataset/data/images/cell1838.png,1,Defective
images/cell1840.png,0.0,poly,cell1840.png,/content/elpv-dataset/src/elpv_dataset/data/images/cell1840.png,0,Functional
images/cell1842.png,1.0,poly,cell1842.png,/content/elpv-dataset/src/elpv_dataset/data/images/cell1842.png,1,Defective
images/cell1843.png,1.0,poly,cell1843.png,/content/elpv-dataset/src/elpv_dataset/data/images/cell1843.png,1,Defective
images/cell1844.png,1.0,poly,cell1844.png,/content/elpv-dataset/src/elpv_dataset/data/images/cell1844.png,1,Defective
images/cell1846.png,0.0,poly,cell1846.png,/content/elpv-dataset/src/elpv_dataset/data/images/cell1846.png,0,Functional
images/cell1847.png,1.0,poly,cell1847.png,/content/elpv-dataset/src/elpv_dataset/data/images/cell1847.png,1,Defective
images/cell1848.png,0.0,poly,cell1848.png,/content/elpv-dataset/src/elpv_dataset/data/images/cell1848.png,0,Functional
images/cell1850.png,0.0,poly,cell1850.png,/content/elpv-dataset/src/elpv_dataset/data/images/cell1850.png,0,Functional
images/cell1851.png,0.0,poly,cell1851.png,/content/elpv-dataset/src/elpv_dataset/data/images/cell1851.png,0,Functional
images/cell1854.png,1.0,poly,cell1854.png,/content/elpv-dataset/src/elpv_dataset/data/images/cell1854.png,1,Defective
images/cell1855.png,0.0,poly,cell1855.png,/content/elpv-dataset/src/elpv_dataset/data/images/cell1855.png,0,Functional
images/cell1857.png,0.0,poly,cell1857.png,/content/elpv-dataset/src/elpv_dataset/data/images/cell1857.png,0,Functional
images/cell1858.png,0.0,poly,cell1858.png,/content/elpv-dataset/src/elpv_dataset/data/images/cell1858.png,0,Functional
images/cell1859.png,0.0,poly,cell1859.png,/content/elpv-dataset/src/elpv_dataset/data/images/cell1859.png,0,Functional
images/cell1860.png,0.0,poly,cell1860.png,/content/elpv-dataset/src/elpv_dataset/data/images/cell1860.png,0,Functional
images/cell1861.png,0.0,poly,cell1861.png,/content/elpv-dataset/src/elpv_dataset/data/images/cell1861.png,0,Functional
images/cell1862.png,0.0,poly,cell1862.png,/content/elpv-dataset/src/elpv_dataset/data/images/cell1862.png,0,Functional
images/cell1863.png,0.0,poly,cell1863.png,/content/elpv-dataset/src/elpv_dataset/data/images/cell1863.png,0,Functional
images/cell1864.png,0.0,poly,cell1864.png,/content/elpv-dataset/src/elpv_dataset/data/images/cell1864.png,0,Functional
images/cell1865.png,0.0,poly,cell1865.png,/content/elpv-dataset/src/elpv_dataset/data/images/cell1865.png,0,Functional
images/cell1866.png,0.0,poly,cell1866.png,/content/elpv-dataset/src/elpv_dataset/data/images/cell1866.png,0,Functional
images/cell1867.png,0.0,poly,cell1867.png,/content/elpv-dataset/src/elpv_dataset/data/images/cell1867.png,0,Functional
images/cell1868.png,0.0,poly,cell1868.png,/content/elpv-dataset/src/elpv_dataset/data/images/cell1868.png,0,Functional
images/cell1869.png,0.0,poly,cell1869.png,/content/elpv-dataset/src/elpv_dataset/data/images/cell1869.png,0,Functional
images/cell1870.png,0.0,poly,cell1870.png,/content/elpv-dataset/src/elpv_dataset/data/images/cell1870.png,0,Functional
images/cell1871.png,0.0,poly,cell1871.png,/content/elpv-dataset/src/elpv_dataset/data/images/cell1871.png,0,Functional
images/cell1872.png,0.0,poly,cell1872.png,/content/elpv-dataset/src/elpv_dataset/data/images/cell1872.png,0,Functional
images/cell1873.png,0.0,poly,cell1873.png,/content/elpv-dataset/src/elpv_dataset/data/images/cell1873.png,0,Functional
images/cell1874.png,0.0,poly,cell1874.png,/content/elpv-dataset/src/elpv_dataset/data/images/cell1874.png,0,Functional
images/cell1875.png,0.0,poly,cell1875.png,/content/elpv-dataset/src/elpv_dataset/data/images/cell1875.png,0,Functional
images/cell1876.png,0.0,poly,cell1876.png,/content/elpv-dataset/src/elpv_dataset/data/images/cell1876.png,0,Functional
images/cell1877.png,0.0,poly,cell1877.png,/content/elpv-dataset/src/elpv_dataset/data/images/cell1877.png,0,Functional
images/cell1878.png,0.0,poly,cell1878.png,/content/elpv-dataset/src/elpv_dataset/data/images/cell1878.png,0,Functional
images/cell1879.png,0.0,poly,cell1879.png,/content/elpv-dataset/src/elpv_dataset/data/images/cell1879.png,0,Functional
images/cell1880.png,0.0,poly,cell1880.png,/content/elpv-dataset/src/elpv_dataset/data/images/cell1880.png,0,Functional
images/cell1881.png,0.0,poly,cell1881.png,/content/elpv-dataset/src/elpv_dataset/data/images/cell1881.png,0,Functional
images/cell1882.png,0.0,poly,cell1882.png,/content/elpv-dataset/src/elpv_dataset/data/images/cell1882.png,0,Functional
images/cell1883.png,0.0,poly,cell1883.png,/content/elpv-dataset/src/elpv_dataset/data/images/cell1883.png,0,Functional
images/cell1884.png,0.0,poly,cell1884.png,/content/elpv-dataset/src/elpv_dataset/data/images/cell1884.png,0,Functional
images/cell1885.png,0.0,poly,cell1885.png,/content/elpv-dataset/src/elpv_dataset/data/images/cell1885.png,0,Functional
images/cell1886.png,0.0,poly,cell1886.png,/content/elpv-dataset/src/elpv_dataset/data/images/cell1886.png,0,Functional
images/cell1887.png,0.0,poly,cell1887.png,/content/elpv-dataset/src/elpv_dataset/data/images/cell1887.png,0,Functional
images/cell1888.png,0.0,poly,cell1888.png,/content/elpv-dataset/src/elpv_dataset/data/images/cell1888.png,0,Functional
images/cell1889.png,0.0,poly,cell1889.png,/content/elpv-dataset/src/elpv_dataset/data/images/cell1889.png,0,Functional
images/cell1890.png,1.0,poly,cell1890.png,/content/elpv-dataset/src/elpv_dataset/data/images/cell1890.png,1,Defective
images/cell1891.png,0.0,poly,cell1891.png,/content/elpv-dataset/src/elpv_dataset/data/images/cell1891.png,0,Functional
images/cell1892.png,0.0,poly,cell1892.png,/content/elpv-dataset/src/elpv_dataset/data/images/cell1892.png,0,Functional
images/cell1893.png,0.0,poly,cell1893.png,/content/elpv-dataset/src/elpv_dataset/data/images/cell1893.png,0,Functional
images/cell1894.png,0.0,poly,cell1894.png,/content/elpv-dataset/src/elpv_dataset/data/images/cell1894.png,0,Functional
images/cell1895.png,1.0,poly,cell1895.png,/content/elpv-dataset/src/elpv_dataset/data/images/cell1895.png,1,Defective
images/cell1896.png,1.0,poly,cell1896.png,/content/elpv-dataset/src/elpv_dataset/data/images/cell1896.png,1,Defective
images/cell1897.png,1.0,poly,cell1897.png,/content/elpv-dataset/src/elpv_dataset/data/images/cell1897.png,1,Defective
images/cell1898.png,0.0,poly,cell1898.png,/content/elpv-dataset/src/elpv_dataset/data/images/cell1898.png,0,Functional
images/cell1899.png,1.0,poly,cell1899.png,/content/elpv-dataset/src/elpv_dataset/data/images/cell1899.png,1,Defective
images/cell1900.png,1.0,poly,cell1900.png,/content/elpv-dataset/src/elpv_dataset/data/images/cell1900.png,1,Defective
images/cell1901.png,1.0,poly,cell1901.png,/content/elpv-dataset/src/elpv_dataset/data/images/cell1901.png,1,Defective
images/cell1903.png,1.0,poly,cell1903.png,/content/elpv-dataset/src/elpv_dataset/data/images/cell1903.png,1,Defective
images/cell1904.png,1.0,poly,cell1904.png,/content/elpv-dataset/src/elpv_dataset/data/images/cell1904.png,1,Defective
images/cell1909.png,0.0,poly,cell1909.png,/content/elpv-dataset/src/elpv_dataset/data/images/cell1909.png,0,Functional
images/cell1911.png,0.0,poly,cell1911.png,/content/elpv-dataset/src/elpv_dataset/data/images/cell1911.png,0,Functional
images/cell1912.png,0.0,poly,cell1912.png,/content/elpv-dataset/src/elpv_dataset/data/images/cell1912.png,0,Functional
images/cell1915.png,0.0,poly,cell1915.png,/content/elpv-dataset/src/elpv_dataset/data/images/cell1915.png,0,Functional
images/cell1916.png,0.0,poly,cell1916.png,/content/elpv-dataset/src/elpv_dataset/data/images/cell1916.png,0,Functional
images/cell1917.png,0.0,poly,cell1917.png,/content/elpv-dataset/src/elpv_dataset/data/images/cell1917.png,0,Functional
images/cell1918.png,0.0,poly,cell1918.png,/content/elpv-dataset/src/elpv_dataset/data/images/cell1918.png,0,Functional
images/cell1922.png,0.0,poly,cell1922.png,/content/elpv-dataset/src/elpv_dataset/data/images/cell1922.png,0,Functional
images/cell1924.png,0.0,poly,cell1924.png,/content/elpv-dataset/src/elpv_dataset/data/images/cell1924.png,0,Functional
images/cell1925.png,0.0,poly,cell1925.png,/content/elpv-dataset/src/elpv_dataset/data/images/cell1925.png,0,Functional
images/cell1926.png,0.0,poly,cell1926.png,/content/elpv-dataset/src/elpv_dataset/data/images/cell1926.png,0,Functional
images/cell1929.png,0.0,poly,cell1929.png,/content/elpv-dataset/src/elpv_dataset/data/images/cell1929.png,0,Functional
images/cell1931.png,0.0,poly,cell1931.png,/content/elpv-dataset/src/elpv_dataset/data/images/cell1931.png,0,Functional
images/cell1934.png,0.0,poly,cell1934.png,/content/elpv-dataset/src/elpv_dataset/data/images/cell1934.png,0,Functional
images/cell1936.png,0.0,poly,cell1936.png,/content/elpv-dataset/src/elpv_dataset/data/images/cell1936.png,0,Functional
images/cell1938.png,0.0,poly,cell1938.png,/content/elpv-dataset/src/elpv_dataset/data/images/cell1938.png,0,Functional
images/cell1939.png,0.0,poly,cell1939.png,/content/elpv-dataset/src/elpv_dataset/data/images/cell1939.png,0,Functional
images/cell1940.png,0.0,poly,cell1940.png,/content/elpv-dataset/src/elpv_dataset/data/images/cell1940.png,0,Functional
images/cell1944.png,0.0,poly,cell1944.png,/content/elpv-dataset/src/elpv_dataset/data/images/cell1944.png,0,Functional
images/cell1945.png,0.0,poly,cell1945.png,/content/elpv-dataset/src/elpv_dataset/data/images/cell1945.png,0,Functional
images/cell1946.png,0.0,poly,cell1946.png,/content/elpv-dataset/src/elpv_dataset/data/images/cell1946.png,0,Functional
images/cell1947.png,0.0,poly,cell1947.png,/content/elpv-dataset/src/elpv_dataset/data/images/cell1947.png,0,Functional
images/cell1948.png,0.0,poly,cell1948.png,/content/elpv-dataset/src/elpv_dataset/data/images/cell1948.png,0,Functional
images/cell1949.png,0.0,poly,cell1949.png,/content/elpv-dataset/src/elpv_dataset/data/images/cell1949.png,0,Functional
images/cell1951.png,0.0,poly,cell1951.png,/content/elpv-dataset/src/elpv_dataset/data/images/cell1951.png,0,Functional
images/cell1952.png,0.0,poly,cell1952.png,/content/elpv-dataset/src/elpv_dataset/data/images/cell1952.png,0,Functional
images/cell1954.png,1.0,poly,cell1954.png,/content/elpv-dataset/src/elpv_dataset/data/images/cell1954.png,1,Defective
images/cell1955.png,1.0,poly,cell1955.png,/content/elpv-dataset/src/elpv_dataset/data/images/cell1955.png,1,Defective
images/cell1956.png,1.0,poly,cell1956.png,/content/elpv-dataset/src/elpv_dataset/data/images/cell1956.png,1,Defective
images/cell1957.png,1.0,poly,cell1957.png,/content/elpv-dataset/src/elpv_dataset/data/images/cell1957.png,1,Defective
images/cell1958.png,0.0,poly,cell1958.png,/content/elpv-dataset/src/elpv_dataset/data/images/cell1958.png,0,Functional
images/cell1960.png,0.0,poly,cell1960.png,/content/elpv-dataset/src/elpv_dataset/data/images/cell1960.png,0,Functional
images/cell1961.png,1.0,poly,cell1961.png,/content/elpv-dataset/src/elpv_dataset/data/images/cell1961.png,1,Defective
images/cell1962.png,1.0,poly,cell1962.png,/content/elpv-dataset/src/elpv_dataset/data/images/cell1962.png,1,Defective
images/cell1963.png,0.0,poly,cell1963.png,/content/elpv-dataset/src/elpv_dataset/data/images/cell1963.png,0,Functional
images/cell1964.png,1.0,poly,cell1964.png,/content/elpv-dataset/src/elpv_dataset/data/images/cell1964.png,1,Defective
images/cell1966.png,0.0,poly,cell1966.png,/content/elpv-dataset/src/elpv_dataset/data/images/cell1966.png,0,Functional
images/cell1967.png,0.0,poly,cell1967.png,/content/elpv-dataset/src/elpv_dataset/data/images/cell1967.png,0,Functional
images/cell1968.png,0.0,poly,cell1968.png,/content/elpv-dataset/src/elpv_dataset/data/images/cell1968.png,0,Functional
images/cell1969.png,0.0,poly,cell1969.png,/content/elpv-dataset/src/elpv_dataset/data/images/cell1969.png,0,Functional
images/cell1970.png,0.0,poly,cell1970.png,/content/elpv-dataset/src/elpv_dataset/data/images/cell1970.png,0,Functional
images/cell1971.png,0.0,poly,cell1971.png,/content/elpv-dataset/src/elpv_dataset/data/images/cell1971.png,0,Functional
images/cell1972.png,0.0,poly,cell1972.png,/content/elpv-dataset/src/elpv_dataset/data/images/cell1972.png,0,Functional
images/cell1973.png,0.0,poly,cell1973.png,/content/elpv-dataset/src/elpv_dataset/data/images/cell1973.png,0,Functional
images/cell1974.png,0.0,poly,cell1974.png,/content/elpv-dataset/src/elpv_dataset/data/images/cell1974.png,0,Functional
images/cell1975.png,0.0,poly,cell1975.png,/content/elpv-dataset/src/elpv_dataset/data/images/cell1975.png,0,Functional
images/cell1976.png,1.0,poly,cell1976.png,/content/elpv-dataset/src/elpv_dataset/data/images/cell1976.png,1,Defective
images/cell1977.png,0.0,poly,cell1977.png,/content/elpv-dataset/src/elpv_dataset/data/images/cell1977.png,0,Functional
images/cell1978.png,0.0,poly,cell1978.png,/content/elpv-dataset/src/elpv_dataset/data/images/cell1978.png,0,Functional
images/cell1979.png,0.0,poly,cell1979.png,/content/elpv-dataset/src/elpv_dataset/data/images/cell1979.png,0,Functional
images/cell1980.png,0.0,poly,cell1980.png,/content/elpv-dataset/src/elpv_dataset/data/images/cell1980.png,0,Functional
images/cell1981.png,0.0,poly,cell1981.png,/content/elpv-dataset/src/elpv_dataset/data/images/cell1981.png,0,Functional
images/cell1982.png,1.0,poly,cell1982.png,/content/elpv-dataset/src/elpv_dataset/data/images/cell1982.png,1,Defective
images/cell1983.png,0.0,poly,cell1983.png,/content/elpv-dataset/src/elpv_dataset/data/images/cell1983.png,0,Functional
images/cell1984.png,0.0,poly,cell1984.png,/content/elpv-dataset/src/elpv_dataset/data/images/cell1984.png,0,Functional
images/cell1985.png,0.0,poly,cell1985.png,/content/elpv-dataset/src/elpv_dataset/data/images/cell1985.png,0,Functional
images/cell1986.png,0.0,poly,cell1986.png,/content/elpv-dataset/src/elpv_dataset/data/images/cell1986.png,0,Functional
images/cell1987.png,0.0,poly,cell1987.png,/content/elpv-dataset/src/elpv_dataset/data/images/cell1987.png,0,Functional
images/cell1988.png,0.0,poly,cell1988.png,/content/elpv-dataset/src/elpv_dataset/data/images/cell1988.png,0,Functional
images/cell1989.png,1.0,poly,cell1989.png,/content/elpv-dataset/src/elpv_dataset/data/images/cell1989.png,1,Defective
images/cell1990.png,0.0,poly,cell1990.png,/content/elpv-dataset/src/elpv_dataset/data/images/cell1990.png,0,Functional
images/cell1991.png,1.0,poly,cell1991.png,/content/elpv-dataset/src/elpv_dataset/data/images/cell1991.png,1,Defective
images/cell1992.png,1.0,poly,cell1992.png,/content/elpv-dataset/src/elpv_dataset/data/images/cell1992.png,1,Defective
images/cell1993.png,1.0,poly,cell1993.png,/content/elpv-dataset/src/elpv_dataset/data/images/cell1993.png,1,Defective
images/cell1994.png,0.0,poly,cell1994.png,/content/elpv-dataset/src/elpv_dataset/data/images/cell1994.png,0,Functional
images/cell1995.png,0.0,poly,cell1995.png,/content/elpv-dataset/src/elpv_dataset/data/images/cell1995.png,0,Functional
images/cell1996.png,0.0,poly,cell1996.png,/content/elpv-dataset/src/elpv_dataset/data/images/cell1996.png,0,Functional
images/cell1997.png,0.0,poly,cell1997.png,/content/elpv-dataset/src/elpv_dataset/data/images/cell1997.png,0,Functional
images/cell1998.png,0.0,poly,cell1998.png,/content/elpv-dataset/src/elpv_dataset/data/images/cell1998.png,0,Functional
images/cell1999.png,0.0,poly,cell1999.png,/content/elpv-dataset/src/elpv_dataset/data/images/cell1999.png,0,Functional
images/cell2000.png,0.0,poly,cell2000.png,/content/elpv-dataset/src/elpv_dataset/data/images/cell2000.png,0,Functional
images/cell2001.png,0.0,poly,cell2001.png,/content/elpv-dataset/src/elpv_dataset/data/images/cell2001.png,0,Functional
images/cell2002.png,0.0,poly,cell2002.png,/content/elpv-dataset/src/elpv_dataset/data/images/cell2002.png,0,Functional
images/cell2003.png,0.0,poly,cell2003.png,/content/elpv-dataset/src/elpv_dataset/data/images/cell2003.png,0,Functional
images/cell2004.png,0.0,poly,cell2004.png,/content/elpv-dataset/src/elpv_dataset/data/images/cell2004.png,0,Functional
images/cell2005.png,0.0,poly,cell2005.png,/content/elpv-dataset/src/elpv_dataset/data/images/cell2005.png,0,Functional
images/cell2006.png,0.0,poly,cell2006.png,/content/elpv-dataset/src/elpv_dataset/data/images/cell2006.png,0,Functional
images/cell2007.png,0.0,poly,cell2007.png,/content/elpv-dataset/src/elpv_dataset/data/images/cell2007.png,0,Functional
images/cell2008.png,0.0,poly,cell2008.png,/content/elpv-dataset/src/elpv_dataset/data/images/cell2008.png,0,Functional
images/cell2009.png,0.0,poly,cell2009.png,/content/elpv-dataset/src/elpv_dataset/data/images/cell2009.png,0,Functional
images/cell2010.png,1.0,poly,cell2010.png,/content/elpv-dataset/src/elpv_dataset/data/images/cell2010.png,1,Defective
images/cell2011.png,0.0,poly,cell2011.png,/content/elpv-dataset/src/elpv_dataset/data/images/cell2011.png,0,Functional
images/cell2014.png,1.0,poly,cell2014.png,/content/elpv-dataset/src/elpv_dataset/data/images/cell2014.png,1,Defective
images/cell2016.png,0.0,poly,cell2016.png,/content/elpv-dataset/src/elpv_dataset/data/images/cell2016.png,0,Functional
images/cell2017.png,1.0,poly,cell2017.png,/content/elpv-dataset/src/elpv_dataset/data/images/cell2017.png,1,Defective
images/cell2018.png,1.0,poly,cell2018.png,/content/elpv-dataset/src/elpv_dataset/data/images/cell2018.png,1,Defective
images/cell2019.png,0.0,poly,cell2019.png,/content/elpv-dataset/src/elpv_dataset/data/images/cell2019.png,0,Functional
images/cell2020.png,0.0,poly,cell2020.png,/content/elpv-dataset/src/elpv_dataset/data/images/cell2020.png,0,Functional
images/cell2026.png,0.0,poly,cell2026.png,/content/elpv-dataset/src/elpv_dataset/data/images/cell2026.png,0,Functional
images/cell2027.png,0.0,poly,cell2027.png,/content/elpv-dataset/src/elpv_dataset/data/images/cell2027.png,0,Functional
images/cell2028.png,0.0,poly,cell2028.png,/content/elpv-dataset/src/elpv_dataset/data/images/cell2028.png,0,Functional
images/cell2029.png,0.0,poly,cell2029.png,/content/elpv-dataset/src/elpv_dataset/data/images/cell2029.png,0,Functional
images/cell2030.png,0.0,poly,cell2030.png,/content/elpv-dataset/src/elpv_dataset/data/images/cell2030.png,0,Functional
images/cell2031.png,0.0,poly,cell2031.png,/content/elpv-dataset/src/elpv_dataset/data/images/cell2031.png,0,Functional
images/cell2032.png,0.0,poly,cell2032.png,/content/elpv-dataset/src/elpv_dataset/data/images/cell2032.png,0,Functional
images/cell2033.png,0.0,poly,cell2033.png,/content/elpv-dataset/src/elpv_dataset/data/images/cell2033.png,0,Functional
images/cell2035.png,0.0,poly,cell2035.png,/content/elpv-dataset/src/elpv_dataset/data/images/cell2035.png,0,Functional
images/cell2036.png,1.0,poly,cell2036.png,/content/elpv-dataset/src/elpv_dataset/data/images/cell2036.png,1,Defective
images/cell2037.png,0.0,poly,cell2037.png,/content/elpv-dataset/src/elpv_dataset/data/images/cell2037.png,0,Functional
images/cell2038.png,1.0,poly,cell2038.png,/content/elpv-dataset/src/elpv_dataset/data/images/cell2038.png,1,Defective
images/cell2039.png,1.0,poly,cell2039.png,/content/elpv-dataset/src/elpv_dataset/data/images/cell2039.png,1,Defective
images/cell2040.png,0.0,poly,cell2040.png,/content/elpv-dataset/src/elpv_dataset/data/images/cell2040.png,0,Functional
images/cell2041.png,0.0,poly,cell2041.png,/content/elpv-dataset/src/elpv_dataset/data/images/cell2041.png,0,Functional
images/cell2042.png,1.0,poly,cell2042.png,/content/elpv-dataset/src/elpv_dataset/data/images/cell2042.png,1,Defective
images/cell2043.png,0.0,poly,cell2043.png,/content/elpv-dataset/src/elpv_dataset/data/images/cell2043.png,0,Functional
images/cell2044.png,1.0,poly,cell2044.png,/content/elpv-dataset/src/elpv_dataset/data/images/cell2044.png,1,Defective
images/cell2045.png,0.0,poly,cell2045.png,/content/elpv-dataset/src/elpv_dataset/data/images/cell2045.png,0,Functional
images/cell2046.png,0.0,poly,cell2046.png,/content/elpv-dataset/src/elpv_dataset/data/images/cell2046.png,0,Functional
images/cell2047.png,0.0,poly,cell2047.png,/content/elpv-dataset/src/elpv_dataset/data/images/cell2047.png,0,Functional
images/cell2048.png,0.0,poly,cell2048.png,/content/elpv-dataset/src/elpv_dataset/data/images/cell2048.png,0,Functional
images/cell2049.png,0.0,poly,cell2049.png,/content/elpv-dataset/src/elpv_dataset/data/images/cell2049.png,0,Functional
images/cell2050.png,0.0,poly,cell2050.png,/content/elpv-dataset/src/elpv_dataset/data/images/cell2050.png,0,Functional
images/cell2051.png,1.0,poly,cell2051.png,/content/elpv-dataset/src/elpv_dataset/data/images/cell2051.png,1,Defective
images/cell2052.png,1.0,poly,cell2052.png,/content/elpv-dataset/src/elpv_dataset/data/images/cell2052.png,1,Defective
images/cell2053.png,1.0,poly,cell2053.png,/content/elpv-dataset/src/elpv_dataset/data/images/cell2053.png,1,Defective
images/cell2054.png,1.0,poly,cell2054.png,/content/elpv-dataset/src/elpv_dataset/data/images/cell2054.png,1,Defective
images/cell2055.png,1.0,poly,cell2055.png,/content/elpv-dataset/src/elpv_dataset/data/images/cell2055.png,1,Defective
images/cell2056.png,0.0,poly,cell2056.png,/content/elpv-dataset/src/elpv_dataset/data/images/cell2056.png,0,Functional
images/cell2057.png,1.0,poly,cell2057.png,/content/elpv-dataset/src/elpv_dataset/data/images/cell2057.png,1,Defective
images/cell2058.png,0.0,poly,cell2058.png,/content/elpv-dataset/src/elpv_dataset/data/images/cell2058.png,0,Functional
images/cell2059.png,0.0,poly,cell2059.png,/content/elpv-dataset/src/elpv_dataset/data/images/cell2059.png,0,Functional
images/cell2060.png,1.0,poly,cell2060.png,/content/elpv-dataset/src/elpv_dataset/data/images/cell2060.png,1,Defective
images/cell2061.png,1.0,poly,cell2061.png,/content/elpv-dataset/src/elpv_dataset/data/images/cell2061.png,1,Defective
images/cell2062.png,1.0,poly,cell2062.png,/content/elpv-dataset/src/elpv_dataset/data/images/cell2062.png,1,Defective
images/cell2063.png,0.0,poly,cell2063.png,/content/elpv-dataset/src/elpv_dataset/data/images/cell2063.png,0,Functional
images/cell2064.png,0.0,poly,cell2064.png,/content/elpv-dataset/src/elpv_dataset/data/images/cell2064.png,0,Functional
images/cell2065.png,0.0,poly,cell2065.png,/content/elpv-dataset/src/elpv_dataset/data/images/cell2065.png,0,Functional
images/cell2066.png,0.0,poly,cell2066.png,/content/elpv-dataset/src/elpv_dataset/data/images/cell2066.png,0,Functional
images/cell2067.png,0.0,poly,cell2067.png,/content/elpv-dataset/src/elpv_dataset/data/images/cell2067.png,0,Functional
images/cell2068.png,1.0,poly,cell2068.png,/content/elpv-dataset/src/elpv_dataset/data/images/cell2068.png,1,Defective
images/cell2069.png,0.0,poly,cell2069.png,/content/elpv-dataset/src/elpv_dataset/data/images/cell2069.png,0,Functional
images/cell2070.png,1.0,poly,cell2070.png,/content/elpv-dataset/src/elpv_dataset/data/images/cell2070.png,1,Defective
images/cell2071.png,1.0,poly,cell2071.png,/content/elpv-dataset/src/elpv_dataset/data/images/cell2071.png,1,Defective
images/cell2072.png,1.0,poly,cell2072.png,/content/elpv-dataset/src/elpv_dataset/data/images/cell2072.png,1,Defective
images/cell2073.png,0.0,poly,cell2073.png,/content/elpv-dataset/src/elpv_dataset/data/images/cell2073.png,0,Functional
images/cell2074.png,1.0,poly,cell2074.png,/content/elpv-dataset/src/elpv_dataset/data/images/cell2074.png,1,Defective
images/cell2075.png,0.0,poly,cell2075.png,/content/elpv-dataset/src/elpv_dataset/data/images/cell2075.png,0,Functional
images/cell2078.png,0.0,poly,cell2078.png,/content/elpv-dataset/src/elpv_dataset/data/images/cell2078.png,0,Functional
images/cell2079.png,0.0,poly,cell2079.png,/content/elpv-dataset/src/elpv_dataset/data/images/cell2079.png,0,Functional
images/cell2080.png,0.0,poly,cell2080.png,/content/elpv-dataset/src/elpv_dataset/data/images/cell2080.png,0,Functional
images/cell2081.png,1.0,poly,cell2081.png,/content/elpv-dataset/src/elpv_dataset/data/images/cell2081.png,1,Defective
images/cell2085.png,0.0,poly,cell2085.png,/content/elpv-dataset/src/elpv_dataset/data/images/cell2085.png,0,Functional
images/cell2086.png,0.0,poly,cell2086.png,/content/elpv-dataset/src/elpv_dataset/data/images/cell2086.png,0,Functional
images/cell2087.png,0.0,poly,cell2087.png,/content/elpv-dataset/src/elpv_dataset/data/images/cell2087.png,0,Functional
images/cell2088.png,0.0,poly,cell2088.png,/content/elpv-dataset/src/elpv_dataset/data/images/cell2088.png,0,Functional
images/cell2089.png,1.0,poly,cell2089.png,/content/elpv-dataset/src/elpv_dataset/data/images/cell2089.png,1,Defective
images/cell2091.png,0.0,poly,cell2091.png,/content/elpv-dataset/src/elpv_dataset/data/images/cell2091.png,0,Functional
images/cell2093.png,0.0,poly,cell2093.png,/content/elpv-dataset/src/elpv_dataset/data/images/cell2093.png,0,Functional
images/cell2094.png,0.0,poly,cell2094.png,/content/elpv-dataset/src/elpv_dataset/data/images/cell2094.png,0,Functional
images/cell2095.png,0.0,poly,cell2095.png,/content/elpv-dataset/src/elpv_dataset/data/images/cell2095.png,0,Functional
images/cell2096.png,0.0,poly,cell2096.png,/content/elpv-dataset/src/elpv_dataset/data/images/cell2096.png,0,Functional
images/cell2097.png,0.0,poly,cell2097.png,/content/elpv-dataset/src/elpv_dataset/data/images/cell2097.png,0,Functional
images/cell2098.png,0.0,poly,cell2098.png,/content/elpv-dataset/src/elpv_dataset/data/images/cell2098.png,0,Functional
images/cell2099.png,0.0,poly,cell2099.png,/content/elpv-dataset/src/elpv_dataset/data/images/cell2099.png,0,Functional
images/cell2100.png,0.0,poly,cell2100.png,/content/elpv-dataset/src/elpv_dataset/data/images/cell2100.png,0,Functional
images/cell2101.png,0.0,poly,cell2101.png,/content/elpv-dataset/src/elpv_dataset/data/images/cell2101.png,0,Functional
images/cell2102.png,0.0,poly,cell2102.png,/content/elpv-dataset/src/elpv_dataset/data/images/cell2102.png,0,Functional
images/cell2103.png,0.0,poly,cell2103.png,/content/elpv-dataset/src/elpv_dataset/data/images/cell2103.png,0,Functional
images/cell2104.png,0.0,poly,cell2104.png,/content/elpv-dataset/src/elpv_dataset/data/images/cell2104.png,0,Functional
images/cell2106.png,0.0,poly,cell2106.png,/content/elpv-dataset/src/elpv_dataset/data/images/cell2106.png,0,Functional
images/cell2107.png,0.0,poly,cell2107.png,/content/elpv-dataset/src/elpv_dataset/data/images/cell2107.png,0,Functional
images/cell2108.png,0.0,poly,cell2108.png,/content/elpv-dataset/src/elpv_dataset/data/images/cell2108.png,0,Functional
images/cell2109.png,0.0,poly,cell2109.png,/content/elpv-dataset/src/elpv_dataset/data/images/cell2109.png,0,Functional
images/cell2110.png,0.0,poly,cell2110.png,/content/elpv-dataset/src/elpv_dataset/data/images/cell2110.png,0,Functional
images/cell2111.png,0.0,poly,cell2111.png,/content/elpv-dataset/src/elpv_dataset/data/images/cell2111.png,0,Functional
images/cell2112.png,0.0,poly,cell2112.png,/content/elpv-dataset/src/elpv_dataset/data/images/cell2112.png,0,Functional
images/cell2113.png,0.0,poly,cell2113.png,/content/elpv-dataset/src/elpv_dataset/data/images/cell2113.png,0,Functional
images/cell2114.png,0.0,poly,cell2114.png,/content/elpv-dataset/src/elpv_dataset/data/images/cell2114.png,0,Functional
images/cell2115.png,0.0,poly,cell2115.png,/content/elpv-dataset/src/elpv_dataset/data/images/cell2115.png,0,Functional
images/cell2116.png,0.0,poly,cell2116.png,/content/elpv-dataset/src/elpv_dataset/data/images/cell2116.png,0,Functional
images/cell2117.png,0.0,poly,cell2117.png,/content/elpv-dataset/src/elpv_dataset/data/images/cell2117.png,0,Functional
images/cell2118.png,0.0,poly,cell2118.png,/content/elpv-dataset/src/elpv_dataset/data/images/cell2118.png,0,Functional
images/cell2119.png,0.0,poly,cell2119.png,/content/elpv-dataset/src/elpv_dataset/data/images/cell2119.png,0,Functional
images/cell2120.png,0.0,poly,cell2120.png,/content/elpv-dataset/src/elpv_dataset/data/images/cell2120.png,0,Functional
images/cell2121.png,0.0,poly,cell2121.png,/content/elpv-dataset/src/elpv_dataset/data/images/cell2121.png,0,Functional
images/cell2123.png,0.0,poly,cell2123.png,/content/elpv-dataset/src/elpv_dataset/data/images/cell2123.png,0,Functional
images/cell2124.png,0.0,poly,cell2124.png,/content/elpv-dataset/src/elpv_dataset/data/images/cell2124.png,0,Functional
images/cell2125.png,0.0,poly,cell2125.png,/content/elpv-dataset/src/elpv_dataset/data/images/cell2125.png,0,Functional
images/cell2126.png,0.0,poly,cell2126.png,/content/elpv-dataset/src/elpv_dataset/data/images/cell2126.png,0,Functional
images/cell2127.png,0.0,poly,cell2127.png,/content/elpv-dataset/src/elpv_dataset/data/images/cell2127.png,0,Functional
images/cell2128.png,0.0,poly,cell2128.png,/content/elpv-dataset/src/elpv_dataset/data/images/cell2128.png,0,Functional
images/cell2129.png,0.0,poly,cell2129.png,/content/elpv-dataset/src/elpv_dataset/data/images/cell2129.png,0,Functional
images/cell2132.png,0.0,poly,cell2132.png,/content/elpv-dataset/src/elpv_dataset/data/images/cell2132.png,0,Functional
images/cell2133.png,0.0,poly,cell2133.png,/content/elpv-dataset/src/elpv_dataset/data/images/cell2133.png,0,Functional
images/cell2135.png,0.0,poly,cell2135.png,/content/elpv-dataset/src/elpv_dataset/data/images/cell2135.png,0,Functional
images/cell2138.png,0.0,poly,cell2138.png,/content/elpv-dataset/src/elpv_dataset/data/images/cell2138.png,0,Functional
images/cell2139.png,0.0,poly,cell2139.png,/content/elpv-dataset/src/elpv_dataset/data/images/cell2139.png,0,Functional
images/cell2140.png,0.0,poly,cell2140.png,/content/elpv-dataset/src/elpv_dataset/data/images/cell2140.png,0,Functional
images/cell2141.png,0.0,poly,cell2141.png,/content/elpv-dataset/src/elpv_dataset/data/images/cell2141.png,0,Functional
images/cell2145.png,0.0,mono,cell2145.png,/content/elpv-dataset/src/elpv_dataset/data/images/cell2145.png,0,Functional
images/cell2146.png,0.0,mono,cell2146.png,/content/elpv-dataset/src/elpv_dataset/data/images/cell2146.png,0,Functional
images/cell2147.png,0.0,mono,cell2147.png,/content/elpv-dataset/src/elpv_dataset/data/images/cell2147.png,0,Functional
images/cell2148.png,0.0,mono,cell2148.png,/content/elpv-dataset/src/elpv_dataset/data/images/cell2148.png,0,Functional
images/cell2149.png,0.0,mono,cell2149.png,/content/elpv-dataset/src/elpv_dataset/data/images/cell2149.png,0,Functional
images/cell2150.png,0.0,mono,cell2150.png,/content/elpv-dataset/src/elpv_dataset/data/images/cell2150.png,0,Functional
images/cell2151.png,0.0,mono,cell2151.png,/content/elpv-dataset/src/elpv_dataset/data/images/cell2151.png,0,Functional
images/cell2152.png,0.0,mono,cell2152.png,/content/elpv-dataset/src/elpv_dataset/data/images/cell2152.png,0,Functional
images/cell2153.png,0.0,mono,cell2153.png,/content/elpv-dataset/src/elpv_dataset/data/images/cell2153.png,0,Functional
images/cell2154.png,0.0,mono,cell2154.png,/content/elpv-dataset/src/elpv_dataset/data/images/cell2154.png,0,Functional
images/cell2155.png,0.0,mono,cell2155.png,/content/elpv-dataset/src/elpv_dataset/data/images/cell2155.png,0,Functional
images/cell2156.png,0.0,mono,cell2156.png,/content/elpv-dataset/src/elpv_dataset/data/images/cell2156.png,0,Functional
images/cell2157.png,0.0,mono,cell2157.png,/content/elpv-dataset/src/elpv_dataset/data/images/cell2157.png,0,Functional
images/cell2158.png,0.0,mono,cell2158.png,/content/elpv-dataset/src/elpv_dataset/data/images/cell2158.png,0,Functional
images/cell2159.png,0.0,mono,cell2159.png,/content/elpv-dataset/src/elpv_dataset/data/images/cell2159.png,0,Functional
images/cell2160.png,0.0,mono,cell2160.png,/content/elpv-dataset/src/elpv_dataset/data/images/cell2160.png,0,Functional
images/cell2161.png,0.0,mono,cell2161.png,/content/elpv-dataset/src/elpv_dataset/data/images/cell2161.png,0,Functional
images/cell2162.png,0.0,mono,cell2162.png,/content/elpv-dataset/src/elpv_dataset/data/images/cell2162.png,0,Functional
images/cell2163.png,0.0,mono,cell2163.png,/content/elpv-dataset/src/elpv_dataset/data/images/cell2163.png,0,Functional
images/cell2164.png,0.0,mono,cell2164.png,/content/elpv-dataset/src/elpv_dataset/data/images/cell2164.png,0,Functional
images/cell2165.png,0.0,mono,cell2165.png,/content/elpv-dataset/src/elpv_dataset/data/images/cell2165.png,0,Functional
images/cell2167.png,0.0,mono,cell2167.png,/content/elpv-dataset/src/elpv_dataset/data/images/cell2167.png,0,Functional
images/cell2168.png,0.0,mono,cell2168.png,/content/elpv-dataset/src/elpv_dataset/data/images/cell2168.png,0,Functional
images/cell2169.png,0.0,mono,cell2169.png,/content/elpv-dataset/src/elpv_dataset/data/images/cell2169.png,0,Functional
images/cell2170.png,0.0,mono,cell2170.png,/content/elpv-dataset/src/elpv_dataset/data/images/cell2170.png,0,Functional
images/cell2171.png,0.0,mono,cell2171.png,/content/elpv-dataset/src/elpv_dataset/data/images/cell2171.png,0,Functional
images/cell2174.png,0.0,mono,cell2174.png,/content/elpv-dataset/src/elpv_dataset/data/images/cell2174.png,0,Functional
images/cell2175.png,0.0,mono,cell2175.png,/content/elpv-dataset/src/elpv_dataset/data/images/cell2175.png,0,Functional
images/cell2177.png,0.0,mono,cell2177.png,/content/elpv-dataset/src/elpv_dataset/data/images/cell2177.png,0,Functional
images/cell2178.png,0.0,mono,cell2178.png,/content/elpv-dataset/src/elpv_dataset/data/images/cell2178.png,0,Functional
images/cell2179.png,0.0,mono,cell2179.png,/content/elpv-dataset/src/elpv_dataset/data/images/cell2179.png,0,Functional
images/cell2180.png,0.0,mono,cell2180.png,/content/elpv-dataset/src/elpv_dataset/data/images/cell2180.png,0,Functional
images/cell2182.png,0.0,mono,cell2182.png,/content/elpv-dataset/src/elpv_dataset/data/images/cell2182.png,0,Functional
images/cell2183.png,1.0,mono,cell2183.png,/content/elpv-dataset/src/elpv_dataset/data/images/cell2183.png,1,Defective
images/cell2184.png,0.0,mono,cell2184.png,/content/elpv-dataset/src/elpv_dataset/data/images/cell2184.png,0,Functional
images/cell2185.png,0.0,mono,cell2185.png,/content/elpv-dataset/src/elpv_dataset/data/images/cell2185.png,0,Functional
images/cell2186.png,0.0,mono,cell2186.png,/content/elpv-dataset/src/elpv_dataset/data/images/cell2186.png,0,Functional
images/cell2187.png,0.0,mono,cell2187.png,/content/elpv-dataset/src/elpv_dataset/data/images/cell2187.png,0,Functional
images/cell2188.png,0.0,mono,cell2188.png,/content/elpv-dataset/src/elpv_dataset/data/images/cell2188.png,0,Functional
images/cell2189.png,0.0,mono,cell2189.png,/content/elpv-dataset/src/elpv_dataset/data/images/cell2189.png,0,Functional
images/cell2190.png,0.0,mono,cell2190.png,/content/elpv-dataset/src/elpv_dataset/data/images/cell2190.png,0,Functional
images/cell2191.png,0.0,mono,cell2191.png,/content/elpv-dataset/src/elpv_dataset/data/images/cell2191.png,0,Functional
images/cell2192.png,0.0,mono,cell2192.png,/content/elpv-dataset/src/elpv_dataset/data/images/cell2192.png,0,Functional
images/cell2193.png,0.0,mono,cell2193.png,/content/elpv-dataset/src/elpv_dataset/data/images/cell2193.png,0,Functional
images/cell2194.png,0.0,mono,cell2194.png,/content/elpv-dataset/src/elpv_dataset/data/images/cell2194.png,0,Functional
images/cell2195.png,0.0,mono,cell2195.png,/content/elpv-dataset/src/elpv_dataset/data/images/cell2195.png,0,Functional
images/cell2198.png,0.0,mono,cell2198.png,/content/elpv-dataset/src/elpv_dataset/data/images/cell2198.png,0,Functional
images/cell2199.png,0.0,mono,cell2199.png,/content/elpv-dataset/src/elpv_dataset/data/images/cell2199.png,0,Functional
images/cell2200.png,0.0,mono,cell2200.png,/content/elpv-dataset/src/elpv_dataset/data/images/cell2200.png,0,Functional
images/cell2201.png,0.0,mono,cell2201.png,/content/elpv-dataset/src/elpv_dataset/data/images/cell2201.png,0,Functional
images/cell2203.png,0.0,mono,cell2203.png,/content/elpv-dataset/src/elpv_dataset/data/images/cell2203.png,0,Functional
images/cell2206.png,0.0,mono,cell2206.png,/content/elpv-dataset/src/elpv_dataset/data/images/cell2206.png,0,Functional
images/cell2207.png,1.0,mono,cell2207.png,/content/elpv-dataset/src/elpv_dataset/data/images/cell2207.png,1,Defective
images/cell2208.png,0.0,mono,cell2208.png,/content/elpv-dataset/src/elpv_dataset/data/images/cell2208.png,0,Functional
images/cell2209.png,0.0,mono,cell2209.png,/content/elpv-dataset/src/elpv_dataset/data/images/cell2209.png,0,Functional
images/cell2210.png,0.0,mono,cell2210.png,/content/elpv-dataset/src/elpv_dataset/data/images/cell2210.png,0,Functional
images/cell2211.png,0.0,mono,cell2211.png,/content/elpv-dataset/src/elpv_dataset/data/images/cell2211.png,0,Functional
images/cell2213.png,0.0,mono,cell2213.png,/content/elpv-dataset/src/elpv_dataset/data/images/cell2213.png,0,Functional
images/cell2214.png,0.0,mono,cell2214.png,/content/elpv-dataset/src/elpv_dataset/data/images/cell2214.png,0,Functional
images/cell2215.png,0.0,mono,cell2215.png,/content/elpv-dataset/src/elpv_dataset/data/images/cell2215.png,0,Functional
images/cell2216.png,0.0,mono,cell2216.png,/content/elpv-dataset/src/elpv_dataset/data/images/cell2216.png,0,Functional
images/cell2217.png,0.0,poly,cell2217.png,/content/elpv-dataset/src/elpv_dataset/data/images/cell2217.png,0,Functional
images/cell2218.png,0.0,poly,cell2218.png,/content/elpv-dataset/src/elpv_dataset/data/images/cell2218.png,0,Functional
images/cell2219.png,0.0,poly,cell2219.png,/content/elpv-dataset/src/elpv_dataset/data/images/cell2219.png,0,Functional
images/cell2220.png,0.0,poly,cell2220.png,/content/elpv-dataset/src/elpv_dataset/data/images/cell2220.png,0,Functional
images/cell2221.png,0.0,poly,cell2221.png,/content/elpv-dataset/src/elpv_dataset/data/images/cell2221.png,0,Functional
images/cell2222.png,0.0,poly,cell2222.png,/content/elpv-dataset/src/elpv_dataset/data/images/cell2222.png,0,Functional
images/cell2223.png,0.0,poly,cell2223.png,/content/elpv-dataset/src/elpv_dataset/data/images/cell2223.png,0,Functional
images/cell2224.png,0.0,poly,cell2224.png,/content/elpv-dataset/src/elpv_dataset/data/images/cell2224.png,0,Functional
images/cell2225.png,0.0,poly,cell2225.png,/content/elpv-dataset/src/elpv_dataset/data/images/cell2225.png,0,Functional
images/cell2226.png,0.0,poly,cell2226.png,/content/elpv-dataset/src/elpv_dataset/data/images/cell2226.png,0,Functional
images/cell2227.png,0.0,poly,cell2227.png,/content/elpv-dataset/src/elpv_dataset/data/images/cell2227.png,0,Functional
images/cell2228.png,0.0,poly,cell2228.png,/content/elpv-dataset/src/elpv_dataset/data/images/cell2228.png,0,Functional
images/cell2229.png,0.0,poly,cell2229.png,/content/elpv-dataset/src/elpv_dataset/data/images/cell2229.png,0,Functional
images/cell2230.png,0.0,poly,cell2230.png,/content/elpv-dataset/src/elpv_dataset/data/images/cell2230.png,0,Functional
images/cell2231.png,0.0,poly,cell2231.png,/content/elpv-dataset/src/elpv_dataset/data/images/cell2231.png,0,Functional
images/cell2232.png,0.0,poly,cell2232.png,/content/elpv-dataset/src/elpv_dataset/data/images/cell2232.png,0,Functional
images/cell2233.png,0.0,poly,cell2233.png,/content/elpv-dataset/src/elpv_dataset/data/images/cell2233.png,0,Functional
images/cell2234.png,0.0,poly,cell2234.png,/content/elpv-dataset/src/elpv_dataset/data/images/cell2234.png,0,Functional
images/cell2235.png,0.0,poly,cell2235.png,/content/elpv-dataset/src/elpv_dataset/data/images/cell2235.png,0,Functional
images/cell2236.png,0.0,poly,cell2236.png,/content/elpv-dataset/src/elpv_dataset/data/images/cell2236.png,0,Functional
images/cell2237.png,0.0,poly,cell2237.png,/content/elpv-dataset/src/elpv_dataset/data/images/cell2237.png,0,Functional
images/cell2238.png,0.0,poly,cell2238.png,/content/elpv-dataset/src/elpv_dataset/data/images/cell2238.png,0,Functional
images/cell2239.png,0.0,poly,cell2239.png,/content/elpv-dataset/src/elpv_dataset/data/images/cell2239.png,0,Functional
images/cell2240.png,0.0,poly,cell2240.png,/content/elpv-dataset/src/elpv_dataset/data/images/cell2240.png,0,Functional
images/cell2241.png,0.0,poly,cell2241.png,/content/elpv-dataset/src/elpv_dataset/data/images/cell2241.png,0,Functional
images/cell2242.png,0.0,poly,cell2242.png,/content/elpv-dataset/src/elpv_dataset/data/images/cell2242.png,0,Functional
images/cell2243.png,0.0,poly,cell2243.png,/content/elpv-dataset/src/elpv_dataset/data/images/cell2243.png,0,Functional
images/cell2244.png,0.0,poly,cell2244.png,/content/elpv-dataset/src/elpv_dataset/data/images/cell2244.png,0,Functional
images/cell2245.png,0.0,poly,cell2245.png,/content/elpv-dataset/src/elpv_dataset/data/images/cell2245.png,0,Functional
images/cell2246.png,0.0,poly,cell2246.png,/content/elpv-dataset/src/elpv_dataset/data/images/cell2246.png,0,Functional
images/cell2247.png,0.0,poly,cell2247.png,/content/elpv-dataset/src/elpv_dataset/data/images/cell2247.png,0,Functional
images/cell2248.png,0.0,poly,cell2248.png,/content/elpv-dataset/src/elpv_dataset/data/images/cell2248.png,0,Functional
images/cell2249.png,0.0,poly,cell2249.png,/content/elpv-dataset/src/elpv_dataset/data/images/cell2249.png,0,Functional
images/cell2250.png,0.0,poly,cell2250.png,/content/elpv-dataset/src/elpv_dataset/data/images/cell2250.png,0,Functional
images/cell2251.png,0.0,poly,cell2251.png,/content/elpv-dataset/src/elpv_dataset/data/images/cell2251.png,0,Functional
images/cell2252.png,0.0,poly,cell2252.png,/content/elpv-dataset/src/elpv_dataset/data/images/cell2252.png,0,Functional
images/cell2253.png,0.0,poly,cell2253.png,/content/elpv-dataset/src/elpv_dataset/data/images/cell2253.png,0,Functional
images/cell2254.png,0.0,poly,cell2254.png,/content/elpv-dataset/src/elpv_dataset/data/images/cell2254.png,0,Functional
images/cell2255.png,0.0,poly,cell2255.png,/content/elpv-dataset/src/elpv_dataset/data/images/cell2255.png,0,Functional
images/cell2256.png,0.0,poly,cell2256.png,/content/elpv-dataset/src/elpv_dataset/data/images/cell2256.png,0,Functional
images/cell2257.png,0.0,poly,cell2257.png,/content/elpv-dataset/src/elpv_dataset/data/images/cell2257.png,0,Functional
images/cell2258.png,0.0,poly,cell2258.png,/content/elpv-dataset/src/elpv_dataset/data/images/cell2258.png,0,Functional
images/cell2259.png,0.0,poly,cell2259.png,/content/elpv-dataset/src/elpv_dataset/data/images/cell2259.png,0,Functional
images/cell2260.png,0.0,poly,cell2260.png,/content/elpv-dataset/src/elpv_dataset/data/images/cell2260.png,0,Functional
images/cell2261.png,0.0,poly,cell2261.png,/content/elpv-dataset/src/elpv_dataset/data/images/cell2261.png,0,Functional
images/cell2262.png,0.0,poly,cell2262.png,/content/elpv-dataset/src/elpv_dataset/data/images/cell2262.png,0,Functional
images/cell2263.png,0.0,poly,cell2263.png,/content/elpv-dataset/src/elpv_dataset/data/images/cell2263.png,0,Functional
images/cell2264.png,0.0,poly,cell2264.png,/content/elpv-dataset/src/elpv_dataset/data/images/cell2264.png,0,Functional
images/cell2265.png,0.0,poly,cell2265.png,/content/elpv-dataset/src/elpv_dataset/data/images/cell2265.png,0,Functional
images/cell2266.png,0.0,poly,cell2266.png,/content/elpv-dataset/src/elpv_dataset/data/images/cell2266.png,0,Functional
images/cell2267.png,0.0,poly,cell2267.png,/content/elpv-dataset/src/elpv_dataset/data/images/cell2267.png,0,Functional
images/cell2269.png,0.0,poly,cell2269.png,/content/elpv-dataset/src/elpv_dataset/data/images/cell2269.png,0,Functional
images/cell2270.png,0.0,poly,cell2270.png,/content/elpv-dataset/src/elpv_dataset/data/images/cell2270.png,0,Functional
images/cell2271.png,0.0,poly,cell2271.png,/content/elpv-dataset/src/elpv_dataset/data/images/cell2271.png,0,Functional
images/cell2272.png,0.0,poly,cell2272.png,/content/elpv-dataset/src/elpv_dataset/data/images/cell2272.png,0,Functional
images/cell2273.png,0.0,poly,cell2273.png,/content/elpv-dataset/src/elpv_dataset/data/images/cell2273.png,0,Functional
images/cell2274.png,0.0,poly,cell2274.png,/content/elpv-dataset/src/elpv_dataset/data/images/cell2274.png,0,Functional
images/cell2275.png,0.0,poly,cell2275.png,/content/elpv-dataset/src/elpv_dataset/data/images/cell2275.png,0,Functional
images/cell2276.png,0.0,poly,cell2276.png,/content/elpv-dataset/src/elpv_dataset/data/images/cell2276.png,0,Functional
images/cell2278.png,0.0,poly,cell2278.png,/content/elpv-dataset/src/elpv_dataset/data/images/cell2278.png,0,Functional
images/cell2279.png,0.0,poly,cell2279.png,/content/elpv-dataset/src/elpv_dataset/data/images/cell2279.png,0,Functional
images/cell2280.png,0.0,poly,cell2280.png,/content/elpv-dataset/src/elpv_dataset/data/images/cell2280.png,0,Functional
images/cell2281.png,0.0,poly,cell2281.png,/content/elpv-dataset/src/elpv_dataset/data/images/cell2281.png,0,Functional
images/cell2282.png,0.0,poly,cell2282.png,/content/elpv-dataset/src/elpv_dataset/data/images/cell2282.png,0,Functional
images/cell2283.png,0.0,poly,cell2283.png,/content/elpv-dataset/src/elpv_dataset/data/images/cell2283.png,0,Functional
images/cell2284.png,0.0,poly,cell2284.png,/content/elpv-dataset/src/elpv_dataset/data/images/cell2284.png,0,Functional
images/cell2285.png,0.0,poly,cell2285.png,/content/elpv-dataset/src/elpv_dataset/data/images/cell2285.png,0,Functional
images/cell2286.png,0.0,poly,cell2286.png,/content/elpv-dataset/src/elpv_dataset/data/images/cell2286.png,0,Functional
images/cell2287.png,0.0,poly,cell2287.png,/content/elpv-dataset/src/elpv_dataset/data/images/cell2287.png,0,Functional
images/cell2289.png,1.0,poly,cell2289.png,/content/elpv-dataset/src/elpv_dataset/data/images/cell2289.png,1,Defective
images/cell2291.png,0.0,poly,cell2291.png,/content/elpv-dataset/src/elpv_dataset/data/images/cell2291.png,0,Functional
images/cell2293.png,0.0,poly,cell2293.png,/content/elpv-dataset/src/elpv_dataset/data/images/cell2293.png,0,Functional
images/cell2296.png,0.0,poly,cell2296.png,/content/elpv-dataset/src/elpv_dataset/data/images/cell2296.png,0,Functional
images/cell2297.png,0.0,poly,cell2297.png,/content/elpv-dataset/src/elpv_dataset/data/images/cell2297.png,0,Functional
images/cell2298.png,0.0,poly,cell2298.png,/content/elpv-dataset/src/elpv_dataset/data/images/cell2298.png,0,Functional
images/cell2299.png,0.0,poly,cell2299.png,/content/elpv-dataset/src/elpv_dataset/data/images/cell2299.png,0,Functional
images/cell2300.png,0.0,poly,cell2300.png,/content/elpv-dataset/src/elpv_dataset/data/images/cell2300.png,0,Functional
images/cell2301.png,0.0,poly,cell2301.png,/content/elpv-dataset/src/elpv_dataset/data/images/cell2301.png,0,Functional
images/cell2302.png,0.0,poly,cell2302.png,/content/elpv-dataset/src/elpv_dataset/data/images/cell2302.png,0,Functional
images/cell2303.png,0.0,poly,cell2303.png,/content/elpv-dataset/src/elpv_dataset/data/images/cell2303.png,0,Functional
images/cell2304.png,0.0,poly,cell2304.png,/content/elpv-dataset/src/elpv_dataset/data/images/cell2304.png,0,Functional
images/cell2305.png,0.0,poly,cell2305.png,/content/elpv-dataset/src/elpv_dataset/data/images/cell2305.png,0,Functional
images/cell2306.png,0.0,poly,cell2306.png,/content/elpv-dataset/src/elpv_dataset/data/images/cell2306.png,0,Functional
images/cell2307.png,0.0,poly,cell2307.png,/content/elpv-dataset/src/elpv_dataset/data/images/cell2307.png,0,Functional
images/cell2308.png,0.0,poly,cell2308.png,/content/elpv-dataset/src/elpv_dataset/data/images/cell2308.png,0,Functional
images/cell2309.png,0.0,poly,cell2309.png,/content/elpv-dataset/src/elpv_dataset/data/images/cell2309.png,0,Functional
images/cell2310.png,0.0,poly,cell2310.png,/content/elpv-dataset/src/elpv_dataset/data/images/cell2310.png,0,Functional
images/cell2311.png,0.0,poly,cell2311.png,/content/elpv-dataset/src/elpv_dataset/data/images/cell2311.png,0,Functional
images/cell2312.png,0.0,poly,cell2312.png,/content/elpv-dataset/src/elpv_dataset/data/images/cell2312.png,0,Functional
images/cell2313.png,0.0,poly,cell2313.png,/content/elpv-dataset/src/elpv_dataset/data/images/cell2313.png,0,Functional
images/cell2314.png,0.0,poly,cell2314.png,/content/elpv-dataset/src/elpv_dataset/data/images/cell2314.png,0,Functional
images/cell2315.png,0.0,poly,cell2315.png,/content/elpv-dataset/src/elpv_dataset/data/images/cell2315.png,0,Functional
images/cell2316.png,0.0,poly,cell2316.png,/content/elpv-dataset/src/elpv_dataset/data/images/cell2316.png,0,Functional
images/cell2317.png,0.0,poly,cell2317.png,/content/elpv-dataset/src/elpv_dataset/data/images/cell2317.png,0,Functional
images/cell2319.png,0.0,poly,cell2319.png,/content/elpv-dataset/src/elpv_dataset/data/images/cell2319.png,0,Functional
images/cell2320.png,0.0,poly,cell2320.png,/content/elpv-dataset/src/elpv_dataset/data/images/cell2320.png,0,Functional
images/cell2321.png,0.0,poly,cell2321.png,/content/elpv-dataset/src/elpv_dataset/data/images/cell2321.png,0,Functional
images/cell2322.png,0.0,poly,cell2322.png,/content/elpv-dataset/src/elpv_dataset/data/images/cell2322.png,0,Functional
images/cell2325.png,0.0,poly,cell2325.png,/content/elpv-dataset/src/elpv_dataset/data/images/cell2325.png,0,Functional
images/cell2327.png,1.0,poly,cell2327.png,/content/elpv-dataset/src/elpv_dataset/data/images/cell2327.png,1,Defective
images/cell2328.png,1.0,poly,cell2328.png,/content/elpv-dataset/src/elpv_dataset/data/images/cell2328.png,1,Defective
images/cell2329.png,1.0,poly,cell2329.png,/content/elpv-dataset/src/elpv_dataset/data/images/cell2329.png,1,Defective
images/cell2330.png,1.0,poly,cell2330.png,/content/elpv-dataset/src/elpv_dataset/data/images/cell2330.png,1,Defective
images/cell2332.png,1.0,poly,cell2332.png,/content/elpv-dataset/src/elpv_dataset/data/images/cell2332.png,1,Defective
images/cell2333.png,1.0,poly,cell2333.png,/content/elpv-dataset/src/elpv_dataset/data/images/cell2333.png,1,Defective
images/cell2334.png,1.0,poly,cell2334.png,/content/elpv-dataset/src/elpv_dataset/data/images/cell2334.png,1,Defective
images/cell2335.png,1.0,poly,cell2335.png,/content/elpv-dataset/src/elpv_dataset/data/images/cell2335.png,1,Defective
images/cell2336.png,1.0,poly,cell2336.png,/content/elpv-dataset/src/elpv_dataset/data/images/cell2336.png,1,Defective
images/cell2337.png,0.0,poly,cell2337.png,/content/elpv-dataset/src/elpv_dataset/data/images/cell2337.png,0,Functional
images/cell2338.png,0.0,poly,cell2338.png,/content/elpv-dataset/src/elpv_dataset/data/images/cell2338.png,0,Functional
images/cell2339.png,0.0,poly,cell2339.png,/content/elpv-dataset/src/elpv_dataset/data/images/cell2339.png,0,Functional
images/cell2340.png,0.0,poly,cell2340.png,/content/elpv-dataset/src/elpv_dataset/data/images/cell2340.png,0,Functional
images/cell2341.png,0.0,poly,cell2341.png,/content/elpv-dataset/src/elpv_dataset/data/images/cell2341.png,0,Functional
images/cell2342.png,0.0,poly,cell2342.png,/content/elpv-dataset/src/elpv_dataset/data/images/cell2342.png,0,Functional
images/cell2343.png,0.0,poly,cell2343.png,/content/elpv-dataset/src/elpv_dataset/data/images/cell2343.png,0,Functional
images/cell2344.png,0.0,poly,cell2344.png,/content/elpv-dataset/src/elpv_dataset/data/images/cell2344.png,0,Functional
images/cell2345.png,0.0,poly,cell2345.png,/content/elpv-dataset/src/elpv_dataset/data/images/cell2345.png,0,Functional
images/cell2346.png,0.0,poly,cell2346.png,/content/elpv-dataset/src/elpv_dataset/data/images/cell2346.png,0,Functional
images/cell2347.png,0.0,poly,cell2347.png,/content/elpv-dataset/src/elpv_dataset/data/images/cell2347.png,0,Functional
images/cell2348.png,0.0,poly,cell2348.png,/content/elpv-dataset/src/elpv_dataset/data/images/cell2348.png,0,Functional
images/cell2349.png,0.0,poly,cell2349.png,/content/elpv-dataset/src/elpv_dataset/data/images/cell2349.png,0,Functional
images/cell2350.png,1.0,poly,cell2350.png,/content/elpv-dataset/src/elpv_dataset/data/images/cell2350.png,1,Defective
images/cell2351.png,0.0,poly,cell2351.png,/content/elpv-dataset/src/elpv_dataset/data/images/cell2351.png,0,Functional
images/cell2352.png,0.0,poly,cell2352.png,/content/elpv-dataset/src/elpv_dataset/data/images/cell2352.png,0,Functional
images/cell2353.png,0.0,poly,cell2353.png,/content/elpv-dataset/src/elpv_dataset/data/images/cell2353.png,0,Functional
images/cell2354.png,0.0,poly,cell2354.png,/content/elpv-dataset/src/elpv_dataset/data/images/cell2354.png,0,Functional
images/cell2355.png,0.0,poly,cell2355.png,/content/elpv-dataset/src/elpv_dataset/data/images/cell2355.png,0,Functional
images/cell2356.png,0.0,poly,cell2356.png,/content/elpv-dataset/src/elpv_dataset/data/images/cell2356.png,0,Functional
images/cell2357.png,0.0,poly,cell2357.png,/content/elpv-dataset/src/elpv_dataset/data/images/cell2357.png,0,Functional
images/cell2358.png,0.0,poly,cell2358.png,/content/elpv-dataset/src/elpv_dataset/data/images/cell2358.png,0,Functional
images/cell2359.png,0.0,poly,cell2359.png,/content/elpv-dataset/src/elpv_dataset/data/images/cell2359.png,0,Functional
images/cell2360.png,0.0,poly,cell2360.png,/content/elpv-dataset/src/elpv_dataset/data/images/cell2360.png,0,Functional
images/cell2361.png,0.0,poly,cell2361.png,/content/elpv-dataset/src/elpv_dataset/data/images/cell2361.png,0,Functional
images/cell2362.png,1.0,poly,cell2362.png,/content/elpv-dataset/src/elpv_dataset/data/images/cell2362.png,1,Defective
images/cell2363.png,0.0,poly,cell2363.png,/content/elpv-dataset/src/elpv_dataset/data/images/cell2363.png,0,Functional
images/cell2364.png,0.0,poly,cell2364.png,/content/elpv-dataset/src/elpv_dataset/data/images/cell2364.png,0,Functional
images/cell2365.png,0.0,poly,cell2365.png,/content/elpv-dataset/src/elpv_dataset/data/images/cell2365.png,0,Functional
images/cell2366.png,0.0,poly,cell2366.png,/content/elpv-dataset/src/elpv_dataset/data/images/cell2366.png,0,Functional
images/cell2368.png,0.0,poly,cell2368.png,/content/elpv-dataset/src/elpv_dataset/data/images/cell2368.png,0,Functional
images/cell2370.png,0.0,poly,cell2370.png,/content/elpv-dataset/src/elpv_dataset/data/images/cell2370.png,0,Functional
images/cell2371.png,0.0,poly,cell2371.png,/content/elpv-dataset/src/elpv_dataset/data/images/cell2371.png,0,Functional
images/cell2372.png,0.0,poly,cell2372.png,/content/elpv-dataset/src/elpv_dataset/data/images/cell2372.png,0,Functional
images/cell2373.png,0.0,poly,cell2373.png,/content/elpv-dataset/src/elpv_dataset/data/images/cell2373.png,0,Functional
images/cell2374.png,0.0,poly,cell2374.png,/content/elpv-dataset/src/elpv_dataset/data/images/cell2374.png,0,Functional
images/cell2375.png,0.0,poly,cell2375.png,/content/elpv-dataset/src/elpv_dataset/data/images/cell2375.png,0,Functional
images/cell2376.png,0.0,poly,cell2376.png,/content/elpv-dataset/src/elpv_dataset/data/images/cell2376.png,0,Functional
images/cell2377.png,0.0,poly,cell2377.png,/content/elpv-dataset/src/elpv_dataset/data/images/cell2377.png,0,Functional
images/cell2378.png,0.0,poly,cell2378.png,/content/elpv-dataset/src/elpv_dataset/data/images/cell2378.png,0,Functional
images/cell2379.png,0.0,poly,cell2379.png,/content/elpv-dataset/src/elpv_dataset/data/images/cell2379.png,0,Functional
images/cell2380.png,0.0,poly,cell2380.png,/content/elpv-dataset/src/elpv_dataset/data/images/cell2380.png,0,Functional
images/cell2381.png,0.0,poly,cell2381.png,/content/elpv-dataset/src/elpv_dataset/data/images/cell2381.png,0,Functional
images/cell2382.png,0.0,poly,cell2382.png,/content/elpv-dataset/src/elpv_dataset/data/images/cell2382.png,0,Functional
images/cell2383.png,0.0,poly,cell2383.png,/content/elpv-dataset/src/elpv_dataset/data/images/cell2383.png,0,Functional
images/cell2384.png,0.0,poly,cell2384.png,/content/elpv-dataset/src/elpv_dataset/data/images/cell2384.png,0,Functional
images/cell2385.png,0.0,poly,cell2385.png,/content/elpv-dataset/src/elpv_dataset/data/images/cell2385.png,0,Functional
images/cell2387.png,0.0,poly,cell2387.png,/content/elpv-dataset/src/elpv_dataset/data/images/cell2387.png,0,Functional
images/cell2388.png,0.0,poly,cell2388.png,/content/elpv-dataset/src/elpv_dataset/data/images/cell2388.png,0,Functional
images/cell2389.png,0.0,poly,cell2389.png,/content/elpv-dataset/src/elpv_dataset/data/images/cell2389.png,0,Functional
images/cell2390.png,0.0,poly,cell2390.png,/content/elpv-dataset/src/elpv_dataset/data/images/cell2390.png,0,Functional
images/cell2391.png,0.0,poly,cell2391.png,/content/elpv-dataset/src/elpv_dataset/data/images/cell2391.png,0,Functional
images/cell2392.png,1.0,poly,cell2392.png,/content/elpv-dataset/src/elpv_dataset/data/images/cell2392.png,1,Defective
images/cell2393.png,0.0,poly,cell2393.png,/content/elpv-dataset/src/elpv_dataset/data/images/cell2393.png,0,Functional
images/cell2394.png,0.0,poly,cell2394.png,/content/elpv-dataset/src/elpv_dataset/data/images/cell2394.png,0,Functional
images/cell2395.png,0.0,poly,cell2395.png,/content/elpv-dataset/src/elpv_dataset/data/images/cell2395.png,0,Functional
images/cell2396.png,0.0,poly,cell2396.png,/content/elpv-dataset/src/elpv_dataset/data/images/cell2396.png,0,Functional
images/cell2398.png,0.0,mono,cell2398.png,/content/elpv-dataset/src/elpv_dataset/data/images/cell2398.png,0,Functional
images/cell2399.png,0.0,mono,cell2399.png,/content/elpv-dataset/src/elpv_dataset/data/images/cell2399.png,0,Functional
images/cell2401.png,0.0,mono,cell2401.png,/content/elpv-dataset/src/elpv_dataset/data/images/cell2401.png,0,Functional
images/cell2402.png,0.0,mono,cell2402.png,/content/elpv-dataset/src/elpv_dataset/data/images/cell2402.png,0,Functional
images/cell2403.png,0.0,mono,cell2403.png,/content/elpv-dataset/src/elpv_dataset/data/images/cell2403.png,0,Functional
images/cell2404.png,0.0,mono,cell2404.png,/content/elpv-dataset/src/elpv_dataset/data/images/cell2404.png,0,Functional
images/cell2405.png,0.0,mono,cell2405.png,/content/elpv-dataset/src/elpv_dataset/data/images/cell2405.png,0,Functional
images/cell2406.png,0.0,mono,cell2406.png,/content/elpv-dataset/src/elpv_dataset/data/images/cell2406.png,0,Functional
images/cell2407.png,0.0,mono,cell2407.png,/content/elpv-dataset/src/elpv_dataset/data/images/cell2407.png,0,Functional
images/cell2409.png,0.0,mono,cell2409.png,/content/elpv-dataset/src/elpv_dataset/data/images/cell2409.png,0,Functional
images/cell2411.png,0.0,mono,cell2411.png,/content/elpv-dataset/src/elpv_dataset/data/images/cell2411.png,0,Functional
images/cell2415.png,0.0,mono,cell2415.png,/content/elpv-dataset/src/elpv_dataset/data/images/cell2415.png,0,Functional
images/cell2416.png,0.0,mono,cell2416.png,/content/elpv-dataset/src/elpv_dataset/data/images/cell2416.png,0,Functional
images/cell2418.png,0.0,mono,cell2418.png,/content/elpv-dataset/src/elpv_dataset/data/images/cell2418.png,0,Functional
images/cell2419.png,0.0,mono,cell2419.png,/content/elpv-dataset/src/elpv_dataset/data/images/cell2419.png,0,Functional
images/cell2420.png,0.0,mono,cell2420.png,/content/elpv-dataset/src/elpv_dataset/data/images/cell2420.png,0,Functional
images/cell2421.png,0.0,mono,cell2421.png,/content/elpv-dataset/src/elpv_dataset/data/images/cell2421.png,0,Functional
images/cell2422.png,0.0,mono,cell2422.png,/content/elpv-dataset/src/elpv_dataset/data/images/cell2422.png,0,Functional
images/cell2423.png,0.0,mono,cell2423.png,/content/elpv-dataset/src/elpv_dataset/data/images/cell2423.png,0,Functional
images/cell2424.png,0.0,mono,cell2424.png,/content/elpv-dataset/src/elpv_dataset/data/images/cell2424.png,0,Functional
images/cell2425.png,0.0,mono,cell2425.png,/content/elpv-dataset/src/elpv_dataset/data/images/cell2425.png,0,Functional
images/cell2426.png,0.0,mono,cell2426.png,/content/elpv-dataset/src/elpv_dataset/data/images/cell2426.png,0,Functional
images/cell2428.png,0.0,mono,cell2428.png,/content/elpv-dataset/src/elpv_dataset/data/images/cell2428.png,0,Functional
images/cell2429.png,0.0,mono,cell2429.png,/content/elpv-dataset/src/elpv_dataset/data/images/cell2429.png,0,Functional
images/cell2430.png,0.0,mono,cell2430.png,/content/elpv-dataset/src/elpv_dataset/data/images/cell2430.png,0,Functional
images/cell2431.png,1.0,mono,cell2431.png,/content/elpv-dataset/src/elpv_dataset/data/images/cell2431.png,1,Defective
images/cell2432.png,0.0,mono,cell2432.png,/content/elpv-dataset/src/elpv_dataset/data/images/cell2432.png,0,Functional
images/cell2433.png,0.0,mono,cell2433.png,/content/elpv-dataset/src/elpv_dataset/data/images/cell2433.png,0,Functional
images/cell2434.png,0.0,mono,cell2434.png,/content/elpv-dataset/src/elpv_dataset/data/images/cell2434.png,0,Functional
images/cell2436.png,0.0,mono,cell2436.png,/content/elpv-dataset/src/elpv_dataset/data/images/cell2436.png,0,Functional
images/cell2437.png,1.0,mono,cell2437.png,/content/elpv-dataset/src/elpv_dataset/data/images/cell2437.png,1,Defective
images/cell2438.png,1.0,mono,cell2438.png,/content/elpv-dataset/src/elpv_dataset/data/images/cell2438.png,1,Defective
images/cell2439.png,1.0,mono,cell2439.png,/content/elpv-dataset/src/elpv_dataset/data/images/cell2439.png,1,Defective
images/cell2440.png,1.0,mono,cell2440.png,/content/elpv-dataset/src/elpv_dataset/data/images/cell2440.png,1,Defective
images/cell2441.png,0.0,mono,cell2441.png,/content/elpv-dataset/src/elpv_dataset/data/images/cell2441.png,0,Functional
images/cell2442.png,0.0,mono,cell2442.png,/content/elpv-dataset/src/elpv_dataset/data/images/cell2442.png,0,Functional
images/cell2443.png,0.0,mono,cell2443.png,/content/elpv-dataset/src/elpv_dataset/data/images/cell2443.png,0,Functional
images/cell2444.png,0.0,mono,cell2444.png,/content/elpv-dataset/src/elpv_dataset/data/images/cell2444.png,0,Functional
images/cell2445.png,0.0,poly,cell2445.png,/content/elpv-dataset/src/elpv_dataset/data/images/cell2445.png,0,Functional
images/cell2446.png,1.0,poly,cell2446.png,/content/elpv-dataset/src/elpv_dataset/data/images/cell2446.png,1,Defective
images/cell2447.png,0.0,poly,cell2447.png,/content/elpv-dataset/src/elpv_dataset/data/images/cell2447.png,0,Functional
images/cell2448.png,0.0,poly,cell2448.png,/content/elpv-dataset/src/elpv_dataset/data/images/cell2448.png,0,Functional
images/cell2449.png,0.0,poly,cell2449.png,/content/elpv-dataset/src/elpv_dataset/data/images/cell2449.png,0,Functional
images/cell2450.png,0.0,poly,cell2450.png,/content/elpv-dataset/src/elpv_dataset/data/images/cell2450.png,0,Functional
images/cell2451.png,0.0,poly,cell2451.png,/content/elpv-dataset/src/elpv_dataset/data/images/cell2451.png,0,Functional
images/cell2452.png,0.0,poly,cell2452.png,/content/elpv-dataset/src/elpv_dataset/data/images/cell2452.png,0,Functional
images/cell2453.png,0.0,poly,cell2453.png,/content/elpv-dataset/src/elpv_dataset/data/images/cell2453.png,0,Functional
images/cell2454.png,0.0,poly,cell2454.png,/content/elpv-dataset/src/elpv_dataset/data/images/cell2454.png,0,Functional
images/cell2455.png,0.0,poly,cell2455.png,/content/elpv-dataset/src/elpv_dataset/data/images/cell2455.png,0,Functional
images/cell2456.png,1.0,poly,cell2456.png,/content/elpv-dataset/src/elpv_dataset/data/images/cell2456.png,1,Defective
images/cell2457.png,0.0,poly,cell2457.png,/content/elpv-dataset/src/elpv_dataset/data/images/cell2457.png,0,Functional
images/cell2458.png,0.0,poly,cell2458.png,/content/elpv-dataset/src/elpv_dataset/data/images/cell2458.png,0,Functional
images/cell2459.png,0.0,poly,cell2459.png,/content/elpv-dataset/src/elpv_dataset/data/images/cell2459.png,0,Functional
images/cell2460.png,0.0,poly,cell2460.png,/content/elpv-dataset/src/elpv_dataset/data/images/cell2460.png,0,Functional
images/cell2461.png,0.0,poly,cell2461.png,/content/elpv-dataset/src/elpv_dataset/data/images/cell2461.png,0,Functional
images/cell2462.png,0.0,poly,cell2462.png,/content/elpv-dataset/src/elpv_dataset/data/images/cell2462.png,0,Functional
images/cell2463.png,0.0,poly,cell2463.png,/content/elpv-dataset/src/elpv_dataset/data/images/cell2463.png,0,Functional
images/cell2464.png,0.0,poly,cell2464.png,/content/elpv-dataset/src/elpv_dataset/data/images/cell2464.png,0,Functional
images/cell2465.png,0.0,poly,cell2465.png,/content/elpv-dataset/src/elpv_dataset/data/images/cell2465.png,0,Functional
images/cell2466.png,0.0,poly,cell2466.png,/content/elpv-dataset/src/elpv_dataset/data/images/cell2466.png,0,Functional
images/cell2467.png,0.0,poly,cell2467.png,/content/elpv-dataset/src/elpv_dataset/data/images/cell2467.png,0,Functional
images/cell2468.png,0.0,poly,cell2468.png,/content/elpv-dataset/src/elpv_dataset/data/images/cell2468.png,0,Functional
images/cell2469.png,0.0,poly,cell2469.png,/content/elpv-dataset/src/elpv_dataset/data/images/cell2469.png,0,Functional
images/cell2470.png,0.0,poly,cell2470.png,/content/elpv-dataset/src/elpv_dataset/data/images/cell2470.png,0,Functional
images/cell2471.png,0.0,poly,cell2471.png,/content/elpv-dataset/src/elpv_dataset/data/images/cell2471.png,0,Functional
images/cell2472.png,0.0,poly,cell2472.png,/content/elpv-dataset/src/elpv_dataset/data/images/cell2472.png,0,Functional
images/cell2473.png,0.0,poly,cell2473.png,/content/elpv-dataset/src/elpv_dataset/data/images/cell2473.png,0,Functional
images/cell2474.png,0.0,poly,cell2474.png,/content/elpv-dataset/src/elpv_dataset/data/images/cell2474.png,0,Functional
images/cell2475.png,0.0,poly,cell2475.png,/content/elpv-dataset/src/elpv_dataset/data/images/cell2475.png,0,Functional
images/cell2476.png,0.0,poly,cell2476.png,/content/elpv-dataset/src/elpv_dataset/data/images/cell2476.png,0,Functional
images/cell2477.png,0.0,poly,cell2477.png,/content/elpv-dataset/src/elpv_dataset/data/images/cell2477.png,0,Functional
images/cell2478.png,0.0,poly,cell2478.png,/content/elpv-dataset/src/elpv_dataset/data/images/cell2478.png,0,Functional
images/cell2479.png,0.0,poly,cell2479.png,/content/elpv-dataset/src/elpv_dataset/data/images/cell2479.png,0,Functional
images/cell2480.png,0.0,poly,cell2480.png,/content/elpv-dataset/src/elpv_dataset/data/images/cell2480.png,0,Functional
images/cell2481.png,0.0,poly,cell2481.png,/content/elpv-dataset/src/elpv_dataset/data/images/cell2481.png,0,Functional
images/cell2482.png,0.0,poly,cell2482.png,/content/elpv-dataset/src/elpv_dataset/data/images/cell2482.png,0,Functional
images/cell2485.png,0.0,poly,cell2485.png,/content/elpv-dataset/src/elpv_dataset/data/images/cell2485.png,0,Functional
images/cell2486.png,0.0,poly,cell2486.png,/content/elpv-dataset/src/elpv_dataset/data/images/cell2486.png,0,Functional
images/cell2487.png,0.0,poly,cell2487.png,/content/elpv-dataset/src/elpv_dataset/data/images/cell2487.png,0,Functional
images/cell2488.png,0.0,poly,cell2488.png,/content/elpv-dataset/src/elpv_dataset/data/images/cell2488.png,0,Functional
images/cell2489.png,0.0,poly,cell2489.png,/content/elpv-dataset/src/elpv_dataset/data/images/cell2489.png,0,Functional
images/cell2490.png,0.0,poly,cell2490.png,/content/elpv-dataset/src/elpv_dataset/data/images/cell2490.png,0,Functional
images/cell2491.png,0.0,poly,cell2491.png,/content/elpv-dataset/src/elpv_dataset/data/images/cell2491.png,0,Functional
images/cell2492.png,0.0,poly,cell2492.png,/content/elpv-dataset/src/elpv_dataset/data/images/cell2492.png,0,Functional
images/cell2493.png,0.0,poly,cell2493.png,/content/elpv-dataset/src/elpv_dataset/data/images/cell2493.png,0,Functional
images/cell2494.png,0.0,poly,cell2494.png,/content/elpv-dataset/src/elpv_dataset/data/images/cell2494.png,0,Functional
images/cell2495.png,0.0,poly,cell2495.png,/content/elpv-dataset/src/elpv_dataset/data/images/cell2495.png,0,Functional
images/cell2496.png,0.0,poly,cell2496.png,/content/elpv-dataset/src/elpv_dataset/data/images/cell2496.png,0,Functional
images/cell2497.png,0.0,poly,cell2497.png,/content/elpv-dataset/src/elpv_dataset/data/images/cell2497.png,0,Functional
images/cell2498.png,0.0,poly,cell2498.png,/content/elpv-dataset/src/elpv_dataset/data/images/cell2498.png,0,Functional
images/cell2499.png,0.0,poly,cell2499.png,/content/elpv-dataset/src/elpv_dataset/data/images/cell2499.png,0,Functional
images/cell2500.png,0.0,poly,cell2500.png,/content/elpv-dataset/src/elpv_dataset/data/images/cell2500.png,0,Functional
images/cell2501.png,0.0,poly,cell2501.png,/content/elpv-dataset/src/elpv_dataset/data/images/cell2501.png,0,Functional
images/cell2502.png,0.0,poly,cell2502.png,/content/elpv-dataset/src/elpv_dataset/data/images/cell2502.png,0,Functional
images/cell2503.png,0.0,poly,cell2503.png,/content/elpv-dataset/src/elpv_dataset/data/images/cell2503.png,0,Functional
images/cell2504.png,0.0,poly,cell2504.png,/content/elpv-dataset/src/elpv_dataset/data/images/cell2504.png,0,Functional
images/cell2505.png,0.0,poly,cell2505.png,/content/elpv-dataset/src/elpv_dataset/data/images/cell2505.png,0,Functional
images/cell2506.png,0.0,poly,cell2506.png,/content/elpv-dataset/src/elpv_dataset/data/images/cell2506.png,0,Functional
images/cell2507.png,0.0,poly,cell2507.png,/content/elpv-dataset/src/elpv_dataset/data/images/cell2507.png,0,Functional
images/cell2508.png,0.0,poly,cell2508.png,/content/elpv-dataset/src/elpv_dataset/data/images/cell2508.png,0,Functional
images/cell2509.png,1.0,poly,cell2509.png,/content/elpv-dataset/src/elpv_dataset/data/images/cell2509.png,1,Defective
images/cell2510.png,0.0,poly,cell2510.png,/content/elpv-dataset/src/elpv_dataset/data/images/cell2510.png,0,Functional
images/cell2511.png,0.0,poly,cell2511.png,/content/elpv-dataset/src/elpv_dataset/data/images/cell2511.png,0,Functional
images/cell2512.png,0.0,poly,cell2512.png,/content/elpv-dataset/src/elpv_dataset/data/images/cell2512.png,0,Functional
images/cell2513.png,0.0,poly,cell2513.png,/content/elpv-dataset/src/elpv_dataset/data/images/cell2513.png,0,Functional
images/cell2514.png,0.0,poly,cell2514.png,/content/elpv-dataset/src/elpv_dataset/data/images/cell2514.png,0,Functional
images/cell2515.png,0.0,poly,cell2515.png,/content/elpv-dataset/src/elpv_dataset/data/images/cell2515.png,0,Functional
images/cell2516.png,1.0,poly,cell2516.png,/content/elpv-dataset/src/elpv_dataset/data/images/cell2516.png,1,Defective
images/cell2517.png,1.0,poly,cell2517.png,/content/elpv-dataset/src/elpv_dataset/data/images/cell2517.png,1,Defective
images/cell2518.png,0.0,poly,cell2518.png,/content/elpv-dataset/src/elpv_dataset/data/images/cell2518.png,0,Functional
images/cell2519.png,0.0,poly,cell2519.png,/content/elpv-dataset/src/elpv_dataset/data/images/cell2519.png,0,Functional
images/cell2520.png,0.0,poly,cell2520.png,/content/elpv-dataset/src/elpv_dataset/data/images/cell2520.png,0,Functional
images/cell2521.png,0.0,poly,cell2521.png,/content/elpv-dataset/src/elpv_dataset/data/images/cell2521.png,0,Functional
images/cell2522.png,0.0,poly,cell2522.png,/content/elpv-dataset/src/elpv_dataset/data/images/cell2522.png,0,Functional
images/cell2523.png,0.0,poly,cell2523.png,/content/elpv-dataset/src/elpv_dataset/data/images/cell2523.png,0,Functional
images/cell2524.png,0.0,poly,cell2524.png,/content/elpv-dataset/src/elpv_dataset/data/images/cell2524.png,0,Functional
images/cell2525.png,1.0,poly,cell2525.png,/content/elpv-dataset/src/elpv_dataset/data/images/cell2525.png,1,Defective
images/cell2526.png,1.0,poly,cell2526.png,/content/elpv-dataset/src/elpv_dataset/data/images/cell2526.png,1,Defective
images/cell2527.png,0.0,poly,cell2527.png,/content/elpv-dataset/src/elpv_dataset/data/images/cell2527.png,0,Functional
images/cell2528.png,0.0,poly,cell2528.png,/content/elpv-dataset/src/elpv_dataset/data/images/cell2528.png,0,Functional
images/cell2529.png,0.0,poly,cell2529.png,/content/elpv-dataset/src/elpv_dataset/data/images/cell2529.png,0,Functional
images/cell2530.png,0.0,poly,cell2530.png,/content/elpv-dataset/src/elpv_dataset/data/images/cell2530.png,0,Functional
images/cell2531.png,0.0,poly,cell2531.png,/content/elpv-dataset/src/elpv_dataset/data/images/cell2531.png,0,Functional
images/cell2532.png,0.0,poly,cell2532.png,/content/elpv-dataset/src/elpv_dataset/data/images/cell2532.png,0,Functional
images/cell2533.png,0.0,poly,cell2533.png,/content/elpv-dataset/src/elpv_dataset/data/images/cell2533.png,0,Functional
images/cell2534.png,0.0,poly,cell2534.png,/content/elpv-dataset/src/elpv_dataset/data/images/cell2534.png,0,Functional
images/cell2535.png,0.0,poly,cell2535.png,/content/elpv-dataset/src/elpv_dataset/data/images/cell2535.png,0,Functional
images/cell2536.png,1.0,poly,cell2536.png,/content/elpv-dataset/src/elpv_dataset/data/images/cell2536.png,1,Defective
images/cell2537.png,0.0,poly,cell2537.png,/content/elpv-dataset/src/elpv_dataset/data/images/cell2537.png,0,Functional
images/cell2538.png,1.0,poly,cell2538.png,/content/elpv-dataset/src/elpv_dataset/data/images/cell2538.png,1,Defective
images/cell2539.png,0.0,poly,cell2539.png,/content/elpv-dataset/src/elpv_dataset/data/images/cell2539.png,0,Functional
images/cell2540.png,0.0,poly,cell2540.png,/content/elpv-dataset/src/elpv_dataset/data/images/cell2540.png,0,Functional
images/cell2541.png,0.0,poly,cell2541.png,/content/elpv-dataset/src/elpv_dataset/data/images/cell2541.png,0,Functional
images/cell2542.png,1.0,poly,cell2542.png,/content/elpv-dataset/src/elpv_dataset/data/images/cell2542.png,1,Defective
images/cell2543.png,0.0,poly,cell2543.png,/content/elpv-dataset/src/elpv_dataset/data/images/cell2543.png,0,Functional
images/cell2544.png,1.0,poly,cell2544.png,/content/elpv-dataset/src/elpv_dataset/data/images/cell2544.png,1,Defective
images/cell2545.png,0.0,poly,cell2545.png,/content/elpv-dataset/src/elpv_dataset/data/images/cell2545.png,0,Functional
images/cell2546.png,1.0,poly,cell2546.png,/content/elpv-dataset/src/elpv_dataset/data/images/cell2546.png,1,Defective
images/cell2547.png,1.0,poly,cell2547.png,/content/elpv-dataset/src/elpv_dataset/data/images/cell2547.png,1,Defective
images/cell2548.png,1.0,poly,cell2548.png,/content/elpv-dataset/src/elpv_dataset/data/images/cell2548.png,1,Defective
images/cell2549.png,0.0,poly,cell2549.png,/content/elpv-dataset/src/elpv_dataset/data/images/cell2549.png,0,Functional
images/cell2550.png,0.0,poly,cell2550.png,/content/elpv-dataset/src/elpv_dataset/data/images/cell2550.png,0,Functional
images/cell2551.png,0.0,poly,cell2551.png,/content/elpv-dataset/src/elpv_dataset/data/images/cell2551.png,0,Functional
images/cell2552.png,0.0,poly,cell2552.png,/content/elpv-dataset/src/elpv_dataset/data/images/cell2552.png,0,Functional
images/cell2553.png,0.0,poly,cell2553.png,/content/elpv-dataset/src/elpv_dataset/data/images/cell2553.png,0,Functional
images/cell2554.png,1.0,poly,cell2554.png,/content/elpv-dataset/src/elpv_dataset/data/images/cell2554.png,1,Defective
images/cell2556.png,0.0,poly,cell2556.png,/content/elpv-dataset/src/elpv_dataset/data/images/cell2556.png,0,Functional
images/cell2557.png,0.0,poly,cell2557.png,/content/elpv-dataset/src/elpv_dataset/data/images/cell2557.png,0,Functional
images/cell2558.png,0.0,poly,cell2558.png,/content/elpv-dataset/src/elpv_dataset/data/images/cell2558.png,0,Functional
images/cell2559.png,0.0,poly,cell2559.png,/content/elpv-dataset/src/elpv_dataset/data/images/cell2559.png,0,Functional
images/cell2560.png,0.0,poly,cell2560.png,/content/elpv-dataset/src/elpv_dataset/data/images/cell2560.png,0,Functional
images/cell2561.png,0.0,poly,cell2561.png,/content/elpv-dataset/src/elpv_dataset/data/images/cell2561.png,0,Functional
images/cell2562.png,0.0,poly,cell2562.png,/content/elpv-dataset/src/elpv_dataset/data/images/cell2562.png,0,Functional
images/cell2563.png,0.0,poly,cell2563.png,/content/elpv-dataset/src/elpv_dataset/data/images/cell2563.png,0,Functional
images/cell2564.png,0.0,poly,cell2564.png,/content/elpv-dataset/src/elpv_dataset/data/images/cell2564.png,0,Functional
images/cell2569.png,0.0,poly,cell2569.png,/content/elpv-dataset/src/elpv_dataset/data/images/cell2569.png,0,Functional
images/cell2578.png,0.0,poly,cell2578.png,/content/elpv-dataset/src/elpv_dataset/data/images/cell2578.png,0,Functional
images/cell2580.png,0.0,poly,cell2580.png,/content/elpv-dataset/src/elpv_dataset/data/images/cell2580.png,0,Functional
images/cell2582.png,0.0,poly,cell2582.png,/content/elpv-dataset/src/elpv_dataset/data/images/cell2582.png,0,Functional
images/cell2586.png,0.0,poly,cell2586.png,/content/elpv-dataset/src/elpv_dataset/data/images/cell2586.png,0,Functional
images/cell2587.png,0.0,poly,cell2587.png,/content/elpv-dataset/src/elpv_dataset/data/images/cell2587.png,0,Functional
images/cell2590.png,0.0,poly,cell2590.png,/content/elpv-dataset/src/elpv_dataset/data/images/cell2590.png,0,Functional
images/cell2591.png,0.0,poly,cell2591.png,/content/elpv-dataset/src/elpv_dataset/data/images/cell2591.png,0,Functional
images/cell2592.png,0.0,poly,cell2592.png,/content/elpv-dataset/src/elpv_dataset/data/images/cell2592.png,0,Functional
images/cell2593.png,0.0,poly,cell2593.png,/content/elpv-dataset/src/elpv_dataset/data/images/cell2593.png,0,Functional
images/cell2595.png,0.0,poly,cell2595.png,/content/elpv-dataset/src/elpv_dataset/data/images/cell2595.png,0,Functional
images/cell2597.png,0.0,poly,cell2597.png,/content/elpv-dataset/src/elpv_dataset/data/images/cell2597.png,0,Functional
images/cell2598.png,0.0,poly,cell2598.png,/content/elpv-dataset/src/elpv_dataset/data/images/cell2598.png,0,Functional
images/cell2599.png,1.0,poly,cell2599.png,/content/elpv-dataset/src/elpv_dataset/data/images/cell2599.png,1,Defective
images/cell2601.png,0.0,poly,cell2601.png,/content/elpv-dataset/src/elpv_dataset/data/images/cell2601.png,0,Functional
images/cell2602.png,0.0,poly,cell2602.png,/content/elpv-dataset/src/elpv_dataset/data/images/cell2602.png,0,Functional
images/cell2603.png,0.0,poly,cell2603.png,/content/elpv-dataset/src/elpv_dataset/data/images/cell2603.png,0,Functional
images/cell2606.png,0.0,poly,cell2606.png,/content/elpv-dataset/src/elpv_dataset/data/images/cell2606.png,0,Functional
images/cell2608.png,0.0,poly,cell2608.png,/content/elpv-dataset/src/elpv_dataset/data/images/cell2608.png,0,Functional
images/cell2609.png,0.0,poly,cell2609.png,/content/elpv-dataset/src/elpv_dataset/data/images/cell2609.png,0,Functional
images/cell2610.png,0.0,poly,cell2610.png,/content/elpv-dataset/src/elpv_dataset/data/images/cell2610.png,0,Functional
images/cell2611.png,0.0,poly,cell2611.png,/content/elpv-dataset/src/elpv_dataset/data/images/cell2611.png,0,Functional
images/cell2613.png,0.0,poly,cell2613.png,/content/elpv-dataset/src/elpv_dataset/data/images/cell2613.png,0,Functional
images/cell2614.png,0.0,poly,cell2614.png,/content/elpv-dataset/src/elpv_dataset/data/images/cell2614.png,0,Functional
images/cell2619.png,0.0,poly,cell2619.png,/content/elpv-dataset/src/elpv_dataset/data/images/cell2619.png,0,Functional
images/cell2620.png,0.0,poly,cell2620.png,/content/elpv-dataset/src/elpv_dataset/data/images/cell2620.png,0,Functional
images/cell2621.png,0.0,poly,cell2621.png,/content/elpv-dataset/src/elpv_dataset/data/images/cell2621.png,0,Functional
images/cell2622.png,0.0,poly,cell2622.png,/content/elpv-dataset/src/elpv_dataset/data/images/cell2622.png,0,Functional
images/cell2623.png,0.0,poly,cell2623.png,/content/elpv-dataset/src/elpv_dataset/data/images/cell2623.png,0,Functional
images/cell2624.png,0.0,poly,cell2624.png,/content/elpv-dataset/src/elpv_dataset/data/images/cell2624.png,0,Functional
