Accuracy,Precision,Recall,F1,ROC_AUC,Average_Precision
0.844311377245509,0.7435897435897436,0.7981651376146789,0.7699115044247787,0.9340672782874617,0.9111405855142143
0.8353293413173652,0.7674418604651163,0.7983870967741935,0.782608695652174,0.9054147465437787,0.9042661650602982
0.7844311377245509,0.6302521008403361,0.7281553398058253,0.6756756756756757,0.8591182280502668,0.8100170254546002
0.8353293413173652,0.7401574803149606,0.8103448275862069,0.7736625514403292,0.9147817146472635,0.891101078245499
0.8502994011976048,0.7168141592920354,0.8181818181818182,0.7641509433962265,0.9200945626477541,0.8901869568750423
0.8263473053892215,0.7241379310344828,0.7636363636363637,0.7433628318584071,0.9039366883116883,0.8782598169864622
0.8323353293413174,0.765625,0.7903225806451613,0.7777777777777778,0.9041090629800308,0.8961914536390564
0.8413173652694611,0.7456140350877193,0.7798165137614679,0.7623318385650224,0.9184913353720695,0.8931604154988346
0.8083832335329342,0.6585365853658537,0.7864077669902912,0.7168141592920354,0.9022821838355819,0.874675863829071
0.7904191616766467,0.6984126984126984,0.7333333333333333,0.7154471544715447,0.8721183800623052,0.8644805906307081
0.8173652694610778,0.6694915254237288,0.7821782178217822,0.7214611872146118,0.9119534271023669,0.8716692577146109
0.874251497005988,0.7777777777777778,0.875,0.8235294117647058,0.9569658944658945,0.941774178115786
0.844311377245509,0.72,0.8411214953271028,0.7758620689655172,0.919593231503973,0.902179268838835
0.8413173652694611,0.7478991596638656,0.7946428571428571,0.7705627705627706,0.9123230373230373,0.8922026697264466
0.8323353293413174,0.7142857142857143,0.8181818181818182,0.7627118644067796,0.9159496753246753,0.8936200813256534
0.8622754491017964,0.7264150943396226,0.8191489361702128,0.77,0.9234929078014185,0.8953252626348934
0.8473053892215568,0.6956521739130435,0.8333333333333334,0.7582938388625592,0.9240196078431372,0.8884356787445349
0.8263473053892215,0.6904761904761905,0.8207547169811321,0.75,0.9078947368421053,0.8915223378544179
0.8173652694610778,0.6967213114754098,0.7798165137614679,0.7359307359307359,0.9153924566768604,0.8948694306072913
0.8413173652694611,0.725,0.8130841121495327,0.7665198237885462,0.9172464901807403,0.8919752645591931
0.811377245508982,0.6576576576576577,0.7448979591836735,0.6985645933014354,0.8836042891732965,0.8381413823045281
0.8173652694610778,0.6564885496183206,0.8431372549019608,0.7381974248927039,0.9213995943204868,0.896765822858924
0.8203592814371258,0.6940298507462687,0.8303571428571429,0.7560975609756098,0.9264800514800515,0.9013130326312239
0.8263473053892215,0.7017543859649122,0.7692307692307693,0.7339449541284404,0.9156772575250837,0.8823437503299261
0.8323353293413174,0.7154471544715447,0.8073394495412844,0.7586206896551724,0.923506625891947,0.8938498966357055
0.8323353293413174,0.7364341085271318,0.811965811965812,0.7723577235772358,0.9185080152822087,0.9034023266372315
0.8053892215568862,0.697841726618705,0.8083333333333333,0.749034749034749,0.8840732087227414,0.8750494968478209
0.8502994011976048,0.7578125,0.8362068965517241,0.7950819672131147,0.9381129389433724,0.9253824601189936
0.8143712574850299,0.6771653543307087,0.8037383177570093,0.7350427350427351,0.9048952200584627,0.8851857894574124
0.8532934131736527,0.8083333333333333,0.7886178861788617,0.7983539094650206,0.9449389280622664,0.9283884812860301
0.8233532934131736,0.6616541353383458,0.8627450980392157,0.7489361702127659,0.9227518593644354,0.9010700927011788
0.7964071856287425,0.6194690265486725,0.7368421052631579,0.6730769230769231,0.9048227262717463,0.8419964762933099
0.8143712574850299,0.6610169491525424,0.78,0.7155963302752294,0.9029914529914531,0.8776255835114981
0.811377245508982,0.7043478260869566,0.7363636363636363,0.72,0.901176948051948,0.8724669828728109
0.8323353293413174,0.7089552238805971,0.8482142857142857,0.7723577235772358,0.9296171171171171,0.9124437164280607
0.8203592814371258,0.7142857142857143,0.8333333333333334,0.7692307692307693,0.9149143302180686,0.905969225564332
0.8233532934131736,0.7096774193548387,0.7927927927927928,0.7489361702127659,0.9074859612976205,0.8836979370725042
0.8263473053892215,0.7168141592920354,0.7570093457943925,0.7363636363636363,0.8880974926921651,0.8718095714750869
0.8323353293413174,0.7424242424242424,0.8166666666666667,0.7777777777777778,0.9090342679127728,0.8953556383478862
0.8473053892215568,0.7622950819672131,0.808695652173913,0.7848101265822784,0.9285685924161207,0.9042808428292182
0.8473053892215568,0.7131782945736435,0.8679245283018868,0.7829787234042553,0.9385551142005959,0.9185104755519345
0.8473053892215568,0.7175572519083969,0.8703703703703703,0.7866108786610879,0.9494018354637823,0.9296937647178338
0.8083832335329342,0.652542372881356,0.77,0.7064220183486238,0.9032051282051281,0.86566758161955
0.8173652694610778,0.6666666666666666,0.7920792079207921,0.7239819004524887,0.9283134322015894,0.8873801553026712
0.8263473053892215,0.7086614173228346,0.8108108108108109,0.7563025210084033,0.9108794893548255,0.893601678375464
0.8502994011976048,0.7557251908396947,0.8461538461538461,0.7983870967741935,0.9382803576351963,0.9198617615586844
0.7994011976047904,0.6434108527131783,0.7980769230769231,0.7124463519313304,0.9205267558528428,0.8865322053799674
0.8532934131736527,0.7478260869565218,0.8113207547169812,0.7782805429864253,0.9081843760344257,0.8887378429166519
0.8473053892215568,0.7027027027027027,0.8125,0.7536231884057971,0.9375,0.9049043324500379
0.8353293413173652,0.7401574803149606,0.8103448275862069,0.7736625514403292,0.9179452704840241,0.9029943527247518
0.8772455089820359,0.7857142857142857,0.8380952380952381,0.8110599078341014,0.9290496984820129,0.9125930842456916
0.8323353293413174,0.6942148760330579,0.8155339805825242,0.75,0.913167738410457,0.8795163536989199
0.8473053892215568,0.7421875,0.8407079646017699,0.7883817427385892,0.9403756056541064,0.9130870956760967
0.8592814371257484,0.7647058823529411,0.8272727272727273,0.7947598253275109,0.936525974025974,0.9115278177284307
0.8622754491017964,0.75,0.8611111111111112,0.8017241379310345,0.9454686987872829,0.9306090075455623
0.8353293413173652,0.6916666666666667,0.8217821782178217,0.751131221719457,0.8981005396677006,0.8679692120526845
0.8203592814371258,0.7355371900826446,0.7606837606837606,0.7478991596638656,0.9203985978179527,0.895177563521953
0.811377245508982,0.7265625,0.768595041322314,0.7469879518072289,0.8980716253443528,0.8841411634433283
0.8532934131736527,0.7213114754098361,0.8543689320388349,0.7822222222222223,0.9319547766149707,0.9100475747920016
0.8502994011976048,0.6949152542372882,0.8541666666666666,0.7663551401869159,0.9295780812324931,0.9073484026079015
0.8203592814371258,0.6666666666666666,0.8349514563106796,0.7413793103448276,0.9145547009624679,0.8838568810996482
0.8293413173652695,0.6904761904761905,0.8285714285714286,0.7532467532467533,0.9250571844458306,0.9068648920392401
0.8383233532934131,0.7217391304347827,0.7904761904761904,0.7545454545454545,0.9232688708671242,0.896503153445393
0.8473053892215568,0.7941176470588235,0.7297297297297297,0.7605633802816901,0.9187977214883044,0.8896809588885648
0.8143712574850299,0.6296296296296297,0.7555555555555555,0.6868686868686869,0.8996357012750456,0.8475593879322995
0.7934131736526946,0.6440677966101694,0.7378640776699029,0.6877828054298643,0.9060227798091876,0.8634826775144159
0.8473053892215568,0.7295081967213115,0.8317757009345794,0.777292576419214,0.9355675408621187,0.9098942511956907
0.811377245508982,0.6377952755905512,0.826530612244898,0.72,0.9221290210999654,0.8849884659106946
0.8353293413173652,0.7372881355932204,0.7837837837837838,0.759825327510917,0.9097079141922191,0.8884951291893084
0.8772455089820359,0.825,0.8319327731092437,0.8284518828451883,0.9445378151260505,0.9355164965057481
0.8053892215568862,0.6837606837606838,0.7407407407407407,0.7111111111111111,0.8933546378236644,0.8666954416416663
0.8502994011976048,0.7424242424242424,0.8596491228070176,0.7967479674796748,0.9435406698564592,0.9294026514903814
0.8353293413173652,0.7580645161290323,0.7899159663865546,0.7736625514403292,0.905530584326754,0.8898095240459863
0.8263473053892215,0.6946564885496184,0.8348623853211009,0.7583333333333333,0.9113965341488277,0.8890865075725668
0.8233532934131736,0.7226277372262774,0.825,0.7704280155642024,0.9154984423676013,0.9081775774841793
0.8143712574850299,0.704,0.7787610619469026,0.7394957983193278,0.9000920994674247,0.8866674802448784
0.8023952095808383,0.7321428571428571,0.6949152542372882,0.7130434782608696,0.8866133082234775,0.858241993056996
0.8473053892215568,0.7663551401869159,0.7592592592592593,0.7627906976744186,0.9036791215994755,0.8910939658594524
0.8203592814371258,0.6992481203007519,0.8230088495575221,0.7560975609756098,0.9181516037320305,0.9047838657191623
0.8353293413173652,0.7014925373134329,0.8623853211009175,0.7736625514403292,0.9381855249745158,0.9181918505034289
0.8473053892215568,0.7363636363636363,0.7864077669902912,0.7605633802816901,0.9110662799983189,0.8779324884866432
0.8532934131736527,0.7317073170731707,0.8490566037735849,0.7860262008733624,0.9330105925190334,0.9179253008453199
0.8413173652694611,0.75,0.7706422018348624,0.7601809954751131,0.9020998980632009,0.8872065030195012
0.8203592814371258,0.65,0.8125,0.7222222222222222,0.9204306722689076,0.8725941030795881
0.844311377245509,0.7131782945736435,0.8598130841121495,0.7796610169491526,0.9390258964963565,0.9160334968470821
0.8323353293413174,0.8045112781954887,0.781021897810219,0.7925925925925926,0.920189706917633,0.9165229832547195
0.8413173652694611,0.7217391304347827,0.7980769230769231,0.7579908675799086,0.9174749163879597,0.8832930944931955
0.8173652694610778,0.697841726618705,0.8362068965517241,0.7607843137254902,0.9234419487503954,0.9110768870224903
0.8562874251497006,0.725,0.8529411764705882,0.7837837837837838,0.9448106828938472,0.9170146760761738
0.8413173652694611,0.7457627118644068,0.7927927927927928,0.7685589519650655,0.9294630953823779,0.90334025084953
0.8502994011976048,0.7401574803149606,0.8468468468468469,0.7899159663865546,0.9273219407748556,0.9150021790195487
0.8353293413173652,0.652542372881356,0.8461538461538461,0.7368421052631579,0.937276715054493,0.90811016039733
0.8532934131736527,0.7416666666666667,0.8317757009345794,0.7841409691629956,0.9246984231545144,0.9006300886238384
0.8353293413173652,0.7321428571428571,0.7663551401869159,0.7488584474885844,0.9053480999629462,0.8873075475107184
0.8682634730538922,0.782608695652174,0.8256880733944955,0.8035714285714286,0.9502548419979613,0.9232145363569083
0.844311377245509,0.7479674796747967,0.8141592920353983,0.7796610169491526,0.932647259039763,0.9180041625278004
0.8383233532934131,0.7008547008547008,0.8118811881188119,0.7522935779816514,0.9220668848000679,0.8929465634486288
0.8383233532934131,0.7615384615384615,0.8114754098360656,0.7857142857142857,0.9202752861119703,0.9096011595976202
0.8323353293413174,0.6036036036036037,0.8481012658227848,0.7052631578947368,0.9184413005708613,0.8753568800083076
0.8592814371257484,0.7166666666666667,0.8686868686868687,0.7853881278538812,0.9186761229314422,0.8789881203619099
0.8293413173652695,0.6666666666666666,0.8,0.7272727272727273,0.9175512001761728,0.8829050811742374
0.844311377245509,0.7272727272727273,0.822429906542056,0.7719298245614035,0.922516365432912,0.8917425463437557
0.7904191616766467,0.6228070175438597,0.7244897959183674,0.6698113207547169,0.8806641300588032,0.8399080726973032
0.8173652694610778,0.6612903225806451,0.8118811881188119,0.7288888888888889,0.9187523902604854,0.8873885574812688
0.8263473053892215,0.6929133858267716,0.822429906542056,0.7521367521367521,0.9397258018032855,0.9192676086152181
0.8203592814371258,0.6666666666666666,0.7755102040816326,0.7169811320754716,0.8964026288481495,0.859476311557308
0.811377245508982,0.672566371681416,0.7450980392156863,0.7069767441860465,0.9000591615956728,0.8612662585285236
0.8083832335329342,0.7209302325581395,0.768595041322314,0.744,0.9125053350405462,0.8989419848801112
0.8592814371257484,0.7593984962406015,0.8706896551724138,0.8112449799196787,0.9401692502372667,0.9230690830476829
0.8622754491017964,0.7522935779816514,0.8118811881188119,0.780952380952381,0.9431011770704967,0.918958346188192
0.8413173652694611,0.7378640776699029,0.7450980392156863,0.7414634146341463,0.9139198782961461,0.8752002018731946
0.8383233532934131,0.7076923076923077,0.8518518518518519,0.773109243697479,0.9373156342182891,0.9045304194203194
0.8652694610778443,0.7398373983739838,0.875,0.801762114537445,0.9438545150501672,0.9323961019262138
0.8263473053892215,0.6695652173913044,0.7938144329896907,0.7264150943396226,0.909304449954326,0.8664455651750739
0.844311377245509,0.7401574803149606,0.831858407079646,0.7833333333333333,0.9216754094421975,0.9065964228939275
0.8413173652694611,0.6428571428571429,0.8470588235294118,0.7309644670050761,0.9224190881171745,0.8732981187697182
0.8772455089820359,0.7387387387387387,0.8723404255319149,0.8,0.9522163120567375,0.9150285432660776
0.8413173652694611,0.6810344827586207,0.8315789473684211,0.7488151658767772,0.9308962783527857,0.9052432868061179
0.8203592814371258,0.7384615384615385,0.7868852459016393,0.7619047619047619,0.9152876585214971,0.9023508934515696
0.8233532934131736,0.7578125,0.776,0.766798418972332,0.9198086124401914,0.9029743461344292
0.8772455089820359,0.7477477477477478,0.8645833333333334,0.8019323671497585,0.9374562324929971,0.9136719647938161
0.8323353293413174,0.6761904761904762,0.7634408602150538,0.7171717171717171,0.9312898764110114,0.8812419564530016
0.8353293413173652,0.6923076923076923,0.8571428571428571,0.7659574468085106,0.9169889789977126,0.8826882492258818
0.8682634730538922,0.7570093457943925,0.8181818181818182,0.7864077669902912,0.9236621534493874,0.8996553421158123
0.8502994011976048,0.732824427480916,0.8648648648648649,0.7933884297520661,0.941825233305054,0.9244920080444844
0.8383233532934131,0.7235772357723578,0.8165137614678899,0.7672413793103449,0.9205708460754333,0.8976740038121837
0.844311377245509,0.7547169811320755,0.7547169811320755,0.7547169811320755,0.9092188017212843,0.882408412373175
0.8353293413173652,0.717391304347826,0.8608695652173913,0.782608695652174,0.9371451260671034,0.9232448272482845
0.7934131736526946,0.6902654867256637,0.6964285714285714,0.6933333333333334,0.8976833976833977,0.8541031149672216
0.8502994011976048,0.7391304347826086,0.8095238095238095,0.7727272727272727,0.9317113745061344,0.9065290190790046
0.8622754491017964,0.71900826446281,0.8787878787878788,0.7909090909090909,0.9428325811304535,0.9222000847378344
0.8652694610778443,0.746031746031746,0.8785046728971962,0.8068669527896996,0.9445427971509737,0.9278008270970869
0.8353293413173652,0.7068965517241379,0.7961165048543689,0.7488584474885844,0.9147228176354391,0.8883994669706206
0.844311377245509,0.7387387387387387,0.780952380952381,0.7592592592592593,0.9327510917030568,0.8972603903435306
0.811377245508982,0.6752136752136753,0.7596153846153846,0.7149321266968326,0.9069816053511706,0.8762404980750981
0.8323353293413174,0.7716535433070866,0.784,0.7777777777777778,0.911846889952153,0.9048978162285318
0.8353293413173652,0.7424242424242424,0.8235294117647058,0.7808764940239044,0.9200703537228845,0.9008646309745009
0.8473053892215568,0.6923076923076923,0.84375,0.7605633802816901,0.9231004901960784,0.8987260061503829
0.8203592814371258,0.7222222222222222,0.7222222222222222,0.7222222222222222,0.8551704359226483,0.8372295953042067
0.8532934131736527,0.7615384615384615,0.8461538461538461,0.8016194331983806,0.953759502146599,0.9338017495019132
0.8502994011976048,0.7903225806451613,0.8032786885245902,0.7967479674796748,0.9297479121558924,0.9149600232638759
0.8143712574850299,0.7559055118110236,0.7559055118110236,0.7559055118110236,0.9004906995321237,0.8940910643879884
0.7964071856287425,0.6390977443609023,0.8095238095238095,0.7142857142857143,0.9187772925764193,0.8880581081020098
0.8383233532934131,0.7413793103448276,0.7818181818181819,0.7610619469026548,0.9138798701298702,0.8943785897684055
0.8383233532934131,0.7521367521367521,0.7787610619469026,0.7652173913043478,0.908341008288952,0.8821142901179715
0.8532934131736527,0.7079646017699115,0.8333333333333334,0.7655502392344498,0.9308473389355743,0.9043116476559875
0.7904191616766467,0.65625,0.7636363636363637,0.7058823529411765,0.884090909090909,0.8567811455908653
0.8413173652694611,0.7272727272727273,0.8148148148148148,0.7685589519650655,0.9206817436905932,0.8949007695170127
0.8532934131736527,0.7571428571428571,0.8760330578512396,0.8122605363984674,0.9438559733053972,0.9361106684971844
0.8532934131736527,0.7033898305084746,0.8556701030927835,0.772093023255814,0.9184392535560484,0.8954327726234022
0.8293413173652695,0.7226890756302521,0.7818181818181819,0.7510917030567685,0.9215097402597403,0.8839776141341184
0.8413173652694611,0.7355371900826446,0.8090909090909091,0.7705627705627706,0.9285714285714286,0.9070697128417481
0.8293413173652695,0.7027027027027027,0.7647058823529411,0.7323943661971831,0.903101757944557,0.8750228238168613
0.8293413173652695,0.7155963302752294,0.75,0.7323943661971831,0.9056856187290969,0.8694543072444215
0.844311377245509,0.7767857142857143,0.7631578947368421,0.7699115044247787,0.9156698564593302,0.8956091857497771
0.8323353293413174,0.7,0.8076923076923077,0.75,0.9183110367892976,0.8973355806866784
0.8143712574850299,0.6829268292682927,0.7850467289719626,0.7304347826086957,0.9001193956111819,0.8797115076178599
0.8562874251497006,0.796875,0.8225806451612904,0.8095238095238095,0.9163594470046083,0.9116032535804529
0.8293413173652695,0.7166666666666667,0.7889908256880734,0.7510917030567685,0.9153516819571865,0.8943694669300779
0.8323353293413174,0.696,0.8285714285714286,0.7565217391304347,0.9084217092950717,0.8925914588000898
0.8473053892215568,0.7109375,0.8666666666666667,0.7811158798283262,0.9333333333333333,0.913726158072162
0.8473053892215568,0.7545454545454545,0.7757009345794392,0.7649769585253456,0.9327267487339947,0.9074038605373587
0.8562874251497006,0.7883211678832117,0.8503937007874016,0.8181818181818182,0.9320248012476702,0.9270236505540412
0.8083832335329342,0.6386554621848739,0.7835051546391752,0.7037037037037037,0.9106094218974292,0.8668557724838234
0.8293413173652695,0.7637795275590551,0.782258064516129,0.7729083665338645,0.9110983102918586,0.9003427260189463
0.8383233532934131,0.7435897435897436,0.7837837837837838,0.7631578947368421,0.9280491253585423,0.9025624126443336
0.8473053892215568,0.7846153846153846,0.816,0.8,0.9261244019138756,0.9099016830298694
0.8023952095808383,0.6363636363636364,0.7777777777777778,0.7,0.9026004728132387,0.8653398259720136
0.8233532934131736,0.7307692307692307,0.7983193277310925,0.7630522088353414,0.9328512800469024,0.9098148697745798
0.8323353293413174,0.7795275590551181,0.7795275590551181,0.7795275590551181,0.8981322986800563,0.8858631737713204
0.8293413173652695,0.704,0.8148148148148148,0.7553648068669528,0.9059324811537202,0.8881120422879214
0.8203592814371258,0.680672268907563,0.7864077669902912,0.7297297297297297,0.9079561215483545,0.8779100729566055
0.8023952095808383,0.6470588235294118,0.7623762376237624,0.7,0.8772787149959631,0.8431236795916818
0.8652694610778443,0.7741935483870968,0.8495575221238938,0.810126582278481,0.9390942217595002,0.9233960893944216
0.8143712574850299,0.6949152542372882,0.7592592592592593,0.7256637168141593,0.9010570304818092,0.8720653683710652
0.8233532934131736,0.6923076923076923,0.7788461538461539,0.7330316742081447,0.893185618729097,0.8712779420891664
0.8173652694610778,0.6446280991735537,0.8125,0.7188940092165899,0.8959208683473389,0.8740703838969064
0.8353293413173652,0.7672413793103449,0.7606837606837606,0.7639484978540773,0.9159478514317223,0.8997986797122643
0.8473053892215568,0.7345132743362832,0.7980769230769231,0.7649769585253456,0.9360367892976589,0.9007812344975853
0.8323353293413174,0.7142857142857143,0.8181818181818182,0.7627118644067796,0.9287337662337662,0.9079272283801013
0.8383233532934131,0.7575757575757576,0.819672131147541,0.7874015748031497,0.9145143829260749,0.9051393586936993
0.8233532934131736,0.6239316239316239,0.8295454545454546,0.7121951219512195,0.9182372505543236,0.8619446738157064
0.8473053892215568,0.7711864406779662,0.7913043478260869,0.7811158798283262,0.9130831844351797,0.8941367523354962
0.8173652694610778,0.751937984496124,0.7698412698412699,0.7607843137254902,0.9103708791208791,0.8959842801099513
0.8293413173652695,0.7142857142857143,0.7870370370370371,0.748898678414097,0.9217879383808588,0.8948536079924387
0.8083832335329342,0.648854961832061,0.8252427184466019,0.7264957264957265,0.9100575799604926,0.8740176338874177
0.8203592814371258,0.6349206349206349,0.851063829787234,0.7272727272727273,0.9231382978723405,0.8966307985194105
0.8473053892215568,0.7264957264957265,0.8173076923076923,0.7692307692307693,0.9272157190635452,0.8970953665530715
0.8173652694610778,0.7310924369747899,0.75,0.7404255319148936,0.9079009807023094,0.8863922048895118
0.8293413173652695,0.6942148760330579,0.8076923076923077,0.7466666666666667,0.9150083612040134,0.8821595294975583
0.8473053892215568,0.7698412698412699,0.8151260504201681,0.7918367346938775,0.9319914012116475,0.911262469941137
0.8532934131736527,0.7559055118110236,0.8421052631578947,0.7966804979253111,0.9191387559808613,0.9129632300610041
0.8652694610778443,0.7545454545454545,0.8217821782178217,0.7867298578199052,0.9312029915437894,0.9071624794462136
0.8203592814371258,0.6724137931034483,0.78,0.7222222222222222,0.8986752136752136,0.8691033645100363
0.8532934131736527,0.7,0.8279569892473119,0.7586206896551724,0.9407040556819704,0.9034510388687336
0.8233532934131736,0.6724137931034483,0.7878787878787878,0.7255813953488373,0.8946915968192565,0.860909418609888
0.8562874251497006,0.7890625,0.8278688524590164,0.808,0.9320677389421591,0.9195239994156931
0.8293413173652695,0.7168141592920354,0.7641509433962265,0.7397260273972602,0.873551804038398,0.8611730674672197
0.8233532934131736,0.6956521739130435,0.7692307692307693,0.730593607305936,0.904933110367893,0.8835247165329227
0.8562874251497006,0.7522935779816514,0.7961165048543689,0.7735849056603774,0.9166561593746059,0.8862924554210156
0.8383233532934131,0.7318840579710145,0.8559322033898306,0.7890625,0.9426004394224733,0.9244829275965606
0.8203592814371258,0.6491228070175439,0.7872340425531915,0.7115384615384616,0.9090425531914893,0.8527236581948541
0.8353293413173652,0.71875,0.8288288288288288,0.7698744769874477,0.9215448632488992,0.8973168764957712
0.8293413173652695,0.75,0.7815126050420168,0.7654320987654321,0.9049443033027165,0.8858354958737376
0.8263473053892215,0.680327868852459,0.8137254901960784,0.7410714285714286,0.9164131169709263,0.8760092552404988
0.8682634730538922,0.8032786885245902,0.8305084745762712,0.8166666666666667,0.9273775894538605,0.9156862443699101
0.8233532934131736,0.6821705426356589,0.8301886792452831,0.7489361702127659,0.9255213505461768,0.9021036726923275
0.8023952095808383,0.751937984496124,0.7404580152671756,0.7461538461538462,0.8961004775692851,0.8856698332991085
0.8532934131736527,0.7217391304347827,0.83,0.772093023255814,0.9192735042735043,0.8949440374236591
0.874251497005988,0.7727272727272727,0.8333333333333334,0.8018867924528302,0.9590094658553076,0.9309299966716752
0.8203592814371258,0.7372881355932204,0.75,0.7435897435897436,0.8882869345143942,0.8730692515827867
0.8293413173652695,0.6410256410256411,0.8333333333333334,0.7246376811594203,0.9258652094717668,0.8947831450967262
0.844311377245509,0.7350427350427351,0.8037383177570093,0.7678571428571429,0.9220223146280209,0.8951205867452514
0.8383233532934131,0.7744360902255639,0.8110236220472441,0.7923076923076923,0.9176081250713226,0.903049381715238
0.8173652694610778,0.6384615384615384,0.8556701030927835,0.7312775330396476,0.9191787376571403,0.9002150176458321
0.8532934131736527,0.7413793103448276,0.819047619047619,0.7782805429864253,0.9023913495529217,0.8794112132297233
0.8353293413173652,0.7107438016528925,0.8113207547169812,0.7577092511013216,0.9174114531612049,0.8971898085185459
0.8473053892215568,0.75,0.7714285714285715,0.7605633802816901,0.9148679559159909,0.883439159660122
0.7994011976047904,0.6715328467153284,0.8070175438596491,0.7330677290836654,0.9112041467304625,0.8923935163057207
0.8383233532934131,0.7446808510638298,0.8536585365853658,0.7954545454545454,0.9373482834354411,0.9276425709896305
0.8263473053892215,0.7209302325581395,0.808695652173913,0.7622950819672131,0.920349414333929,0.9076460904142948
0.8413173652694611,0.7226277372262774,0.868421052631579,0.7888446215139442,0.9359649122807019,0.9248468980453325
0.8233532934131736,0.7384615384615385,0.7933884297520661,0.7649402390438247,0.9152601559771856,0.9021277357212272
0.8473053892215568,0.736,0.8363636363636363,0.7829787234042553,0.9196834415584416,0.9019008958326531
0.8413173652694611,0.7786885245901639,0.7851239669421488,0.7818930041152263,0.9236410196717495,0.9025923933449022
0.8592814371257484,0.744,0.8611111111111112,0.7982832618025751,0.938380858734841,0.922279113989677
0.8383233532934131,0.7982456140350878,0.7459016393442623,0.7711864406779662,0.9146303742653881,0.8951691901337815
0.8652694610778443,0.7983870967741935,0.8319327731092437,0.8148148148148148,0.9473519640414305,0.9296922624820168
0.8473053892215568,0.7441860465116279,0.8421052631578947,0.7901234567901234,0.9237639553429028,0.9079019185500848
0.844311377245509,0.7169811320754716,0.7755102040816326,0.7450980392156863,0.904098927706676,0.8674010828492607
0.8502994011976048,0.7289719626168224,0.7878787878787878,0.7572815533980582,0.9235332043842682,0.8959507906336284
0.8233532934131736,0.7083333333333334,0.7798165137614679,0.74235807860262,0.8881141692150867,0.8647682200117648
0.8083832335329342,0.6984126984126984,0.7719298245614035,0.7333333333333333,0.9057814992025518,0.87075000078586
0.8413173652694611,0.7024793388429752,0.8333333333333334,0.7623318385650224,0.9306541582150102,0.9030814308112421
0.8233532934131736,0.7130434782608696,0.7592592592592593,0.7354260089686099,0.9084316617502459,0.8808640100226948
0.8023952095808383,0.7248322147651006,0.8120300751879699,0.7659574468085106,0.8943253656529382,0.8947580766060306
0.8383233532934131,0.7083333333333334,0.8173076923076923,0.7589285714285714,0.9191889632107023,0.8924587991705989
0.8233532934131736,0.7583333333333333,0.7520661157024794,0.7551867219917012,0.89733441974159,0.8852939092815943
0.8473053892215568,0.7520661157024794,0.8125,0.7811158798283262,0.9001367438867439,0.8847986212410931
0.8323353293413174,0.7299270072992701,0.8403361344537815,0.78125,0.9192495602892319,0.9121019421728392
0.8293413173652695,0.7034482758620689,0.8793103448275862,0.7816091954022989,0.9336444163239481,0.9184181344437529
0.8473053892215568,0.7333333333333333,0.822429906542056,0.775330396475771,0.9048128782576474,0.8792000194334124
0.874251497005988,0.8110236220472441,0.8512396694214877,0.8306451612903226,0.9556900632444806,0.9452981015496569
0.9101796407185628,0.8367346938775511,0.8541666666666666,0.845360824742268,0.9514180672268908,0.9285077501351151
0.8233532934131736,0.7394957983193278,0.7586206896551724,0.7489361702127659,0.9021274913002215,0.8814097645453705
0.8622754491017964,0.7886178861788617,0.8290598290598291,0.8083333333333333,0.9367442593249045,0.9171914819874911
0.8293413173652695,0.6964285714285714,0.7722772277227723,0.7323943661971831,0.906131814898228,0.8814510707591116
0.8233532934131736,0.706766917293233,0.8245614035087719,0.7611336032388664,0.9098086124401914,0.8902188992691168
0.8353293413173652,0.72,0.8181818181818182,0.7659574468085106,0.933198051948052,0.911919021375025
0.8413173652694611,0.6942148760330579,0.84,0.7601809954751131,0.9308119658119658,0.9086101222824995
0.8502994011976048,0.7741935483870968,0.8135593220338984,0.7933884297520661,0.9381669805398619,0.9259489210271492
0.8323353293413174,0.703125,0.8333333333333334,0.7627118644067796,0.9302277941658472,0.8956760267271379
0.8502994011976048,0.7741935483870968,0.8135593220338984,0.7933884297520661,0.9299670433145011,0.9204781252777222
0.8532934131736527,0.7521367521367521,0.8148148148148148,0.7822222222222223,0.9370288430022944,0.9151300318196057
0.8233532934131736,0.7096774193548387,0.7927927927927928,0.7489361702127659,0.9120510645174322,0.8909996696218192
0.8532934131736527,0.7209302325581395,0.8773584905660378,0.7914893617021277,0.9441823899371069,0.932303865861638
0.8233532934131736,0.7394957983193278,0.7586206896551724,0.7489361702127659,0.9083359696298638,0.8885971710417301
0.8413173652694611,0.7090909090909091,0.7878787878787878,0.7464114832535885,0.9197936814958092,0.8715174956767385
0.8173652694610778,0.6571428571428571,0.7340425531914894,0.6934673366834171,0.9045656028368794,0.849975194939435
0.8083832335329342,0.6587301587301587,0.7980769230769231,0.7217391304347827,0.8836956521739131,0.8629286463202602
0.8353293413173652,0.7518248175182481,0.8306451612903226,0.789272030651341,0.9292626728110599,0.9151363704425015
0.844311377245509,0.7142857142857143,0.8252427184466019,0.7657657657657657,0.9379649476736855,0.9129738001446358
0.8173652694610778,0.6640625,0.8252427184466019,0.7359307359307359,0.9197663178245703,0.8924292486646629
0.8293413173652695,0.6851851851851852,0.7628865979381443,0.7219512195121951,0.9013006220366262,0.8634427980207043
0.8143712574850299,0.6953125,0.7946428571428571,0.7416666666666667,0.9033944658944659,0.8819421718877195
0.8502994011976048,0.7716535433070866,0.8235294117647058,0.7967479674796748,0.9310142661715848,0.9233889555987607
0.8323353293413174,0.711864406779661,0.7924528301886793,0.75,0.9281281032770605,0.9020344261649683
0.8532934131736527,0.7565217391304347,0.8055555555555556,0.7802690582959642,0.9337512291052115,0.9057436591240801
0.811377245508982,0.672,0.7924528301886793,0.7272727272727273,0.9080602449520027,0.8849808162543848
0.8143712574850299,0.7156862745098039,0.6886792452830188,0.7019230769230769,0.883234028467395,0.8548178673278306
0.8233532934131736,0.6779661016949152,0.7920792079207921,0.730593607305936,0.9114435048655081,0.8737556650262327
0.8473053892215568,0.7377049180327869,0.8256880733944955,0.7792207792207793,0.94230377166157,0.9252503093720134
0.8353293413173652,0.7593984962406015,0.8145161290322581,0.7859922178988327,0.9237327188940092,0.9080540270136109
0.8203592814371258,0.7142857142857143,0.811965811965812,0.76,0.9121666863602349,0.8983057103750105
0.8502994011976048,0.7586206896551724,0.88,0.8148148148148148,0.9412057416267943,0.9348240484076754
0.8323353293413174,0.752,0.7899159663865546,0.7704918032786885,0.9307406683603673,0.9118879813374007
0.8263473053892215,0.7226890756302521,0.7747747747747747,0.7478260869565218,0.8936694542075708,0.8790316511940743
0.8233532934131736,0.7096774193548387,0.7927927927927928,0.7489361702127659,0.9235648204258069,0.9023475641743403
0.8233532934131736,0.7611940298507462,0.7906976744186046,0.7756653992395437,0.9235772357723577,0.9137165380688339
0.8383233532934131,0.7258064516129032,0.8181818181818182,0.7692307692307693,0.8986607142857143,0.8807949041725316
0.8532934131736527,0.7350427350427351,0.8269230769230769,0.7782805429864253,0.9230769230769229,0.9009125312008529
0.8323353293413174,0.6607142857142857,0.8043478260869565,0.7254901960784313,0.9040603665109593,0.8609801592797017
0.8083832335329342,0.6846846846846847,0.7238095238095238,0.7037037037037037,0.8887502599292992,0.8577922254353785
0.8143712574850299,0.7017543859649122,0.7407407407407407,0.7207207207207207,0.9126106194690266,0.8797433557677543
0.8233532934131736,0.72,0.7894736842105263,0.7531380753138075,0.899481658692185,0.8715087074292491
0.844311377245509,0.6574074074074074,0.8255813953488372,0.7319587628865979,0.9389534883720931,0.887163692873284
0.8233532934131736,0.6666666666666666,0.7708333333333334,0.714975845410628,0.8932948179271709,0.854257729699331
0.8293413173652695,0.7024793388429752,0.8018867924528302,0.748898678414097,0.9290797749089705,0.9055293825754099
0.8203592814371258,0.6535433070866141,0.8383838383838383,0.7345132743362832,0.9147646679561573,0.8906361711526334
0.844311377245509,0.7322834645669292,0.8378378378378378,0.7815126050420168,0.9401688684199895,0.9103526853315986
0.8383233532934131,0.7295081967213115,0.8090909090909091,0.7672413793103449,0.9191558441558441,0.893074680142973
0.844311377245509,0.7327586206896551,0.8018867924528302,0.7657657657657657,0.9186941410129097,0.891583869893546
0.8682634730538922,0.7456140350877193,0.85,0.794392523364486,0.94017094017094,0.9257920747082851
0.8293413173652695,0.7227722772277227,0.7156862745098039,0.7192118226600985,0.9082995267072346,0.8560069444520643
0.8413173652694611,0.7022900763358778,0.8679245283018868,0.7763713080168776,0.9426100628930818,0.9179470370085296
0.8203592814371258,0.6615384615384615,0.8431372549019608,0.7413793103448276,0.9203853955375253,0.8990031031662984
0.8323353293413174,0.72,0.8108108108108109,0.7627118644067796,0.9232416272775017,0.9041923552856728
0.8383233532934131,0.6722689075630253,0.8421052631578947,0.7476635514018691,0.9180356749614623,0.8855359447271316
0.8293413173652695,0.76,0.7786885245901639,0.7692307692307693,0.9198113207547169,0.9123589484342491
0.8233532934131736,0.6869565217391305,0.7745098039215687,0.728110599078341,0.9122295469912103,0.8826006297709265
0.8263473053892215,0.7053571428571429,0.7596153846153846,0.7314814814814815,0.8875836120401338,0.8664324561779158
0.844311377245509,0.743801652892562,0.8108108108108109,0.7758620689655172,0.9331394174443501,0.9091111515935838
0.8592814371257484,0.7008547008547008,0.8723404255319149,0.7772511848341233,0.9500886524822694,0.9183302800623973
0.8473053892215568,0.7542372881355932,0.8018018018018018,0.777292576419214,0.9259483698945581,0.8979979075815556
0.8383233532934131,0.676923076923077,0.88,0.7652173913043478,0.9264102564102564,0.8949497628994062
0.8263473053892215,0.6814814814814815,0.8598130841121495,0.7603305785123967,0.9239573469471778,0.9099265997581669
0.8323353293413174,0.6692913385826772,0.8585858585858586,0.7522123893805309,0.9246507629486354,0.8946270309429641
0.8323353293413174,0.7217391304347827,0.7757009345794392,0.7477477477477478,0.9256865247642966,0.8945336281246778
0.8353293413173652,0.7445255474452555,0.8360655737704918,0.7876447876447876,0.938408598824621,0.9221656573342731
0.8173652694610778,0.6864406779661016,0.7714285714285715,0.726457399103139,0.9081305884799336,0.8753905864087368
0.7934131736526946,0.6744186046511628,0.7631578947368421,0.7160493827160493,0.8837719298245613,0.8653289842482201
0.8203592814371258,0.6388888888888888,0.7666666666666667,0.696969696969697,0.9039162112932604,0.8511502734106798
0.8353293413173652,0.6967213114754098,0.8252427184466019,0.7555555555555555,0.9148489051401674,0.8872354866008879
0.8562874251497006,0.7184466019417476,0.7956989247311828,0.7551020408163265,0.9115691786017044,0.8735067202230348
0.8502994011976048,0.7132352941176471,0.8981481481481481,0.7950819672131147,0.9579646017699115,0.9279151741879172
0.7904191616766467,0.591304347826087,0.7472527472527473,0.6601941747572816,0.8805227694116582,0.8413790092485406
0.8712574850299402,0.75,0.8484848484848485,0.7962085308056872,0.9201805286911671,0.904420488657502
0.844311377245509,0.7053571428571429,0.8061224489795918,0.7523809523809524,0.9151677620200622,0.8853917660665662
0.8353293413173652,0.75,0.8067226890756303,0.7773279352226721,0.9217901113933946,0.9102688524681728
0.8083832335329342,0.6614173228346457,0.8,0.7241379310344828,0.9288417550426284,0.8977685324791442
0.8053892215568862,0.664,0.7830188679245284,0.7186147186147186,0.9209698775239986,0.8875782779062124
0.874251497005988,0.782608695652174,0.8411214953271028,0.8108108108108109,0.9295154185022027,0.9076691466390504
0.8532934131736527,0.7910447761194029,0.8346456692913385,0.8122605363984674,0.9242649016698999,0.9190183402454363
0.8562874251497006,0.7521367521367521,0.822429906542056,0.7857142857142857,0.9333031413397012,0.9071042602172025
0.8502994011976048,0.7238095238095238,0.7835051546391752,0.7524752475247525,0.9121318891643829,0.8546290649005268
0.844311377245509,0.6974789915966386,0.8383838383838383,0.7614678899082569,0.9369868901783796,0.9055113310997747
0.8173652694610778,0.7264957264957265,0.7456140350877193,0.7359307359307359,0.8889553429027113,0.8678798214554873
0.8383233532934131,0.7203389830508474,0.8018867924528302,0.7589285714285714,0.9437686196623635,0.9172391148067318
0.8473053892215568,0.7479674796747967,0.8214285714285714,0.7829787234042553,0.9402750965250966,0.9131157608474662
0.8053892215568862,0.689922480620155,0.7807017543859649,0.7325102880658436,0.8989633173843701,0.8621054263413241
0.8413173652694611,0.7583333333333333,0.7913043478260869,0.774468085106383,0.9181655747468732,0.9004151578891058
0.8173652694610778,0.7258064516129032,0.7692307692307693,0.7468879668049793,0.9067312615699713,0.8931777788317521
0.8083832335329342,0.680672268907563,0.7570093457943925,0.7168141592920354,0.8970727489810202,0.8650232984658133
0.8173652694610778,0.680672268907563,0.7788461538461539,0.726457399103139,0.8988294314381271,0.8692854639585351
0.8023952095808383,0.628099173553719,0.7835051546391752,0.6972477064220184,0.8944277698029492,0.8615663862130956
0.7964071856287425,0.6363636363636364,0.7623762376237624,0.6936936936936937,0.8895593422003144,0.8536803858284204
0.8173652694610778,0.7181818181818181,0.7247706422018348,0.7214611872146118,0.8633639143730887,0.8462366655052512
0.811377245508982,0.6610169491525424,0.7722772277227723,0.7123287671232876,0.8918964857859176,0.8591673328340179
0.8502994011976048,0.765625,0.8305084745762712,0.7967479674796748,0.9286330822347773,0.913393602006888
0.8203592814371258,0.6796875,0.8207547169811321,0.7435897435897436,0.9208871234690499,0.8919351967829344
0.8203592814371258,0.6442307692307693,0.7444444444444445,0.6907216494845361,0.9185336976320582,0.8620069292558626
0.8233532934131736,0.7230769230769231,0.8034188034188035,0.7611336032388664,0.9195714679585648,0.9050692250259971
0.8413173652694611,0.7322834645669292,0.8303571428571429,0.7782426778242678,0.9186776061776063,0.9002113983524263
0.8562874251497006,0.7272727272727273,0.8543689320388349,0.7857142857142857,0.9463707813222376,0.9203514463309849
0.844311377245509,0.7424242424242424,0.8448275862068966,0.7903225806451613,0.93028313824739,0.9154100501437625
0.8353293413173652,0.751937984496124,0.8083333333333333,0.7791164658634538,0.9112149532710281,0.9036107013207043
0.8502994011976048,0.8031496062992126,0.8031496062992126,0.8031496062992126,0.927878580394842,0.9153136342836699
0.8203592814371258,0.7086614173228346,0.7964601769911505,0.75,0.9041364673847756,0.886727312793407
0.8652694610778443,0.7751937984496124,0.8620689655172413,0.8163265306122449,0.9406833280607402,0.928788818419873
0.781437125748503,0.7222222222222222,0.7591240875912408,0.7402135231316725,0.8882878209640964,0.8863315185361711
0.8532934131736527,0.75,0.8495575221238938,0.7966804979253111,0.9307652264445602,0.9198655509574029
0.8233532934131736,0.6985294117647058,0.8407079646017699,0.7630522088353414,0.9140271493212669,0.897466104021224
0.8383233532934131,0.7637795275590551,0.8016528925619835,0.782258064516129,0.9353199084313042,0.9228862986147146
0.8562874251497006,0.7155172413793104,0.8469387755102041,0.7757009345794392,0.9151245243860257,0.8987618221010645
0.8592814371257484,0.7846153846153846,0.8429752066115702,0.8127490039840638,0.9478524036782681,0.9338116477198297
0.8293413173652695,0.68,0.8333333333333334,0.748898678414097,0.9356406355645706,0.9040652986072771
0.8473053892215568,0.743801652892562,0.8181818181818182,0.7792207792207793,0.9273133116883118,0.899707018719499
0.781437125748503,0.6666666666666666,0.6964285714285714,0.6812227074235808,0.8639398326898328,0.8397015230847731
0.8323353293413174,0.7094017094017094,0.7904761904761904,0.7477477477477478,0.9174880432522354,0.8893896259354029
0.844311377245509,0.7196969696969697,0.8636363636363636,0.7851239669421488,0.948538961038961,0.9331524165028762
0.8413173652694611,0.782258064516129,0.7886178861788617,0.7854251012145749,0.912649790005009,0.9066419847781638
0.8682634730538922,0.775,0.8454545454545455,0.808695652173913,0.946387987012987,0.9277579496094552
0.8323353293413174,0.7570093457943925,0.7297297297297297,0.7431192660550459,0.9080919484506929,0.8831879844994404
0.844311377245509,0.6782608695652174,0.8387096774193549,0.75,0.9244188640521127,0.8963643475145007
0.8203592814371258,0.7153846153846154,0.8017241379310345,0.7560975609756098,0.9207529262891491,0.8947476912024402
0.8173652694610778,0.6601941747572816,0.723404255319149,0.6903553299492385,0.8773492907801419,0.8382709454966665
0.8383233532934131,0.7355371900826446,0.8018018018018018,0.7672413793103449,0.9218276572536663,0.8939908583040104
0.8562874251497006,0.7741935483870968,0.8275862068965517,0.8,0.9301249604555522,0.9149614262081022
0.8053892215568862,0.6929133858267716,0.7719298245614035,0.7302904564315352,0.8870015948963317,0.8719951217164954
0.8173652694610778,0.6697247706422018,0.7448979591836735,0.7053140096618358,0.8852040816326531,0.8511259786181278
0.8233532934131736,0.6347826086956522,0.8111111111111111,0.7121951219512195,0.888023679417122,0.8530572930890692
0.811377245508982,0.6756756756756757,0.7352941176470589,0.704225352112676,0.8748309668695063,0.854004235343793
0.8173652694610778,0.732824427480916,0.7868852459016393,0.758893280632411,0.9197726569749458,0.9105800753029438
0.8473053892215568,0.7478260869565218,0.7962962962962963,0.7713004484304933,0.916912487708948,0.8980854037574284
0.8473053892215568,0.7117117117117117,0.8061224489795918,0.7559808612440191,0.9062608094085092,0.8730795710697955
0.8353293413173652,0.7142857142857143,0.7766990291262136,0.7441860465116279,0.9152271676543522,0.8890373522888302
0.8562874251497006,0.7837837837837838,0.7837837837837838,0.7837837837837838,0.9268775501959359,0.9114541843484747
0.844311377245509,0.7368421052631579,0.7924528301886793,0.7636363636363637,0.9371069182389937,0.9042861088892464
0.8413173652694611,0.744,0.8157894736842105,0.7782426778242678,0.9301435406698565,0.9159849467877216
0.7964071856287425,0.6324786324786325,0.7474747474747475,0.6851851851851852,0.8872555340640448,0.8555259021046615
0.8173652694610778,0.7241379310344828,0.7433628318584071,0.7336244541484717,0.8903215472710528,0.8669613613835697
0.8383233532934131,0.6864406779661016,0.826530612244898,0.75,0.9140003459010724,0.8795795076275399
0.8263473053892215,0.7058823529411765,0.7850467289719626,0.7433628318584071,0.9171229774795174,0.8896473435371441
0.8263473053892215,0.6956521739130435,0.7766990291262136,0.7339449541284404,0.92052284285294,0.8916037195259606
0.8383233532934131,0.6902654867256637,0.8041237113402062,0.7428571428571429,0.9232676497455304,0.8956319275355518
0.8023952095808383,0.6320754716981132,0.7127659574468085,0.67,0.8984042553191489,0.8315589265062326
0.8173652694610778,0.7256637168141593,0.7321428571428571,0.7288888888888889,0.9002171814671814,0.8712734795361776
0.8233532934131736,0.6776859504132231,0.803921568627451,0.7354260089686099,0.9052569303583502,0.8720827687103334
0.8353293413173652,0.7480916030534351,0.8166666666666667,0.7808764940239044,0.9245327102803738,0.9051007130846184
0.8293413173652695,0.7058823529411765,0.7924528301886793,0.7466666666666667,0.9311900033101622,0.8970124880582966
0.8323353293413174,0.6869565217391305,0.797979797979798,0.7383177570093458,0.9379325166559208,0.9030363141345191
0.844311377245509,0.6756756756756757,0.8241758241758241,0.7425742574257426,0.9326640437751549,0.8907682402590539
0.8323353293413174,0.7079646017699115,0.7766990291262136,0.7407407407407407,0.8926575043079898,0.8732068800482797
0.8473053892215568,0.7321428571428571,0.7961165048543689,0.7627906976744186,0.9302315807170176,0.8953938479551057
0.8353293413173652,0.7338709677419355,0.8053097345132744,0.7679324894514767,0.9292435830697152,0.9124347520120821
0.8263473053892215,0.7372881355932204,0.7631578947368421,0.75,0.8918660287081339,0.8688642689107009
0.8143712574850299,0.6339285714285714,0.7717391304347826,0.696078431372549,0.9236435501257636,0.8750521822119459
0.7994011976047904,0.6952380952380952,0.6759259259259259,0.6854460093896714,0.900114716486398,0.8539376199666627
0.8473053892215568,0.7372881355932204,0.8130841121495327,0.7733333333333333,0.9359792498661946,0.9063877679912533
0.8263473053892215,0.7121212121212122,0.8245614035087719,0.7642276422764228,0.9195773524720894,0.9024233492506055
0.8592814371257484,0.7256637168141593,0.8367346938775511,0.7772511848341233,0.9444396402628847,0.9156334662460786
0.8293413173652695,0.7068965517241379,0.780952380952381,0.7420814479638009,0.8913703472655439,0.8665556895498635
0.8293413173652695,0.7540983606557377,0.773109243697479,0.7634854771784232,0.9140512018760992,0.8946706468729799
0.811377245508982,0.7307692307692307,0.7723577235772358,0.7509881422924901,0.8946942549994221,0.8841559759806357
0.8652694610778443,0.75,0.8571428571428571,0.8,0.9313370763152423,0.9123503183212283
0.8263473053892215,0.7132352941176471,0.8362068965517241,0.7698412698412699,0.9214251819044607,0.9064432650873667
0.8562874251497006,0.7522123893805309,0.8095238095238095,0.7798165137614679,0.9344146392181327,0.9087878784591459
0.8263473053892215,0.7295081967213115,0.7807017543859649,0.7542372881355932,0.895414673046252,0.8813611066616784
0.8473053892215568,0.7348484848484849,0.8584070796460177,0.7918367346938775,0.9335282104673046,0.9240963158356565
0.8353293413173652,0.7377049180327869,0.7964601769911505,0.7659574468085106,0.912145116726064,0.8966460214115994
0.8263473053892215,0.7027027027027027,0.7572815533980582,0.7289719626168224,0.9040474089017778,0.878487770632201
0.844311377245509,0.7295081967213115,0.8240740740740741,0.7739130434782608,0.9319075712881022,0.8991528534812063
0.8173652694610778,0.6821705426356589,0.8148148148148148,0.7426160337552743,0.9140445755490004,0.8829431053016225
0.8562874251497006,0.7637795275590551,0.8434782608695652,0.8016528925619835,0.9433392892594799,0.9259353868386585
0.8473053892215568,0.782608695652174,0.7758620689655172,0.7792207792207793,0.9225324264473268,0.9060115227378471
0.8682634730538922,0.7758620689655172,0.8333333333333334,0.8035714285714286,0.927687643395608,0.9142912226859851
0.8772455089820359,0.7916666666666666,0.912,0.8475836431226765,0.9577799043062201,0.951033413880414
0.8143712574850299,0.6756756756756757,0.7425742574257426,0.7075471698113207,0.9128032974971316,0.8679074926399633
0.811377245508982,0.6587301587301587,0.8058252427184466,0.7248908296943232,0.8983314420207624,0.873082322769366
0.8592814371257484,0.7358490566037735,0.8041237113402062,0.7684729064039408,0.9272695637043804,0.9062019464542483
0.8413173652694611,0.6967213114754098,0.8415841584158416,0.7623318385650224,0.9299706794713807,0.9008661594670949
0.8323353293413174,0.7553956834532374,0.8267716535433071,0.7894736842105263,0.9154399178363575,0.9124175446264765
0.8233532934131736,0.6910569105691057,0.8018867924528302,0.74235807860262,0.9085567692816947,0.8855610887674973
0.8353293413173652,0.7265625,0.8230088495575221,0.7717842323651453,0.9348496376086173,0.9191988357781602
0.8383233532934131,0.7083333333333334,0.8173076923076923,0.7589285714285714,0.9218227424749164,0.8910671335391203
0.8233532934131736,0.7338129496402878,0.8225806451612904,0.7756653992395437,0.9253072196620584,0.9129643341417117
0.8652694610778443,0.7657657657657657,0.8173076923076923,0.7906976744186046,0.949581939799331,0.9254565911481153
0.8622754491017964,0.7623762376237624,0.7777777777777778,0.77,0.9137760584569097,0.880753918605499
0.8892215568862275,0.7863247863247863,0.8846153846153846,0.832579185520362,0.9481187290969899,0.9353506616060806
0.8323353293413174,0.7372881355932204,0.7767857142857143,0.7565217391304347,0.9169079794079793,0.8857242645561467
0.8383233532934131,0.7631578947368421,0.7631578947368421,0.7631578947368421,0.89792663476874,0.8801041781820219
0.8203592814371258,0.6746031746031746,0.8173076923076923,0.7391304347826086,0.9232441471571906,0.8908697326540476
0.8233532934131736,0.6991869918699187,0.7962962962962963,0.7445887445887446,0.9283021960013109,0.9005988647753198
0.8083832335329342,0.6614173228346457,0.8,0.7241379310344828,0.9128301102100229,0.8694618545496271
0.8473053892215568,0.7238095238095238,0.7755102040816326,0.7487684729064039,0.9013317191283293,0.871548836957533
0.8473053892215568,0.7377049180327869,0.8256880733944955,0.7792207792207793,0.9299898063200817,0.9007836997459377
0.8413173652694611,0.7033898305084746,0.8217821782178217,0.7579908675799086,0.9457357752942677,0.9176239862970045
0.844311377245509,0.7479674796747967,0.8141592920353983,0.7796610169491526,0.9355704160493332,0.9153656533241549
0.8203592814371258,0.6776859504132231,0.7961165048543689,0.7321428571428571,0.9124112133820872,0.8738289154690264
0.8562874251497006,0.719626168224299,0.8105263157894737,0.7623762376237624,0.9215591279453864,0.8808324485017391
0.8293413173652695,0.7589285714285714,0.7391304347826086,0.748898678414097,0.9089140361326187,0.8850615205372373
0.8293413173652695,0.717741935483871,0.8018018018018018,0.7574468085106383,0.9181513351916939,0.8960158554503275
0.8233532934131736,0.7024793388429752,0.7870370370370371,0.74235807860262,0.9211733857751556,0.8929453099070422
0.8353293413173652,0.704,0.8301886792452831,0.7619047619047619,0.9292866600463423,0.9000653430712054
0.8682634730538922,0.7857142857142857,0.8148148148148148,0.8,0.9323172730252376,0.9159344478727731
0.8562874251497006,0.7666666666666667,0.8214285714285714,0.7931034482758621,0.9240669240669241,0.9047742368469132
0.8263473053892215,0.7631578947368421,0.7372881355932204,0.75,0.8852401129943503,0.8672007640920989
0.8652694610778443,0.7543859649122807,0.8349514563106796,0.7926267281105991,0.9282141806413652,0.9129231463666266
0.8413173652694611,0.7431192660550459,0.7641509433962265,0.7534883720930232,0.9179079774908971,0.8847086871575277
0.7784431137724551,0.616,0.7475728155339806,0.6754385964912281,0.8697516076156853,0.8298229056438353
0.7844311377245509,0.6492537313432836,0.7767857142857143,0.7073170731707317,0.9003780566280566,0.8725510094267594
0.8203592814371258,0.717948717948718,0.7567567567567568,0.7368421052631579,0.9093443219003756,0.8878517027324234
0.8053892215568862,0.6446280991735537,0.78,0.7058823529411765,0.8805128205128205,0.8603437533263291
0.8263473053892215,0.71900826446281,0.7837837837837838,0.75,0.9036076435179574,0.8757183389306146
0.8203592814371258,0.6984126984126984,0.8,0.7457627118644068,0.896672077922078,0.8733935308795924
0.8023952095808383,0.6976744186046512,0.7692307692307693,0.7317073170731707,0.8829808184646895,0.8709246629709393
0.8233532934131736,0.7009345794392523,0.7352941176470589,0.7177033492822966,0.8833248816768086,0.851550689207133
0.8502994011976048,0.7631578947368421,0.7909090909090909,0.7767857142857143,0.8975243506493508,0.8901870368488971
0.8892215568862275,0.8275862068965517,0.8495575221238938,0.8384279475982532,0.936811756697233,0.9211304534410697
0.8323353293413174,0.680327868852459,0.83,0.7477477477477478,0.9238461538461539,0.9017886173471358
0.8562874251497006,0.7540983606557377,0.8363636363636363,0.7931034482758621,0.9434253246753248,0.9155696175569759
0.874251497005988,0.8103448275862069,0.8245614035087719,0.8173913043478261,0.9576953748006379,0.9398909930450462
0.8383233532934131,0.7301587301587301,0.8214285714285714,0.773109243697479,0.9315878378378377,0.909567550626682
0.8502994011976048,0.7380952380952381,0.8454545454545455,0.788135593220339,0.9331574675324675,0.9095714209094741
0.8502994011976048,0.7586206896551724,0.8,0.7787610619469026,0.9242288961038962,0.8986710260364199
0.8562874251497006,0.752,0.8468468468468469,0.7966101694915254,0.939037692400921,0.9243609672991511
0.8143712574850299,0.6666666666666666,0.8301886792452831,0.7394957983193278,0.921714664018537,0.8941489504410842
0.8323353293413174,0.6727272727272727,0.7872340425531915,0.7254901960784313,0.9125000000000001,0.8715340407853897
0.8053892215568862,0.6904761904761905,0.7699115044247787,0.7280334728033473,0.8963280342770192,0.8713873413675677
0.7994011976047904,0.6370967741935484,0.7821782178217822,0.7022222222222222,0.9159903114774997,0.8727052240806463
0.874251497005988,0.8064516129032258,0.847457627118644,0.8264462809917356,0.940560263653484,0.9280147407343229
0.8053892215568862,0.6466165413533834,0.8269230769230769,0.7257383966244726,0.9084448160535117,0.8811237542064131
0.8502994011976048,0.75177304964539,0.8760330578512396,0.8091603053435115,0.9523920381794901,0.9326306464493682
0.8203592814371258,0.6470588235294118,0.7333333333333333,0.6875,0.9056921675774134,0.8439468817142946
0.8473053892215568,0.7560975609756098,0.8157894736842105,0.7848101265822784,0.9271132376395534,0.9092616534423721
0.8622754491017964,0.7739130434782608,0.8165137614678899,0.7946428571428571,0.9314984709480123,0.9051699002325878
0.844311377245509,0.7317073170731707,0.8256880733944955,0.7758620689655172,0.9390417940876656,0.9131471235510706
0.8323353293413174,0.7168141592920354,0.7714285714285715,0.7431192660550459,0.9169889789977126,0.8740693817393993
0.8263473053892215,0.680672268907563,0.801980198019802,0.7363636363636363,0.9198147282539413,0.8835703847816808
0.8023952095808383,0.6495726495726496,0.7524752475247525,0.6972477064220184,0.9056643861811073,0.8556810335941534
0.8502994011976048,0.7008547008547008,0.845360824742268,0.7663551401869159,0.9197442254991518,0.8966206322472624
0.8323353293413174,0.7007874015748031,0.8317757009345794,0.7606837606837606,0.9307093746140228,0.9158087589650856
0.8652694610778443,0.753968253968254,0.8715596330275229,0.8085106382978723,0.9471967380224261,0.9261086660469172
0.8622754491017964,0.8035714285714286,0.7894736842105263,0.7964601769911505,0.925598086124402,0.914018164039873
0.8532934131736527,0.8130081300813008,0.7936507936507936,0.8032128514056225,0.9276556776556777,0.9232149082168652
0.874251497005988,0.7431192660550459,0.8526315789473684,0.7941176470588235,0.9288262497247302,0.8995016006675653
0.8502994011976048,0.7043478260869566,0.8350515463917526,0.7641509433962265,0.9170472834834051,0.8880271481305836
0.844311377245509,0.7456140350877193,0.7870370370370371,0.7657657657657657,0.9259668960996396,0.8846139443637542
0.8293413173652695,0.7185185185185186,0.8362068965517241,0.7729083665338645,0.9255773489402088,0.9120893682444327
0.8502994011976048,0.7272727272727273,0.8380952380952381,0.7787610619469026,0.9267623206487835,0.900433128672532
0.8083832335329342,0.6946564885496184,0.7913043478260869,0.7398373983739838,0.8952154059956324,0.8773317237699519
0.8053892215568862,0.6991869918699187,0.7543859649122807,0.7257383966244726,0.8814593301435407,0.8669396396058583
0.8622754491017964,0.7346938775510204,0.782608695652174,0.7578947368421053,0.8943136902623068,0.857642603432037
0.8293413173652695,0.6982758620689655,0.7864077669902912,0.7397260273972602,0.8987517337031901,0.8760962827915205
0.8143712574850299,0.7404580152671756,0.776,0.7578125,0.8951578947368422,0.8928760782962023
0.8173652694610778,0.7480314960629921,0.7661290322580645,0.7569721115537849,0.9106758832565285,0.9042515610099247
0.8203592814371258,0.6528925619834711,0.8144329896907216,0.7247706422018348,0.9096089434077168,0.8843762779842511
0.844311377245509,0.7425742574257426,0.7425742574257426,0.7425742574257426,0.8753665066077424,0.8529704726815623
0.8023952095808383,0.6637931034482759,0.7403846153846154,0.7,0.8858277591973243,0.8605786848394167
0.8323353293413174,0.7377049180327869,0.7894736842105263,0.7627118644067796,0.9118421052631579,0.8945103692935044
0.8652694610778443,0.7573529411764706,0.8956521739130435,0.8207171314741036,0.9460393091125671,0.936738033990587
0.8233532934131736,0.6756756756756757,0.7653061224489796,0.7177033492822966,0.9026288481494293,0.8615577120120306
0.8323353293413174,0.7310924369747899,0.7837837837837838,0.7565217391304347,0.9206560820910596,0.891297466310066
0.8053892215568862,0.6614173228346457,0.7924528301886793,0.721030042918455,0.8893164515061238,0.8728597652603893
0.8203592814371258,0.7295081967213115,0.7672413793103449,0.7478991596638656,0.9224928819993673,0.8992875057565735
0.8413173652694611,0.6981132075471698,0.7789473684210526,0.736318407960199,0.9105042942083241,0.8686978463763929
0.8203592814371258,0.7238805970149254,0.8083333333333333,0.7637795275590551,0.9137461059190031,0.8968991774252919
0.8353293413173652,0.6842105263157895,0.8041237113402062,0.7393364928909952,0.9100439340554178,0.8729958425268046
0.8293413173652695,0.7175572519083969,0.8245614035087719,0.7673469387755102,0.9354465709728867,0.9136591956499545
0.8592814371257484,0.7181818181818181,0.8315789473684211,0.7707317073170732,0.9174631138515745,0.8929754500058803
0.8293413173652695,0.7192982456140351,0.7663551401869159,0.7420814479638009,0.9018485734283008,0.8673533841501785
0.8293413173652695,0.704,0.8148148148148148,0.7553648068669528,0.9079809898393969,0.8803053464925288
0.8592814371257484,0.7387387387387387,0.82,0.7772511848341233,0.9418803418803419,0.9146827017940848
0.8323353293413174,0.711864406779661,0.7924528301886793,0.75,0.9218801721284343,0.8955914755589662
0.8353293413173652,0.7886178861788617,0.7698412698412699,0.7791164658634538,0.905448717948718,0.8984735453621739
0.8203592814371258,0.7142857142857143,0.7894736842105263,0.75,0.9119617224880383,0.8908455889704938
0.8323353293413174,0.7538461538461538,0.8032786885245902,0.7777777777777778,0.9079802041447572,0.9016102431194124
0.8203592814371258,0.7175572519083969,0.8034188034188035,0.7580645161290323,0.9186655638268542,0.8964140052099859
0.8143712574850299,0.6446280991735537,0.8041237113402062,0.7155963302752294,0.9151768236982905,0.8787698400972892
0.8143712574850299,0.6890756302521008,0.7663551401869159,0.7256637168141593,0.9095475318045206,0.8740265956324447
0.844311377245509,0.7272727272727273,0.8571428571428571,0.7868852459016393,0.9474340411840411,0.9307808690292178
0.8383233532934131,0.7518796992481203,0.8264462809917356,0.7874015748031497,0.9146005509641874,0.9074166471324522
0.8413173652694611,0.7563025210084033,0.7894736842105263,0.7725321888412017,0.9211722488038276,0.9020587076381911
0.8263473053892215,0.7478260869565218,0.7478260869565218,0.7478260869565218,0.8834623783998412,0.8579283460853634
0.8293413173652695,0.6991869918699187,0.8113207547169812,0.7510917030567685,0.9008606421714663,0.8750591409131631
0.844311377245509,0.71900826446281,0.8285714285714286,0.7699115044247787,0.9320024953212726,0.9052699688187883
0.8083832335329342,0.6554621848739496,0.7722772277227723,0.7090909090909091,0.9219394042408533,0.8855653534382099
0.8592814371257484,0.7295081967213115,0.8640776699029126,0.7911111111111111,0.9383011810196277,0.9157452852973675
0.8173652694610778,0.68,0.8018867924528302,0.7359307359307359,0.8965160542866601,0.8789827539114846
0.8922155688622755,0.8306451612903226,0.8728813559322034,0.8512396694214877,0.9487602008788449,0.9393667872013395
0.8203592814371258,0.6950354609929078,0.8521739130434782,0.765625,0.9251935675997617,0.909144907965857
0.8293413173652695,0.7433628318584071,0.75,0.7466666666666667,0.9065717503217503,0.8863981897839932
0.8263473053892215,0.7586206896551724,0.7457627118644068,0.7521367521367521,0.8883396107972379,0.8612269083431835
0.8652694610778443,0.7815126050420168,0.8303571428571429,0.8051948051948052,0.9514157014157015,0.9340155380087269
0.8413173652694611,0.7387387387387387,0.7735849056603774,0.7557603686635944,0.9086809003641177,0.8821901754136177
0.8562874251497006,0.7450980392156863,0.7755102040816326,0.76,0.9264095468695953,0.8983409438682218
0.8353293413173652,0.7251908396946565,0.8333333333333334,0.7755102040816326,0.9357655502392346,0.9137848792586349
0.8652694610778443,0.76,0.7835051546391752,0.7715736040609137,0.9241811301057026,0.8923165546935992
0.8353293413173652,0.6611570247933884,0.851063829787234,0.7441860465116279,0.9319148936170212,0.8918043390516768
0.8203592814371258,0.6532258064516129,0.826530612244898,0.7297297297297297,0.9315548253199586,0.8919456338432172
0.8502994011976048,0.7547169811320755,0.7692307692307693,0.7619047619047619,0.9154682274247491,0.8834887057086639
0.8293413173652695,0.7338129496402878,0.8360655737704918,0.7816091954022989,0.9341169192700278,0.9225610147669588
0.8413173652694611,0.7213114754098361,0.822429906542056,0.7685589519650655,0.9126765202354976,0.9018675928159683
0.8353293413173652,0.6818181818181818,0.7894736842105263,0.7317073170731707,0.9174631138515746,0.8712924924715221
0.8323353293413174,0.7054263565891473,0.8348623853211009,0.7647058823529411,0.9360652395514781,0.9102147256414239
0.8143712574850299,0.7,0.7636363636363637,0.7304347826086957,0.9005275974025974,0.8701356586028538
0.8473053892215568,0.7623762376237624,0.7403846153846154,0.751219512195122,0.9228260869565217,0.8832253828385341
0.8712574850299402,0.7923076923076923,0.865546218487395,0.8273092369477911,0.943717021692398,0.9313998967564514
0.8682634730538922,0.8071428571428572,0.8692307692307693,0.837037037037037,0.9237179487179488,0.9242739514779138
0.8922155688622755,0.8181818181818182,0.8761061946902655,0.8461538461538461,0.9700076082168743,0.9550058181881967
0.7994011976047904,0.6964285714285714,0.7027027027027027,0.6995515695067265,0.8954874156667879,0.8625688853621347
0.8233532934131736,0.7099236641221374,0.8157894736842105,0.7591836734693878,0.9141547049441787,0.8968195229671093
0.8592814371257484,0.796875,0.8292682926829268,0.8127490039840638,0.9265980811466883,0.9152574041166133
0.8203592814371258,0.7168141592920354,0.7431192660550459,0.7297297297297297,0.9180835881753313,0.8914789335112401
0.8622754491017964,0.7083333333333334,0.8854166666666666,0.7870370370370371,0.9478291316526611,0.9203586600385723
0.8323353293413174,0.6727272727272727,0.7872340425531915,0.7254901960784313,0.9268617021276595,0.8919883401996023
0.8502994011976048,0.7874015748031497,0.8130081300813008,0.8,0.9189689053288637,0.9088305211878877
0.8323353293413174,0.7355371900826446,0.7876106194690266,0.7606837606837606,0.9183918632122692,0.8991528205405803
0.8383233532934131,0.6956521739130435,0.8080808080808081,0.7476635514018691,0.910595314850634,0.8899931354880712
0.8502994011976048,0.7129629629629629,0.8020833333333334,0.7549019607843137,0.9227065826330534,0.8745986172834168
0.8323353293413174,0.7117117117117117,0.7669902912621359,0.7383177570093458,0.8915227167654352,0.8711105488103756
0.8173652694610778,0.7209302325581395,0.788135593220339,0.7530364372469636,0.9102322661644695,0.890293992755763
0.8473053892215568,0.717741935483871,0.8476190476190476,0.777292576419214,0.935537533790809,0.914442502977191
0.8233532934131736,0.6956521739130435,0.7692307692307693,0.730593607305936,0.9198996655518394,0.8844342734299034
0.8293413173652695,0.7213114754098361,0.7927927927927928,0.7553648068669528,0.9142730174120309,0.8886212405082784
0.8532934131736527,0.7518796992481203,0.8620689655172413,0.8032128514056225,0.9424232837709585,0.9265678422688406
0.8562874251497006,0.7622950819672131,0.8303571428571429,0.7948717948717948,0.926399613899614,0.9161311936899852
0.8532934131736527,0.744,0.8454545454545455,0.7914893617021277,0.9388798701298701,0.9175878670013293
0.7994011976047904,0.6901408450704225,0.8099173553719008,0.7452471482889734,0.9003608427424049,0.8946628584205827
0.8473053892215568,0.696078431372549,0.7802197802197802,0.7357512953367875,0.9271017048794827,0.8737579143546443
0.8383233532934131,0.6822429906542056,0.7849462365591398,0.73,0.9219649310667917,0.8644621259250233
0.8353293413173652,0.6942148760330579,0.8235294117647058,0.7533632286995515,0.9211883029073697,0.8995053668277607
0.8562874251497006,0.7829457364341085,0.8347107438016529,0.808,0.9419159585612851,0.9248358459438201
0.8083832335329342,0.7132352941176471,0.7950819672131147,0.751937984496124,0.9295545932570368,0.9103921998357265
0.8173652694610778,0.6770833333333334,0.6842105263157895,0.680628272251309,0.9004184100418411,0.8430582996176382
0.8083832335329342,0.6605504587155964,0.7272727272727273,0.6923076923076923,0.8984311197077155,0.8548251261576124
0.8293413173652695,0.7890625,0.7709923664122137,0.7799227799227799,0.8998232617606138,0.9013413627857888
0.8263473053892215,0.72,0.7964601769911505,0.7563025210084033,0.9130661114003122,0.8951281565490223
0.8413173652694611,0.7478991596638656,0.7946428571428571,0.7705627705627706,0.9247506435006435,0.9027188219817915
0.8652694610778443,0.7652173913043478,0.8301886792452831,0.7963800904977375,0.9512578616352203,0.9281368986522868
0.8203592814371258,0.6138613861386139,0.7469879518072289,0.6739130434782609,0.915710651370422,0.858662164181072
0.8413173652694611,0.75,0.8429752066115702,0.7937743190661478,0.9335350948667209,0.9261001498654512
0.8263473053892215,0.6821705426356589,0.8380952380952381,0.7521367521367521,0.9052609690164275,0.882778357017741
0.8083832335329342,0.6594202898550725,0.8425925925925926,0.7398373983739838,0.910357259914782,0.8902547570019542
0.8592814371257484,0.7936507936507936,0.8264462809917356,0.8097165991902834,0.9416443564971094,0.9284668355562302
0.8502994011976048,0.7477477477477478,0.7904761904761904,0.7685185185185185,0.9016843418590142,0.8819175395041959
0.8562874251497006,0.7424242424242424,0.875,0.8032786885245902,0.9423262548262548,0.9245863865544599
0.8532934131736527,0.728,0.8584905660377359,0.7878787878787878,0.947409798080106,0.9246762403353963
0.8323353293413174,0.6811594202898551,0.8867924528301887,0.7704918032786885,0.9537818603111553,0.9281605035579662
0.8562874251497006,0.7642276422764228,0.831858407079646,0.7966101694915254,0.9312857886517438,0.9161390533972231
0.8293413173652695,0.7301587301587301,0.8,0.7634854771784232,0.9181258685725631,0.8993780984443204
0.8293413173652695,0.6982758620689655,0.7864077669902912,0.7397260273972602,0.900348842096415,0.8777750148624265
0.8323353293413174,0.7586206896551724,0.7586206896551724,0.7586206896551724,0.9236792154381526,0.8909434556962672
0.7844311377245509,0.5892857142857143,0.717391304347826,0.6470588235294118,0.8618397412863815,0.8193042136874397
0.8143712574850299,0.6551724137931034,0.7755102040816326,0.7102803738317757,0.8970079557246629,0.8435511425851652
0.8413173652694611,0.7117117117117117,0.79,0.7488151658767772,0.9036324786324788,0.8727969957148353
0.8473053892215568,0.7265625,0.8532110091743119,0.7848101265822784,0.9436901121304792,0.9248485258457874
0.8323353293413174,0.7288135593220338,0.7818181818181819,0.7543859649122807,0.9133522727272727,0.8898522039016494
0.8263473053892215,0.672,0.8316831683168316,0.7433628318584071,0.9301831470700718,0.8890686196654022
0.8622754491017964,0.7777777777777778,0.7924528301886793,0.7850467289719626,0.9173700761337307,0.8945556100224535
0.8802395209580839,0.8292682926829268,0.8429752066115702,0.8360655737704918,0.9534396461413106,0.9451904277827521
0.8323353293413174,0.7222222222222222,0.75,0.7358490566037735,0.8951086956521739,0.8632977178596707
0.8413173652694611,0.7297297297297297,0.7788461538461539,0.7534883720930232,0.922742474916388,0.8927454689918651
0.8053892215568862,0.6541353383458647,0.8207547169811321,0.7280334728033473,0.8944472029129428,0.8778076800105618
0.8023952095808383,0.6666666666666666,0.7777777777777778,0.717948717948718,0.9197803998688954,0.8846853191290757
0.8772455089820359,0.7857142857142857,0.8380952380952381,0.8110599078341014,0.9333749220212103,0.9175272210607871
0.8413173652694611,0.728,0.8272727272727273,0.774468085106383,0.919805194805195,0.8981897205774587
0.8622754491017964,0.7565217391304347,0.8285714285714286,0.7909090909090909,0.9288001663547516,0.9017350375864723
0.8353293413173652,0.6571428571428571,0.7840909090909091,0.7150259067357513,0.8983277900960828,0.8597127108149872
0.8263473053892215,0.7105263157894737,0.7641509433962265,0.7363636363636363,0.9207216153591526,0.8778585634620538
0.8143712574850299,0.6532258064516129,0.81,0.7232142857142857,0.9283333333333332,0.8897608522531734
0.8383233532934131,0.7304347826086957,0.7850467289719626,0.7567567567567568,0.9133764255424266,0.8913230760229485
0.8862275449101796,0.8321167883211679,0.8837209302325582,0.8571428571428571,0.947438079031953,0.9436550535474484
0.8323353293413174,0.768,0.7804878048780488,0.7741935483870968,0.8982391245713406,0.8932914852121919
0.8383233532934131,0.7615894039735099,0.8646616541353384,0.8098591549295775,0.9444506789361464,0.9378844286562665
0.8233532934131736,0.6880733944954128,0.75,0.7177033492822966,0.902991452991453,0.8717746789057778
0.8353293413173652,0.7105263157894737,0.7864077669902912,0.7465437788018433,0.9216156012272517,0.888930409904449
0.8413173652694611,0.72,0.8333333333333334,0.7725321888412017,0.9191658472631925,0.8978810919353828
0.8083832335329342,0.672,0.7850467289719626,0.7241379310344828,0.9090123100992218,0.8679170780272313
0.844311377245509,0.689922480620155,0.8811881188118812,0.7739130434782608,0.9331576934517486,0.9079636066900117
0.811377245508982,0.6904761904761905,0.7837837837837838,0.7341772151898734,0.9044156263887205,0.8787568884334687
0.8802395209580839,0.8130841121495327,0.8130841121495327,0.8130841121495327,0.9239985178475854,0.9085894325410503
0.8502994011976048,0.7936507936507936,0.8064516129032258,0.8,0.9256912442396314,0.9174848861128522
0.8143712574850299,0.6614173228346457,0.8155339805825242,0.7304347826086957,0.9097633757827933,0.8745189554501922
0.8353293413173652,0.7520661157024794,0.7844827586206896,0.7679324894514767,0.911776336602341,0.891637217719357
0.8143712574850299,0.7033898305084746,0.7545454545454545,0.7280701754385965,0.9148133116883117,0.8817226291930826
0.844311377245509,0.7192982456140351,0.803921568627451,0.7592592592592593,0.9085953346855984,0.880265369148253
0.8323353293413174,0.7027027027027027,0.7722772277227723,0.7358490566037735,0.920282156971062,0.8769955247466273
0.8023952095808383,0.652542372881356,0.7549019607843137,0.7,0.8878042596348884,0.8606693471012707
0.7904191616766467,0.6521739130434783,0.7142857142857143,0.6818181818181818,0.8820544811811188,0.8483338553155314
0.8173652694610778,0.6548672566371682,0.7708333333333334,0.7081339712918661,0.8989408263305322,0.8579293273921468
0.8473053892215568,0.7647058823529411,0.7982456140350878,0.7811158798283262,0.9014354066985646,0.8792709328678777
0.7994011976047904,0.6616541353383458,0.8,0.7242798353909465,0.8764204545454545,0.8641978764803218
0.8323353293413174,0.7050359712230215,0.8672566371681416,0.7777777777777778,0.9392143514996196,0.9112802145284231
0.8532934131736527,0.7923076923076923,0.824,0.807843137254902,0.9254354066985646,0.9209646797053197
0.8473053892215568,0.7297297297297297,0.7941176470588235,0.7605633802816901,0.9316683569979717,0.8940811454513691
0.8293413173652695,0.7421875,0.7983193277310925,0.7692307692307693,0.920187609927692,0.8996586114907127
0.811377245508982,0.6953125,0.7876106194690266,0.7385892116182573,0.9017338725823889,0.8869422167307459
0.8592814371257484,0.7387387387387387,0.82,0.7772511848341233,0.9070512820512819,0.8877681536545474
0.8353293413173652,0.7142857142857143,0.75,0.7317073170731707,0.8973076923076923,0.862229829166382
0.8263473053892215,0.6982758620689655,0.7788461538461539,0.7363636363636363,0.9018394648829431,0.8831551845902962
0.8532934131736527,0.7155172413793104,0.8383838383838383,0.772093023255814,0.932989469159682,0.9048500498257626
0.8413173652694611,0.7258064516129032,0.8256880733944955,0.7725321888412017,0.9334148827726809,0.9080878755184414
0.811377245508982,0.6850393700787402,0.7909090909090909,0.7341772151898734,0.8967938311688312,0.877408250685748
0.8383233532934131,0.6747967479674797,0.8556701030927835,0.7545454545454545,0.9363173691765627,0.9121210778902145
0.8293413173652695,0.71875,0.8141592920353983,0.7634854771784232,0.9246386096984743,0.8959713214958883
0.844311377245509,0.7166666666666667,0.8269230769230769,0.7678571428571429,0.9240384615384615,0.896526454473931
0.8293413173652695,0.7063492063492064,0.8165137614678899,0.7574468085106383,0.9253414882772681,0.9074898244274825
0.8143712574850299,0.6859504132231405,0.7757009345794392,0.7280701754385965,0.899831199308329,0.8754474492678269
0.8293413173652695,0.7217391304347827,0.7685185185185185,0.7443946188340808,0.9097427073090791,0.8859809670795796
0.8682634730538922,0.7542372881355932,0.8557692307692307,0.8018018018018018,0.9427675585284281,0.9207937778232832
0.8652694610778443,0.7419354838709677,0.8761904761904762,0.8034934497816594,0.9508005822416302,0.9338375526581162
0.8293413173652695,0.7068965517241379,0.780952380952381,0.7420814479638009,0.8997296735288002,0.8607947465594735
0.7994011976047904,0.6083333333333333,0.7849462365591398,0.6854460093896714,0.9092937134698613,0.869300573767209
0.8413173652694611,0.7192982456140351,0.7961165048543689,0.7557603686635944,0.9273735972765098,0.8952819406823063
0.8293413173652695,0.719626168224299,0.7403846153846154,0.7298578199052133,0.9081103678929766,0.8655570643277493
0.8083832335329342,0.6715328467153284,0.8288288288288288,0.7419354838709677,0.9114046782208217,0.8935157109382293
0.8652694610778443,0.7542372881355932,0.8476190476190476,0.7982062780269058,0.9530463713869828,0.935228641774296
0.8293413173652695,0.6792452830188679,0.7578947368421053,0.7164179104477612,0.9157013873596124,0.8716159640563161
0.8173652694610778,0.6796875,0.8130841121495327,0.7404255319148936,0.9139116472477253,0.8965687491282905
0.8353293413173652,0.7522123893805309,0.7589285714285714,0.7555555555555555,0.9219755469755468,0.8904598578729574
0.8173652694610778,0.6666666666666666,0.7920792079207921,0.7239819004524887,0.912165894701058,0.8793691981156985
0.8233532934131736,0.7540983606557377,0.7603305785123967,0.757201646090535,0.8918635781631941,0.8803570174266202
0.8083832335329342,0.6666666666666666,0.780952380952381,0.7192982456140351,0.8977334165107089,0.8786915784067006
0.8712574850299402,0.8290598290598291,0.8083333333333333,0.8185654008438819,0.9384345794392523,0.9301658947295927
0.8532934131736527,0.7661290322580645,0.8260869565217391,0.7949790794979079,0.9293230097280126,0.9127100185231005
0.844311377245509,0.736,0.8288288288288288,0.7796610169491526,0.934149396032804,0.9139571102032438
0.8353293413173652,0.6440677966101694,0.8539325842696629,0.7342995169082126,0.935611098371933,0.8936904183061778
0.8353293413173652,0.7443609022556391,0.825,0.782608695652174,0.9229361370716511,0.9105506448036367
0.8413173652694611,0.7606837606837606,0.7807017543859649,0.7705627705627706,0.9107655502392346,0.883944437856926
0.8383233532934131,0.7079646017699115,0.7920792079207921,0.7476635514018691,0.9235116644711681,0.8752514868110185
0.8083832335329342,0.6944444444444444,0.7075471698113207,0.7009345794392523,0.8822409798080106,0.8488988040501719
0.8652694610778443,0.7796610169491526,0.8288288288288288,0.8034934497816594,0.9208176786652122,0.9047122985892954
0.8293413173652695,0.7622950819672131,0.768595041322314,0.7654320987654321,0.8983820277034105,0.8843913714912283
0.844311377245509,0.728,0.8348623853211009,0.7777777777777778,0.9181243628950052,0.897309882855406
0.8413173652694611,0.753968253968254,0.811965811965812,0.7818930041152263,0.8884556303911144,0.8815757550241664
0.8233532934131736,0.628099173553719,0.8444444444444444,0.7203791469194313,0.9471311475409836,0.9024704367631163
0.8502994011976048,0.734375,0.8545454545454545,0.7899159663865546,0.9334009740259741,0.9166743338234737
0.7994011976047904,0.6666666666666666,0.8141592920353983,0.7330677290836654,0.8880390822087855,0.8792659400000097
0.7874251497005988,0.627906976744186,0.7788461538461539,0.6952789699570815,0.8878344481605351,0.861615671493588
0.8263473053892215,0.6916666666666667,0.7980769230769231,0.7410714285714286,0.9124999999999999,0.8870881859041072
0.8023952095808383,0.6666666666666666,0.7547169811320755,0.7079646017699115,0.8924197285666997,0.872316134601081
0.844311377245509,0.7265625,0.8454545454545455,0.7815126050420168,0.9272727272727272,0.9152782331846601
0.8383233532934131,0.7094017094017094,0.8058252427184466,0.7545454545454545,0.9386374143655698,0.9038834575867041
0.8592814371257484,0.7606837606837606,0.8240740740740741,0.7911111111111111,0.932030481809243,0.8962314467977961
0.8592814371257484,0.7837837837837838,0.7909090909090909,0.7873303167420814,0.9196022727272727,0.9026556035424154
0.811377245508982,0.6956521739130435,0.7407407407407407,0.7174887892376681,0.9009750901343822,0.8649780253991237
0.8413173652694611,0.7348484848484849,0.8434782608695652,0.7854251012145749,0.9345642247369466,0.9231005266069943
0.8532934131736527,0.7310924369747899,0.8365384615384616,0.7802690582959642,0.9364130434782608,0.914623665677256
0.8772455089820359,0.7355371900826446,0.9081632653061225,0.8127853881278538,0.9655828433068143,0.9389516102009974
0.8383233532934131,0.6982758620689655,0.81,0.75,0.9215811965811965,0.880085166262937
0.7904191616766467,0.6814814814814815,0.773109243697479,0.7244094488188977,0.907172171194059,0.887038632471935
0.8353293413173652,0.7433628318584071,0.7636363636363637,0.7533632286995515,0.9219561688311688,0.8963232813664427
0.8473053892215568,0.7391304347826086,0.8018867924528302,0.7692307692307693,0.9173700761337306,0.8943793016422277
0.8203592814371258,0.6929824561403509,0.7596153846153846,0.7247706422018348,0.907943143812709,0.8720331239382372
0.8293413173652695,0.6557377049180327,0.8421052631578947,0.7373271889400922,0.9156573441973134,0.8874635838968369
0.8502994011976048,0.7413793103448276,0.8113207547169812,0.7747747747747747,0.9202664680569348,0.8932967135721867
0.7964071856287425,0.7028985507246377,0.782258064516129,0.7404580152671756,0.8961597542242703,0.8716438799047724
0.8473053892215568,0.7364341085271318,0.8482142857142857,0.7883817427385892,0.9284507722007722,0.9135193757590878
0.8473053892215568,0.7355371900826446,0.8240740740740741,0.777292576419214,0.9274008521796133,0.903104347055961
0.8323353293413174,0.732824427480916,0.8205128205128205,0.7741935483870968,0.9177596596951434,0.9050874853363566
0.8203592814371258,0.6991869918699187,0.7889908256880734,0.7413793103448276,0.9080937818552498,0.8875015847178299
0.8383233532934131,0.71875,0.8363636363636363,0.773109243697479,0.9177759740259741,0.9022642544279058
0.8233532934131736,0.6916666666666667,0.7904761904761904,0.7377777777777778,0.9072572260345186,0.8796346522895305
0.8532934131736527,0.7053571428571429,0.8315789473684211,0.7632850241545893,0.9332305659546356,0.8948139355773748
0.8233532934131736,0.7045454545454546,0.8230088495575221,0.7591836734693878,0.9309654426780923,0.9110289060653038
0.8622754491017964,0.7685185185185185,0.7980769230769231,0.7830188679245284,0.9273411371237459,0.9004991070746771
0.8652694610778443,0.7265625,0.9029126213592233,0.8051948051948052,0.9627201277686714,0.9414769702363721
0.8293413173652695,0.7109375,0.8198198198198198,0.7615062761506276,0.92897830565992,0.8989132579161143
0.8293413173652695,0.6974789915966386,0.7980769230769231,0.7443946188340808,0.9131688963210702,0.8866797702641112
0.7904191616766467,0.6791044776119403,0.7711864406779662,0.7222222222222222,0.8997175141242937,0.8789045260168533
0.8173652694610778,0.728,0.7711864406779662,0.7489711934156379,0.9149011299435028,0.8942837648426274
0.8323353293413174,0.7377049180327869,0.7894736842105263,0.7627118644067796,0.9171052631578948,0.8943663795335386
0.8473053892215568,0.732824427480916,0.8571428571428571,0.7901234567901234,0.9259974259974261,0.9126183504066436
0.811377245508982,0.6909090909090909,0.7238095238095238,0.7069767441860465,0.8793096277812436,0.8258042278972215
0.8353293413173652,0.7045454545454546,0.8532110091743119,0.7717842323651453,0.9391641182466871,0.9162376876362235
0.8413173652694611,0.696078431372549,0.7634408602150538,0.7282051282051282,0.910409137554098,0.868210305798757
0.8383233532934131,0.688,0.8514851485148515,0.7610619469026548,0.9296307313134746,0.9014586218836786
0.8023952095808383,0.6666666666666666,0.7777777777777778,0.717948717948718,0.9004424778761062,0.8665755352097927
0.8353293413173652,0.7117117117117117,0.7745098039215687,0.7417840375586855,0.8860294117647061,0.8714053124015069
0.8023952095808383,0.6616541353383458,0.8073394495412844,0.7272727272727273,0.9071559633027524,0.8715662021494481
0.844311377245509,0.728,0.8348623853211009,0.7777777777777778,0.9310499490316004,0.9086164858060768
0.8323353293413174,0.7286821705426356,0.8173913043478261,0.7704918032786885,0.9224141353980544,0.8993760940345861
0.8203592814371258,0.6859504132231405,0.7904761904761904,0.7345132743362832,0.9072988147223955,0.8781372648832174
0.8502994011976048,0.7232142857142857,0.81,0.7641509433962265,0.9408974358974359,0.9059652646989392
0.8562874251497006,0.7185185185185186,0.9065420560747663,0.8016528925619835,0.9525299518300465,0.9384061187858548
0.8383233532934131,0.6916666666666667,0.83,0.7545454545454545,0.9383333333333332,0.9071726563529953
0.8293413173652695,0.7043478260869566,0.7788461538461539,0.7397260273972602,0.9210702341137124,0.8825183415002988
0.8502994011976048,0.7413793103448276,0.8113207547169812,0.7747747747747747,0.9368172790466733,0.9134647698876371
0.8053892215568862,0.6491228070175439,0.7474747474747475,0.6948356807511737,0.8851923490221363,0.8438306916988835
0.844311377245509,0.7272727272727273,0.7843137254901961,0.7547169811320755,0.9066514536849222,0.8719911381039718
0.8652694610778443,0.8,0.8333333333333334,0.8163265306122449,0.9189641744548287,0.9088140897077907
0.8173652694610778,0.6744186046511628,0.8207547169811321,0.7404255319148936,0.9125289639192321,0.887210692621384
0.8203592814371258,0.6923076923076923,0.7714285714285715,0.7297297297297297,0.9243501767519235,0.9022245051386742
0.8473053892215568,0.75,0.8108108108108109,0.7792207792207793,0.9152829960004848,0.8983362862277227
0.8353293413173652,0.7213114754098361,0.8073394495412844,0.7619047619047619,0.9141284403669725,0.8992589958027096
0.8532934131736527,0.6915887850467289,0.8222222222222222,0.751269035532995,0.9375683060109289,0.8929613065427298
0.8922155688622755,0.8245614035087719,0.8545454545454545,0.8392857142857143,0.9428977272727272,0.9255878004069341
0.8383233532934131,0.7401574803149606,0.8173913043478261,0.7768595041322314,0.9131228906094898,0.9017569106625307
0.811377245508982,0.7014925373134329,0.8034188034188035,0.749003984063745,0.915790302887077,0.8882332539161637
0.8173652694610778,0.6742424242424242,0.8317757009345794,0.7447698744769874,0.9327679196344025,0.9013735620212824
0.8562874251497006,0.7720588235294118,0.860655737704918,0.813953488372093,0.9474172595112899,0.9384339281836984
0.8502994011976048,0.7610619469026548,0.7889908256880734,0.7747747747747747,0.9255045871559633,0.9045187841063168
0.874251497005988,0.7603305785123967,0.8761904761904762,0.8141592920353983,0.9498440424204616,0.9284911415062486
0.8263473053892215,0.7301587301587301,0.7931034482758621,0.7603305785123967,0.9205156596013919,0.9018422960404503
0.8323353293413174,0.7024793388429752,0.8095238095238095,0.7522123893805309,0.9101268454980245,0.8956501980918957
0.8353293413173652,0.7338129496402878,0.85,0.7876447876447876,0.934929906542056,0.92306535937047
0.7844311377245509,0.6721311475409836,0.7192982456140351,0.6949152542372882,0.889792663476874,0.8626762094861898
0.8383233532934131,0.6890756302521008,0.8282828282828283,0.7522935779816514,0.91725768321513,0.8959870827266607
0.8323353293413174,0.6746031746031746,0.85,0.7522123893805309,0.9436324786324786,0.9142706631357633
0.8203592814371258,0.7235772357723578,0.7739130434782608,0.7478991596638656,0.8995036728211236,0.8873511370896564
0.8083832335329342,0.7073170731707317,0.7565217391304347,0.7310924369747899,0.8982330752432003,0.8724066267845547
0.8173652694610778,0.7121212121212122,0.8034188034188035,0.7550200803212851,0.9128756548111386,0.8996351058438583
0.8353293413173652,0.7024793388429752,0.8173076923076923,0.7555555555555555,0.9165133779264214,0.8909617055574824
0.8772455089820359,0.7522935779816514,0.8541666666666666,0.8,0.9547443977591037,0.9311733653191093
0.8323353293413174,0.7295081967213115,0.7946428571428571,0.7606837606837606,0.9152187902187903,0.893281975855868
0.8682634730538922,0.7560975609756098,0.8691588785046729,0.808695652173913,0.9568528963728435,0.9385087248038191
0.8323353293413174,0.7121212121212122,0.8392857142857143,0.7704918032786885,0.9227397039897041,0.9017378400412184
0.8502994011976048,0.7716535433070866,0.8235294117647058,0.7967479674796748,0.918858706273207,0.90516433871299
0.844311377245509,0.7222222222222222,0.8425925925925926,0.7777777777777778,0.91937069813176,0.8937530617044442
0.8293413173652695,0.7333333333333333,0.825,0.7764705882352941,0.92196261682243,0.9073956525214356
0.8233532934131736,0.6929133858267716,0.8148148148148148,0.7489361702127659,0.9286709275647328,0.9069019100143751
0.8323353293413174,0.7622950819672131,0.775,0.768595041322314,0.913239875389408,0.8977276125888973
0.8532934131736527,0.7256637168141593,0.82,0.7699530516431925,0.9236752136752138,0.8992392917244556
0.8383233532934131,0.7272727272727273,0.8073394495412844,0.7652173913043478,0.9242405708460755,0.8992803151625476
0.8143712574850299,0.6639344262295082,0.7941176470588235,0.7232142857142857,0.9254563894523327,0.8908235568707099
0.8622754491017964,0.765625,0.8596491228070176,0.8099173553719008,0.9463317384370016,0.9260939472470467
0.8383233532934131,0.7279411764705882,0.853448275862069,0.7857142857142857,0.9493831066118317,0.9303724406324761
0.8622754491017964,0.7837837837837838,0.7981651376146789,0.7909090909090909,0.9209378185524975,0.902410304009263
0.8323353293413174,0.6944444444444444,0.7653061224489796,0.7281553398058253,0.8915600138360428,0.8659491041318931
0.8353293413173652,0.7058823529411765,0.8076923076923077,0.7533632286995515,0.911036789297659,0.8810593857250755
0.8083832335329342,0.6885245901639344,0.7636363636363637,0.7241379310344828,0.9017045454545455,0.8760145263942515
0.8143712574850299,0.6692307692307692,0.8207547169811321,0.7372881355932204,0.9297004303210857,0.9037689033447686
0.844311377245509,0.7368421052631579,0.8521739130434782,0.7903225806451613,0.9423466349017271,0.9204486030142182
0.8712574850299402,0.7589285714285714,0.8415841584158416,0.7981220657276995,0.9271236136489185,0.9108638003912286
0.8622754491017964,0.7692307692307693,0.8256880733944955,0.7964601769911505,0.9420183486238531,0.9204213256588298
0.8233532934131736,0.712,0.7946428571428571,0.7510548523206751,0.9255550193050194,0.8948226807542156
0.8622754491017964,0.7637795275590551,0.8584070796460177,0.8083333333333333,0.9346894646217916,0.9185966944152086
0.8652694610778443,0.7578125,0.8738738738738738,0.8117154811715481,0.9410980487213672,0.9236434561503153
0.8832335329341318,0.7876106194690266,0.8557692307692307,0.8202764976958525,0.9594063545150502,0.9344184873236533
0.8323353293413174,0.7192982456140351,0.7735849056603774,0.7454545454545455,0.9220870572658061,0.8927748902932638
0.8353293413173652,0.7109375,0.8348623853211009,0.7679324894514767,0.9178389398572885,0.88666810015816
0.8293413173652695,0.6776859504132231,0.82,0.7420814479638009,0.912991452991453,0.8788481752939079
0.8502994011976048,0.7317073170731707,0.8411214953271028,0.782608695652174,0.9482481781876569,0.9209481056142184
0.8293413173652695,0.7153846153846154,0.8230088495575221,0.7654320987654321,0.9087013975093099,0.8860155665423686
0.844311377245509,0.7583333333333333,0.7982456140350878,0.7777777777777778,0.9215709728867625,0.9058106362835535
0.8323353293413174,0.7121212121212122,0.8392857142857143,0.7704918032786885,0.9294964607464609,0.9062411612744213
0.8532934131736527,0.7265625,0.8691588785046729,0.7914893617021277,0.9427312775330396,0.9159333926671602
0.8592814371257484,0.75,0.801980198019802,0.7751196172248804,0.9155228827603792,0.8908379029409583
0.8562874251497006,0.7454545454545455,0.803921568627451,0.7735849056603774,0.9064824205544286,0.8791990218484579
0.8233532934131736,0.7333333333333333,0.7652173913043478,0.7489361702127659,0.903037522334723,0.8804986480919058
0.8712574850299402,0.7075471698113207,0.8620689655172413,0.7772020725388601,0.9431802317464748,0.9164541958824208
0.8353293413173652,0.7333333333333333,0.7403846153846154,0.7368421052631579,0.919314381270903,0.8891704171717267
0.8562874251497006,0.7542372881355932,0.8240740740740741,0.7876106194690266,0.9067518846279908,0.8926414713853611
0.7874251497005988,0.631578947368421,0.7924528301886793,0.702928870292887,0.9108738828202583,0.8794277454645587
0.844311377245509,0.762589928057554,0.848,0.803030303030303,0.9337416267942584,0.9259106526477988
0.8473053892215568,0.7413793103448276,0.8037383177570093,0.7713004484304933,0.9037424348470501,0.8871726514340253
0.8383233532934131,0.6896551724137931,0.8163265306122449,0.7476635514018691,0.9130923555863023,0.8828348235353533
0.8173652694610778,0.7142857142857143,0.782608695652174,0.7468879668049793,0.9106214016279531,0.8813563297129866
0.7844311377245509,0.6434108527131783,0.7614678899082569,0.6974789915966386,0.8929255861365955,0.8555638894764312
0.8592814371257484,0.7637795275590551,0.8508771929824561,0.8049792531120332,0.9360047846889951,0.9234918880570568
0.8862275449101796,0.7983193277310925,0.8715596330275229,0.8333333333333334,0.9489092762487259,0.9306328707720318
0.8053892215568862,0.6666666666666666,0.7619047619047619,0.7111111111111111,0.9146600124766062,0.8726004258982478
0.8353293413173652,0.6981132075471698,0.7628865979381443,0.729064039408867,0.8920788203053635,0.8503797337982222
0.8203592814371258,0.7322834645669292,0.7815126050420168,0.7560975609756098,0.9011921047488762,0.8895327735105727
0.8473053892215568,0.7622950819672131,0.808695652173913,0.7848101265822784,0.9133214214810403,0.8943268011148658
0.8083832335329342,0.6850393700787402,0.7837837837837838,0.7310924369747899,0.8982749565709207,0.8769147794107375
0.8682634730538922,0.7642276422764228,0.8623853211009175,0.8103448275862069,0.9211009174311926,0.9118616539174229
0.8532934131736527,0.7578125,0.8434782608695652,0.7983539094650206,0.9348024617828072,0.9165753967276712
0.7994011976047904,0.6293103448275862,0.7525773195876289,0.6854460093896714,0.9040410631171429,0.8491486908567172
0.8622754491017964,0.7647058823529411,0.8348623853211009,0.7982456140350878,0.9321916411824669,0.9082804847667523
0.8413173652694611,0.7175572519083969,0.8545454545454545,0.7800829875518672,0.9329545454545455,0.9120873015710432
0.8413173652694611,0.7948717948717948,0.7622950819672131,0.7782426778242678,0.920159294772657,0.8944704817294454
0.8383233532934131,0.75,0.8017241379310345,0.775,0.9143467257197089,0.9046537909816773
0.8323353293413174,0.7107438016528925,0.8037383177570093,0.7543859649122807,0.9051010745605006,0.8845022981907086
0.8622754491017964,0.7719298245614035,0.8148148148148148,0.7927927927927928,0.9477220583415273,0.9300132195576805
0.8233532934131736,0.6991869918699187,0.7962962962962963,0.7445887445887446,0.9097017371353655,0.8872427167088729
0.8413173652694611,0.6859504132231405,0.8469387755102041,0.7579908675799086,0.9258906952611553,0.9069323159683498
0.8383233532934131,0.7563025210084033,0.782608695652174,0.7692307692307693,0.9289259479849116,0.9067596786682292
0.8353293413173652,0.7457627118644068,0.7787610619469026,0.7619047619047619,0.8989308453129379,0.8836793871066129
0.8173652694610778,0.7131147540983607,0.7699115044247787,0.7404255319148936,0.9116245545188804,0.8873802567829666
0.811377245508982,0.675,0.7714285714285715,0.72,0.8915367020170515,0.8661002148200307
0.8203592814371258,0.6851851851851852,0.74,0.7115384615384616,0.9122649572649573,0.8734538327829221
0.8502994011976048,0.7456140350877193,0.8018867924528302,0.7727272727272727,0.9221284342932803,0.8941239763895769
0.8323353293413174,0.7384615384615385,0.8135593220338984,0.7741935483870968,0.9232580037664783,0.9065376786865196
0.8173652694610778,0.6846153846153846,0.8165137614678899,0.7447698744769874,0.909072375127421,0.8831002535379234
0.8203592814371258,0.7153846153846154,0.8017241379310345,0.7560975609756098,0.9046187915216705,0.8926763455964857
0.8383233532934131,0.725,0.8055555555555556,0.7631578947368421,0.9212962962962963,0.897971387607376
0.7964071856287425,0.7008547008547008,0.7130434782608696,0.7068965517241379,0.9107008139765734,0.8805167177428689
0.8323353293413174,0.7293233082706767,0.8290598290598291,0.776,0.9159872385678837,0.905028864552389
0.8413173652694611,0.7203389830508474,0.8095238095238095,0.7623318385650224,0.9235184029943855,0.8947737922937578
0.8712574850299402,0.8151260504201681,0.8220338983050848,0.8185654008438819,0.9455822347771501,0.9287165396322118
0.8502994011976048,0.711864406779661,0.84,0.7706422018348624,0.9317521367521366,0.9039140897574444
0.8353293413173652,0.7244094488188977,0.8214285714285714,0.7698744769874477,0.9144144144144145,0.8944055323770357
0.8562874251497006,0.7642276422764228,0.831858407079646,0.7966101694915254,0.924438393464942,0.9121139897805145
0.8203592814371258,0.7117117117117117,0.7383177570093458,0.7247706422018348,0.9082300629914776,0.8730657839004295
0.844311377245509,0.7272727272727273,0.822429906542056,0.7719298245614035,0.9197579151056033,0.9007007780058996
0.7994011976047904,0.6434108527131783,0.7980769230769231,0.7124463519313304,0.907943143812709,0.86478739655762
0.8173652694610778,0.6434782608695652,0.7872340425531915,0.7081339712918661,0.9160904255319149,0.8659780326092357
0.8353293413173652,0.6896551724137931,0.8080808080808081,0.7441860465116279,0.9248656780571675,0.8967043952443261
0.8143712574850299,0.6991869918699187,0.7747747747747747,0.7350427350427351,0.9026784632165799,0.8765607077304121
0.8413173652694611,0.7192982456140351,0.7961165048543689,0.7557603686635944,0.9222460387508931,0.8849852737791859
0.8413173652694611,0.7388059701492538,0.8461538461538461,0.7888446215139442,0.9334357398873527,0.9202846685645005
0.7994011976047904,0.6521739130434783,0.7352941176470589,0.6912442396313364,0.8956643002028397,0.862521053859896
0.844311377245509,0.6904761904761905,0.87,0.7699115044247787,0.9493589743589743,0.9225137917700624
0.8083832335329342,0.664,0.7904761904761904,0.7217391304347827,0.8931170721563735,0.8701078977243344
0.8383233532934131,0.689922480620155,0.8640776699029126,0.7672413793103449,0.9472113646870928,0.9262458024199309
0.8473053892215568,0.7642276422764228,0.8103448275862069,0.7866108786610879,0.9358984498576399,0.9209977887627968
0.8263473053892215,0.6875,0.8301886792452831,0.7521367521367521,0.9247351870241642,0.8954258403759757
0.8413173652694611,0.7207207207207207,0.7843137254901961,0.7511737089201878,0.9043272481406356,0.8793071074416559
0.8233532934131736,0.7435897435897436,0.75,0.7467811158798283,0.920041126225878,0.8957178454044998
0.8532934131736527,0.7047619047619048,0.8043478260869565,0.751269035532995,0.9040603665109594,0.8751875097965549
0.8263473053892215,0.7232142857142857,0.75,0.7363636363636363,0.8990085217961323,0.8653094319450186
0.8383233532934131,0.7419354838709677,0.8070175438596491,0.773109243697479,0.9180223285486443,0.9042539996251624
0.8562874251497006,0.7129629629629629,0.8191489361702128,0.7623762376237624,0.9190602836879433,0.901917249153513
0.8682634730538922,0.7699115044247787,0.8285714285714286,0.7981651376146789,0.9301310043668121,0.9009416913318519
0.8203592814371258,0.7021276595744681,0.8461538461538461,0.7674418604651163,0.91972901650321,0.9018684300147984
0.7874251497005988,0.6376811594202898,0.8073394495412844,0.7125506072874493,0.8970030581039756,0.8701525218005228
0.844311377245509,0.7441860465116279,0.8347826086956521,0.7868852459016393,0.9275362318840579,0.9006691134890172
0.8233532934131736,0.711864406779661,0.7706422018348624,0.7400881057268722,0.9007135575942915,0.8733104016714959
0.8772455089820359,0.7837837837837838,0.8365384615384616,0.8093023255813954,0.93185618729097,0.9111298658209683
0.8562874251497006,0.7363636363636363,0.81,0.7714285714285715,0.9163247863247863,0.8943892052460674
0.811377245508982,0.6724137931034483,0.7572815533980582,0.7123287671232876,0.9084604715672676,0.8710375588248331
0.8233532934131736,0.6953125,0.8165137614678899,0.7510548523206751,0.91796126401631,0.8998966421239516
0.8473053892215568,0.75,0.7714285714285715,0.7605633802816901,0.9263048450821377,0.9002701463124032
0.8323353293413174,0.7154471544715447,0.8073394495412844,0.7586206896551724,0.929051987767584,0.90239058294235
0.8323353293413174,0.6776859504132231,0.8282828282828283,0.7454545454545455,0.9096067053513862,0.888752425440823
0.8473053892215568,0.7131147540983607,0.8446601941747572,0.7733333333333333,0.929643172361619,0.9005308559562142
0.844311377245509,0.7321428571428571,0.7884615384615384,0.7592592592592593,0.8950250836120401,0.8675227869099289
0.7934131736526946,0.6517857142857143,0.7087378640776699,0.6790697674418604,0.8595805489009373,0.8215793929958105
0.7754491017964071,0.6363636363636364,0.6666666666666666,0.6511627906976745,0.8463297982948638,0.8056896325790455
0.7964071856287425,0.6592592592592592,0.8018018018018018,0.7235772357723578,0.9103543004888296,0.8847284960364104
0.844311377245509,0.7521367521367521,0.7927927927927928,0.7719298245614035,0.9160101805841716,0.9002355358853145
0.8413173652694611,0.7410714285714286,0.7757009345794392,0.7579908675799086,0.8805220470171682,0.8704578713581935
0.8502994011976048,0.7256637168141593,0.8118811881188119,0.7663551401869159,0.9346024731228488,0.8982013125588665
0.7904191616766467,0.6474820143884892,0.8108108108108109,0.72,0.9001333171736761,0.8808198285782888
0.8203592814371258,0.6829268292682927,0.8,0.7368421052631579,0.9137866500311914,0.8773560640506707
0.8562874251497006,0.7637795275590551,0.8434782608695652,0.8016528925619835,0.9458407782410165,0.9226748273539498
0.8473053892215568,0.696,0.87,0.7733333333333333,0.9314102564102565,0.899548229963777
0.8233532934131736,0.7518796992481203,0.7936507936507936,0.7722007722007722,0.9160180097680096,0.9123590644107662
0.844311377245509,0.7614678899082569,0.7614678899082569,0.7614678899082569,0.9252599388379206,0.8933231892307452
0.8203592814371258,0.6666666666666666,0.7755102040816326,0.7169811320754716,0.9046610169491525,0.8795315960775358
0.8473053892215568,0.7345132743362832,0.7980769230769231,0.7649769585253456,0.90564381270903,0.8871799778674689
0.8023952095808383,0.6976744186046512,0.7692307692307693,0.7317073170731707,0.9007838040096106,0.8821179151852876
0.8323353293413174,0.7416666666666667,0.7807017543859649,0.7606837606837606,0.9204545454545454,0.8980535821920937
0.844311377245509,0.704,0.8543689320388349,0.7719298245614035,0.9288446181650065,0.9144137814506851
0.8592814371257484,0.7222222222222222,0.8210526315789474,0.7684729064039408,0.9378550979960361,0.9045384495721618
0.8353293413173652,0.7101449275362319,0.8672566371681416,0.7808764940239044,0.9392543947463261,0.9189245963098496
0.844311377245509,0.7307692307692307,0.8482142857142857,0.7851239669421488,0.9300595238095237,0.9091413502571416
0.8263473053892215,0.7241379310344828,0.7636363636363637,0.7433628318584071,0.9167613636363636,0.8834262491443889
0.8173652694610778,0.7272727272727273,0.7933884297520661,0.758893280632411,0.9012144492298142,0.8873717883592843
0.8592814371257484,0.7758620689655172,0.8108108108108109,0.7929515418502202,0.9360077566355595,0.9115436413752921
0.8263473053892215,0.7407407407407407,0.8130081300813008,0.7751937984496124,0.9091049204330905,0.8927413323241946
0.8532934131736527,0.7394957983193278,0.8301886792452831,0.7822222222222223,0.9223766964581266,0.9074808628665443
0.781437125748503,0.6124031007751938,0.7745098039215687,0.683982683982684,0.8854800540906018,0.8646387591904181
0.7904191616766467,0.6379310344827587,0.7254901960784313,0.6788990825688074,0.8994675456389452,0.8523643483890702
0.844311377245509,0.7619047619047619,0.8135593220338984,0.7868852459016393,0.9336550533584431,0.902057362062677
0.8502994011976048,0.7130434782608696,0.8282828282828283,0.7663551401869159,0.9452826133677198,0.9208909738168214
0.8323353293413174,0.7132352941176471,0.8508771929824561,0.776,0.9364832535885168,0.9115215294794279
0.8263473053892215,0.6890756302521008,0.7961165048543689,0.7387387387387387,0.9303576682217458,0.9055812130930729
0.8143712574850299,0.6829268292682927,0.7850467289719626,0.7304347826086957,0.8946024949565647,0.8744825115559683
0.8383233532934131,0.7099236641221374,0.8532110091743119,0.775,0.9317431192660551,0.9050601113383572
0.8083832335329342,0.6379310344827587,0.7708333333333334,0.6981132075471698,0.8809086134453781,0.8411639339500465
0.8502994011976048,0.7479674796747967,0.8288288288288288,0.7863247863247863,0.9261099664687108,0.9018558533899781
0.8323353293413174,0.7211538461538461,0.7352941176470589,0.7281553398058253,0.9181034482758621,0.874879575144007
0.7994011976047904,0.753968253968254,0.7251908396946565,0.7392996108949417,0.8782762381077728,0.8752049581358743
0.8263473053892215,0.7022900763358778,0.8288288288288288,0.7603305785123967,0.9112834807902074,0.8857795426340296
0.8233532934131736,0.7128712871287128,0.7058823529411765,0.7093596059113301,0.8951994590939825,0.8509375857921679
0.844311377245509,0.7109375,0.8584905660377359,0.7777777777777778,0.9450926845415425,0.9283610890600034
0.8293413173652695,0.7364341085271318,0.8050847457627118,0.7692307692307693,0.9146264908976773,0.9010977211468528
0.8652694610778443,0.7383177570093458,0.8229166666666666,0.7783251231527094,0.9463848039215687,0.912235910068324
0.8233532934131736,0.6953125,0.8165137614678899,0.7510548523206751,0.9009582059123344,0.8803317021053245
0.844311377245509,0.746031746031746,0.8245614035087719,0.7833333333333333,0.928548644338118,0.9076310168279333
0.8652694610778443,0.7563025210084033,0.8490566037735849,0.8,0.93164515061238,0.9001216559067625
0.8263473053892215,0.7142857142857143,0.7547169811320755,0.7339449541284404,0.9177010923535254,0.8824635911573826
0.844311377245509,0.75,0.7909090909090909,0.7699115044247787,0.9287337662337662,0.8978672611713575
0.8622754491017964,0.7641509433962265,0.7941176470588235,0.7788461538461539,0.9218644354293442,0.8981137402381326
0.8173652694610778,0.5982142857142857,0.8072289156626506,0.6871794871794872,0.9234387750204005,0.859327520745202
0.8562874251497006,0.7739130434782608,0.8018018018018018,0.7876106194690266,0.9239284127176504,0.9022546833270022
0.8562874251497006,0.7094017094017094,0.8556701030927835,0.7757009345794392,0.917438775066336,0.8877374541216104
0.8622754491017964,0.7416666666666667,0.8557692307692307,0.7946428571428571,0.9481605351170568,0.917245685528284
0.8562874251497006,0.7520661157024794,0.8348623853211009,0.7913043478260869,0.9252599388379206,0.9060965113902198
0.8323353293413174,0.7163120567375887,0.8632478632478633,0.7829457364341085,0.9174445626058529,0.9066651932220245
0.8143712574850299,0.6349206349206349,0.8333333333333334,0.7207207207207207,0.9243259803921569,0.8871581086088967
0.8293413173652695,0.7317073170731707,0.7894736842105263,0.759493670886076,0.9053429027113238,0.8895095135050176
0.8652694610778443,0.7580645161290323,0.8623853211009175,0.8068669527896996,0.9252191641182468,0.9080822785219554
0.7994011976047904,0.6846846846846847,0.7037037037037037,0.6940639269406392,0.8800393313667652,0.8320647446391567
0.8592814371257484,0.7105263157894737,0.8526315789473684,0.7751196172248804,0.9555164060779563,0.9224642934532091
0.8143712574850299,0.6916666666666667,0.7685185185185185,0.7280701754385965,0.8988856112749917,0.8818445836947154
0.8263473053892215,0.7327586206896551,0.7589285714285714,0.7456140350877193,0.8797458172458172,0.863984800115001
0.8293413173652695,0.7355371900826446,0.7807017543859649,0.7574468085106383,0.9085725677830941,0.8814368585579972
0.8682634730538922,0.7521367521367521,0.8543689320388349,0.8,0.9427142436851175,0.9224675306041265
0.8682634730538922,0.7933884297520661,0.8347826086956521,0.8135593220338984,0.9411554496724241,0.9268888645653917
0.8473053892215568,0.7563025210084033,0.8035714285714286,0.7792207792207793,0.9329954954954954,0.9126441100875983
0.8323353293413174,0.7350427350427351,0.7747747747747747,0.7543859649122807,0.910435098775906,0.8870695924886541
0.8562874251497006,0.746268656716418,0.8771929824561403,0.8064516129032258,0.9481658692185009,0.9303443730126968
0.8473053892215568,0.752,0.8245614035087719,0.7866108786610879,0.9023125996810207,0.890772887035407
0.8383233532934131,0.7540983606557377,0.7931034482758621,0.773109243697479,0.9042233470420753,0.8848633296881577
0.8413173652694611,0.736,0.8214285714285714,0.7763713080168776,0.927726833976834,0.9081991196947335
0.8203592814371258,0.6349206349206349,0.851063829787234,0.7272727272727273,0.9283687943262412,0.8832866198245283
0.8383233532934131,0.7322834645669292,0.8230088495575221,0.775,0.9285228046289993,0.9121449662385852
0.8532934131736527,0.7619047619047619,0.8347826086956521,0.7966804979253111,0.9304347826086957,0.9171532653457906
0.8473053892215568,0.7982456140350878,0.7647058823529411,0.7811158798283262,0.9005667383232361,0.8870100760841594
0.8592814371257484,0.71,0.797752808988764,0.7513227513227513,0.9420316441183214,0.8876318328715253
0.8293413173652695,0.7333333333333333,0.7264150943396226,0.7298578199052133,0.9131496193313472,0.8799969886983279
0.7964071856287425,0.6821705426356589,0.7652173913043478,0.7213114754098361,0.900019853087155,0.8890844995208455
0.8353293413173652,0.7083333333333334,0.8095238095238095,0.7555555555555555,0.9127469328342692,0.8898841318487066
0.8323353293413174,0.7213114754098361,0.8,0.7586206896551724,0.8916801948051947,0.8739169493455823
0.8383233532934131,0.7333333333333333,0.8,0.7652173913043478,0.9125811688311688,0.8932589710158844
0.8652694610778443,0.8095238095238095,0.7727272727272727,0.7906976744186046,0.9243912337662339,0.9037563203523836
0.844311377245509,0.7235772357723578,0.8317757009345794,0.7739130434782608,0.9192638643007123,0.9083366962621333
0.8622754491017964,0.7350427350427351,0.8514851485148515,0.7889908256880734,0.941018994603323,0.9177257541455556
0.8413173652694611,0.7153846153846154,0.8532110091743119,0.7782426778242678,0.9454434250764526,0.9254778877284789
0.8532934131736527,0.7575757575757576,0.8547008547008547,0.8032128514056225,0.9360352908740005,0.9270501413757888
0.7964071856287425,0.6747967479674797,0.7477477477477478,0.7094017094017094,0.9000929180301377,0.8799664971110845
0.844311377245509,0.72,0.8411214953271028,0.7758620689655172,0.9356498826629338,0.9153352395704586
0.8712574850299402,0.7457627118644068,0.8712871287128713,0.8036529680365296,0.9453533336166234,0.9233489646856265
0.8263473053892215,0.7295081967213115,0.7807017543859649,0.7542372881355932,0.900877192982456,0.8873932369993838
0.844311377245509,0.6974789915966386,0.8383838383838383,0.7614678899082569,0.9353535353535353,0.9026090978226909
0.8413173652694611,0.7416666666666667,0.8018018018018018,0.7705627705627706,0.9436835939078091,0.9154029320680201
0.8622754491017964,0.784,0.8376068376068376,0.8099173553719008,0.9482059159478515,0.9338205673960772
0.8562874251497006,0.7428571428571429,0.7878787878787878,0.7647058823529411,0.9189770040833871,0.8940250593785455
0.8353293413173652,0.7457627118644068,0.7787610619469026,0.7619047619047619,0.9061786729668041,0.8853138709227838
0.8173652694610778,0.6936936936936937,0.7403846153846154,0.7162790697674418,0.9086956521739131,0.8754227515038734
0.8592814371257484,0.753731343283582,0.8782608695652174,0.8112449799196787,0.9428628151677585,0.931443051518284
0.8592814371257484,0.7272727272727273,0.8627450980392157,0.7892376681614349,0.9447684246112238,0.9153510967492097
0.8413173652694611,0.6396396396396397,0.8452380952380952,0.7282051282051282,0.9346666666666668,0.8944991005184674
0.811377245508982,0.6923076923076923,0.75,0.72,0.8940101606030809,0.8616765231449903
0.8562874251497006,0.7478260869565218,0.819047619047619,0.7818181818181819,0.9369931378665004,0.9057059834276026
0.8353293413173652,0.712,0.8240740740740741,0.7639484978540773,0.9217879383808587,0.9008134777134742
0.8353293413173652,0.7272727272727273,0.8,0.7619047619047619,0.8960633116883117,0.8838814393259502
0.8293413173652695,0.7154471544715447,0.8,0.7553648068669528,0.9176948051948053,0.8961703426813823
0.8502994011976048,0.7603305785123967,0.8141592920353983,0.7863247863247863,0.9162695711368277,0.9030644699186177
0.8203592814371258,0.680672268907563,0.7864077669902912,0.7297297297297297,0.9183793552725591,0.886201241927651
0.8233532934131736,0.7130434782608696,0.7592592592592593,0.7354260089686099,0.9046214355948868,0.8722515375715996
0.8502994011976048,0.7314814814814815,0.79,0.7596153846153846,0.9231623931623931,0.8963122697883835
0.8532934131736527,0.7333333333333333,0.8380952380952381,0.7822222222222223,0.9279683925972135,0.9021553120116961
0.7964071856287425,0.6428571428571429,0.7788461538461539,0.7043478260869566,0.8907190635451505,0.8622262499342996
0.8233532934131736,0.7132867132867133,0.85,0.7756653992395437,0.9223130841121495,0.9081471428149345
0.8323353293413174,0.6614173228346457,0.865979381443299,0.75,0.9287920309713342,0.8928778515114022
0.8323353293413174,0.6896551724137931,0.8,0.7407407407407407,0.9003846153846153,0.8729503656971598
0.8323353293413174,0.7279411764705882,0.8389830508474576,0.7795275590551181,0.9192168863779033,0.9041433357993662
0.844311377245509,0.7165354330708661,0.8504672897196262,0.7777777777777778,0.9250689612581826,0.907086703752775
0.8173652694610778,0.712,0.7807017543859649,0.7447698744769874,0.8993221690590111,0.8778096267243257
0.8233532934131736,0.7222222222222222,0.7913043478260869,0.7551867219917012,0.9222950168751242,0.9066398401861431
0.8203592814371258,0.6917808219178082,0.8706896551724138,0.7709923664122137,0.927238215754508,0.9120692371825242
0.8413173652694611,0.6851851851851852,0.7956989247311828,0.736318407960199,0.9316468121179672,0.8880095367133559
0.8083832335329342,0.6906474820143885,0.8205128205128205,0.75,0.9194533065500807,0.9007585760202328
0.844311377245509,0.7322834645669292,0.8378378378378378,0.7815126050420168,0.8999717205995232,0.8940809229063427
0.8323353293413174,0.7142857142857143,0.8181818181818182,0.7627118644067796,0.9318181818181819,0.9138264648378847
0.8383233532934131,0.7196969696969697,0.8482142857142857,0.7786885245901639,0.9267615830115831,0.9029578603883412
0.8203592814371258,0.7226890756302521,0.7610619469026548,0.7413793103448276,0.9022544347895728,0.8778491094887222
0.8353293413173652,0.7203389830508474,0.794392523364486,0.7555555555555555,0.9123883239326445,0.8832246488390315
0.8682634730538922,0.8214285714285714,0.7931034482758621,0.8070175438596491,0.9315881050300537,0.9197055990120641
0.8203592814371258,0.6666666666666666,0.7628865979381443,0.7115384615384616,0.8934272913132368,0.853273829777802
0.8233532934131736,0.6810344827586207,0.7821782178217822,0.728110599078341,0.9090638677601666,0.8814372051820675
0.811377245508982,0.6302521008403361,0.7978723404255319,0.704225352112676,0.9221631205673759,0.873442732022991
0.844311377245509,0.7416666666666667,0.8090909090909091,0.7739130434782608,0.9352272727272728,0.9010213860776559
0.844311377245509,0.6796116504854369,0.7865168539325843,0.7291666666666666,0.9121761063976153,0.8774022577931389
0.8562874251497006,0.7983193277310925,0.7983193277310925,0.7983193277310925,0.9052179011139339,0.9035831466317836
0.7934131736526946,0.6306306306306306,0.7142857142857143,0.6698564593301436,0.8776374956762366,0.8244268596686813
0.8293413173652695,0.6554621848739496,0.8297872340425532,0.7323943661971831,0.9411347517730497,0.8975878107751339
0.8682634730538922,0.8235294117647058,0.8099173553719008,0.8166666666666667,0.9165405657082993,0.914681427178149
0.8323353293413174,0.7,0.8425925925925926,0.7647058823529411,0.942969518190757,0.9146863215748325
0.8053892215568862,0.6484375,0.8058252427184466,0.7186147186147186,0.9227083596015635,0.892048267119381
0.8233532934131736,0.7105263157894737,0.7570093457943925,0.7330316742081447,0.8943554695541192,0.8673931899206682
0.8203592814371258,0.703125,0.8035714285714286,0.75,0.9040379665379665,0.8793015348115303
0.8383233532934131,0.7105263157894737,0.7941176470588235,0.75,0.9069895199459094,0.8844811675295294
0.8173652694610778,0.6666666666666666,0.8155339805825242,0.7336244541484717,0.9100575799604926,0.8806733974138414
0.8293413173652695,0.6923076923076923,0.7941176470588235,0.7397260273972602,0.9167089249492901,0.8847103916923565
0.8502994011976048,0.7384615384615385,0.8571428571428571,0.7933884297520661,0.9385859073359073,0.9170599030568392
0.8143712574850299,0.6942148760330579,0.7706422018348624,0.7304347826086957,0.8934964322120287,0.8731731666640463
0.8173652694610778,0.7387387387387387,0.7192982456140351,0.7288888888888889,0.8750398724082935,0.8626771906646222
0.8083832335329342,0.6496350364963503,0.8476190476190476,0.7355371900826446,0.9164899147431897,0.8842391278228048
0.8173652694610778,0.6666666666666666,0.8380952380952381,0.7426160337552743,0.9230193387398627,0.9013092120899616
0.8622754491017964,0.782608695652174,0.8108108108108109,0.7964601769911505,0.9126570516705046,0.8943659380100801
0.7934131736526946,0.6506849315068494,0.8407079646017699,0.7335907335907336,0.9239578745044648,0.9068322845914458
0.8353293413173652,0.7611940298507462,0.816,0.7876447876447876,0.9176267942583732,0.9129268857777441
0.8353293413173652,0.6929133858267716,0.8461538461538461,0.7619047619047619,0.9260869565217392,0.9070522638720587
0.8173652694610778,0.7058823529411765,0.7636363636363637,0.7336244541484717,0.90762987012987,0.8800084357651173
0.8353293413173652,0.7295081967213115,0.8018018018018018,0.7639484978540773,0.9005777077525956,0.8817052943574626
0.8263473053892215,0.6774193548387096,0.8235294117647058,0.7433628318584071,0.8960023664638268,0.8748886569815082
0.7964071856287425,0.688,0.7478260869565218,0.7166666666666667,0.8806829461981337,0.8678633064617892
0.8383233532934131,0.6885245901639344,0.84,0.7567567567567568,0.923974358974359,0.9038516241665446
0.8173652694610778,0.704,0.7857142857142857,0.7426160337552743,0.9077783140283141,0.8815236625481804
0.8203592814371258,0.6694915254237288,0.79,0.7247706422018348,0.9197008547008546,0.8867846613750223
0.8083832335329342,0.7478260869565218,0.7107438016528925,0.7288135593220338,0.884452721840686,0.8640215844922301
0.8473053892215568,0.7819548872180451,0.8253968253968254,0.803088803088803,0.9328830891330893,0.9181524696333003
0.8233532934131736,0.7063492063492064,0.8018018018018018,0.7510548523206751,0.9105562962065205,0.8964926066602078
0.8652694610778443,0.7804878048780488,0.8421052631578947,0.810126582278481,0.9311403508771929,0.9146986846287326
0.8383233532934131,0.7435897435897436,0.7837837837837838,0.7631578947368421,0.9203732880862926,0.8912293465364289
0.844311377245509,0.7758620689655172,0.7758620689655172,0.7758620689655172,0.9159680480860488,0.8928484626469788
0.8532934131736527,0.7637795275590551,0.8362068965517241,0.7983539094650206,0.9392201834862386,0.9200885565956227
0.8772455089820359,0.7685185185185185,0.8383838383838383,0.8019323671497585,0.9298946915968193,0.907665340661582
0.8712574850299402,0.8035714285714286,0.8108108108108109,0.8071748878923767,0.9271199450571648,0.913211267085722
0.844311377245509,0.7033898305084746,0.83,0.7614678899082569,0.926923076923077,0.8957749025238563
0.8203592814371258,0.75,0.796875,0.7727272727272727,0.9069326456310679,0.9013309457160822
0.844311377245509,0.7419354838709677,0.8214285714285714,0.7796610169491526,0.935770592020592,0.9197998473688396
0.8652694610778443,0.75,0.8918918918918919,0.8148148148148148,0.9397244778410697,0.9307646322327274
0.8233532934131736,0.6854838709677419,0.8095238095238095,0.74235807860262,0.9167394468704513,0.889968064975849
0.8233532934131736,0.6428571428571429,0.7912087912087912,0.7093596059113301,0.9124949124949124,0.8637578485357138
0.8323353293413174,0.7647058823529411,0.7647058823529411,0.7647058823529411,0.9113152237639242,0.894641189450032
0.844311377245509,0.725925925925926,0.8672566371681416,0.7903225806451613,0.9261202098266127,0.9086901193190687
0.8502994011976048,0.7350427350427351,0.819047619047619,0.7747747747747747,0.912830110210023,0.8928340698135628
0.8263473053892215,0.7192982456140351,0.7592592592592593,0.7387387387387387,0.9126925598164537,0.8854586347702987
0.8682634730538922,0.7540983606557377,0.8679245283018868,0.8070175438596491,0.9269281694803047,0.9126265620425196
0.8592814371257484,0.7024793388429752,0.8854166666666666,0.783410138248848,0.947829131652661,0.9290289465705066
0.844311377245509,0.7368421052631579,0.7924528301886793,0.7636363636363637,0.9129427341939756,0.8951510533181617
0.8143712574850299,0.6885245901639344,0.7777777777777778,0.7304347826086957,0.8978613569321534,0.8613964573323944
0.8053892215568862,0.6260162601626016,0.8020833333333334,0.7031963470319634,0.9164478291316527,0.875735321221784
0.8532934131736527,0.7767857142857143,0.7837837837837838,0.7802690582959642,0.9059103946996323,0.8873996328112949
0.8023952095808383,0.6821705426356589,0.7787610619469026,0.7272727272727273,0.9042565971248949,0.8770805129068436
0.8473053892215568,0.7238805970149254,0.8738738738738738,0.7918367346938775,0.926917949339474,0.9122353477608112
0.8143712574850299,0.7063492063492064,0.7807017543859649,0.7416666666666667,0.9072567783094099,0.8870967481672646
0.8413173652694611,0.7874015748031497,0.7936507936507936,0.7905138339920948,0.9138812576312576,0.9056286282274939
0.811377245508982,0.6724137931034483,0.7572815533980582,0.7123287671232876,0.8916908334384062,0.8612821544752837
0.8502994011976048,0.7586206896551724,0.8,0.7787610619469026,0.9048295454545456,0.8953885610584214
0.8383233532934131,0.696,0.8446601941747572,0.7631578947368421,0.9157315176732652,0.8942593285690593
0.8263473053892215,0.6967213114754098,0.8018867924528302,0.7456140350877193,0.9354932141674943,0.9038708010324878
0.8053892215568862,0.6691729323308271,0.8090909090909091,0.7325102880658436,0.9132711038961039,0.8951778800534658
0.8233532934131736,0.6929824561403509,0.7669902912621359,0.728110599078341,0.8903038708863953,0.8524869070908876
0.8173652694610778,0.6639344262295082,0.801980198019802,0.726457399103139,0.9200696893723708,0.8835919070085276
0.8592814371257484,0.7610619469026548,0.8113207547169812,0.7853881278538812,0.9133978814961934,0.8983995644776563
0.8712574850299402,0.776,0.8660714285714286,0.8185654008438819,0.9389076576576576,0.92671235355983
0.7844311377245509,0.6201550387596899,0.7766990291262136,0.6896551724137931,0.903501029714622,0.8730710870977834
0.8562874251497006,0.7777777777777778,0.8305084745762712,0.8032786885245902,0.9196876961707471,0.9009195094735205
0.844311377245509,0.7619047619047619,0.8135593220338984,0.7868852459016393,0.9323210922787194,0.9142351289319559
0.8532934131736527,0.7272727272727273,0.8080808080808081,0.7655502392344498,0.9328175370728562,0.8888738445353989
0.8413173652694611,0.7363636363636363,0.7714285714285715,0.7534883720930232,0.9027240590559367,0.8719190454034238
0.8323353293413174,0.6974789915966386,0.8058252427184466,0.7477477477477478,0.935611314252091,0.9017173392209562
0.8383233532934131,0.7131147540983607,0.8207547169811321,0.7631578947368421,0.9198113207547169,0.8899453045491571
0.8353293413173652,0.6782608695652174,0.8125,0.7393364928909952,0.8766631652661064,0.8510750887240969
0.8233532934131736,0.7575757575757576,0.7874015748031497,0.7722007722007722,0.9172277378371182,0.8962317190132114
0.8592814371257484,0.7711864406779662,0.8198198198198198,0.7947598253275109,0.9341493960328041,0.9164511057834487
0.8203592814371258,0.6756756756756757,0.7575757575757576,0.7142857142857143,0.9101225016118633,0.8745629231549105
0.8473053892215568,0.7711864406779662,0.7913043478260869,0.7811158798283262,0.9033948779035139,0.8947908893426489
0.8383233532934131,0.7419354838709677,0.8070175438596491,0.773109243697479,0.9324960127591707,0.9037490478652889
0.8473053892215568,0.7327586206896551,0.8095238095238095,0.7692307692307693,0.9248908296943231,0.8968229519697121
0.8413173652694611,0.7518248175182481,0.8442622950819673,0.7953667953667953,0.9304825239715434,0.925722706345261
0.8562874251497006,0.7787610619469026,0.7927927927927928,0.7857142857142857,0.9130610431058862,0.8958321004831404
0.8532934131736527,0.7457627118644068,0.822429906542056,0.7822222222222223,0.9293095640001646,0.9091570514244098
0.8293413173652695,0.6916666666666667,0.8058252427184466,0.7443946188340808,0.9185474719455302,0.8828716047134691
0.8652694610778443,0.7711864406779662,0.8348623853211009,0.801762114537445,0.9264424057084609,0.9097575487052163
0.8562874251497006,0.7538461538461538,0.8596491228070176,0.8032786885245902,0.9346491228070175,0.9160705175334357
0.8473053892215568,0.7043478260869566,0.826530612244898,0.7605633802816901,0.9084659287443793,0.8824028671078443
0.7694610778443114,0.5703125,0.7684210526315789,0.6547085201793722,0.8838141378550979,0.8512798420421734
0.8203592814371258,0.7094017094017094,0.7614678899082569,0.7345132743362832,0.9094393476044852,0.8869559595818391
0.8473053892215568,0.7435897435897436,0.8055555555555556,0.7733333333333333,0.93616846935431,0.9102326338404633
0.7874251497005988,0.6549295774647887,0.808695652173913,0.7237354085603113,0.9100655151876117,0.8879002558922744
0.8502994011976048,0.7377049180327869,0.8333333333333334,0.782608695652174,0.9490331039003606,0.92633006065184
0.844311377245509,0.7272727272727273,0.822429906542056,0.7719298245614035,0.9314092799209519,0.9090080931295949
0.8293413173652695,0.7380952380952381,0.7948717948717948,0.7654320987654321,0.8955059277639923,0.8842357342279893
0.8053892215568862,0.6535433070866141,0.7980769230769231,0.7186147186147186,0.9122909698996655,0.8860827285213376
0.844311377245509,0.7768595041322314,0.7899159663865546,0.7833333333333333,0.9188977916748096,0.9001778503535792
0.8203592814371258,0.7049180327868853,0.7818181818181819,0.7413793103448276,0.9025568181818182,0.8770434910078018
0.8293413173652695,0.7027027027027027,0.7647058823529411,0.7323943661971831,0.9188640973630832,0.8816288000812784
0.8173652694610778,0.6834532374100719,0.8482142857142857,0.7569721115537849,0.9181145431145432,0.9034932964550221
0.8263473053892215,0.728,0.7913043478260869,0.7583333333333333,0.8842962080603534,0.8761741993821975
0.8413173652694611,0.7264957264957265,0.8018867924528302,0.7623318385650224,0.928417742469381,0.8899636489937832
0.8233532934131736,0.689922480620155,0.8240740740740741,0.7510548523206751,0.9207636840380203,0.9011235562070372
0.8293413173652695,0.6923076923076923,0.7941176470588235,0.7397260273972602,0.9069050033806625,0.8817715662433562
0.8652694610778443,0.7768595041322314,0.8392857142857143,0.8068669527896996,0.9224581724581724,0.9039066446306464
0.8562874251497006,0.776,0.8290598290598291,0.8016528925619835,0.9548623419591161,0.9331796639315606
0.8323353293413174,0.7431192660550459,0.7431192660550459,0.7431192660550459,0.8819164118246687,0.8600950884532818
0.8802395209580839,0.7714285714285715,0.8350515463917526,0.801980198019802,0.9305754926269085,0.9090938376754865
0.8383233532934131,0.7142857142857143,0.7843137254901961,0.7476635514018691,0.9161173089925625,0.8847947123965805
0.8473053892215568,0.7333333333333333,0.822429906542056,0.775330396475771,0.9218164601259831,0.8988755131150947
0.8323353293413174,0.752,0.7899159663865546,0.7704918032786885,0.906937658784444,0.8966016294023869
0.8293413173652695,0.6551724137931034,0.8172043010752689,0.7272727272727273,0.9098291170302948,0.8737235607359949
0.8173652694610778,0.6440677966101694,0.8,0.7136150234741784,0.9144241356529399,0.8862975298037428
0.8353293413173652,0.7297297297297297,0.7641509433962265,0.7465437788018433,0.9202664680569348,0.8913235778145541
0.8203592814371258,0.6885245901639344,0.7924528301886793,0.7368421052631579,0.896019529956968,0.87930024450016
0.8473053892215568,0.7043478260869566,0.826530612244898,0.7605633802816901,0.9286146662054653,0.8906776349034241
0.8532934131736527,0.7830188679245284,0.7614678899082569,0.772093023255814,0.9108256880733946,0.8858897467369055
0.8353293413173652,0.7295081967213115,0.8018018018018018,0.7639484978540773,0.9023148709247364,0.8792295554155609
0.811377245508982,0.6637168141592921,0.75,0.704225352112676,0.8904700854700855,0.8561181080500742
0.8532934131736527,0.7575757575757576,0.8547008547008547,0.8032128514056225,0.9252432155657961,0.9114576611223982
0.8173652694610778,0.6940298507462687,0.8230088495575221,0.7530364372469636,0.9035758619308853,0.8856930199230981
0.8263473053892215,0.6754385964912281,0.7857142857142857,0.7264150943396226,0.9163351781390523,0.8759450959532806
0.8473053892215568,0.7457627118644068,0.8073394495412844,0.775330396475771,0.9191029561671764,0.9034571492337817
0.8203592814371258,0.6991869918699187,0.7889908256880734,0.7413793103448276,0.9211416921508665,0.8925068264151967
0.8682634730538922,0.7787610619469026,0.822429906542056,0.8,0.9214870929227221,0.9059333534072206
0.8323353293413174,0.7637795275590551,0.7886178861788617,0.776,0.9127268523870072,0.9055390495617689
0.8293413173652695,0.717741935483871,0.8018018018018018,0.7574468085106383,0.9288167090857674,0.9051752810935387
0.8712574850299402,0.7586206896551724,0.8543689320388349,0.8036529680365296,0.9420417769932332,0.9194528203592165
0.8383233532934131,0.7102803738317757,0.7676767676767676,0.7378640776699029,0.9088330109606706,0.8685604174789324
0.8712574850299402,0.7830188679245284,0.8058252427184466,0.7942583732057417,0.9356113142520909,0.914234629050535
0.7844311377245509,0.6691729323308271,0.7606837606837606,0.712,0.8858560794044665,0.860384092856916
0.844311377245509,0.7435897435897436,0.7981651376146789,0.7699115044247787,0.9134760448521917,0.8871402884058626
0.8323353293413174,0.7352941176470589,0.8333333333333334,0.78125,0.9180295950155762,0.9113209437692151
0.8323353293413174,0.7350427350427351,0.7747747747747747,0.7543859649122807,0.9010624974750536,0.880905822626581
0.8682634730538922,0.7777777777777778,0.8076923076923077,0.7924528301886793,0.91814381270903,0.9011003794967869
0.8772455089820359,0.8067226890756303,0.8421052631578947,0.8240343347639485,0.9381578947368422,0.9171365137550779
0.8353293413173652,0.7232142857142857,0.7714285714285715,0.7465437788018433,0.918444583073404,0.8837455356289619
0.8353293413173652,0.7364341085271318,0.8189655172413793,0.7755102040816326,0.9108668142992724,0.8905485298954395
0.8622754491017964,0.7058823529411765,0.8842105263157894,0.7850467289719626,0.9513323056595463,0.918012984344363
0.8383233532934131,0.7520661157024794,0.7913043478260869,0.7711864406779662,0.926384752829065,0.8950841525563504
0.8263473053892215,0.7094017094017094,0.7757009345794392,0.7410714285714286,0.9043599983531639,0.8811753770173023
0.8263473053892215,0.7241379310344828,0.7636363636363637,0.7433628318584071,0.8976461038961039,0.870741128882771
0.8083832335329342,0.631578947368421,0.7659574468085106,0.6923076923076923,0.8925531914893619,0.8604916185598064
0.8233532934131736,0.7280701754385965,0.7477477477477478,0.7377777777777778,0.9104350987759059,0.8722548779595236
0.811377245508982,0.7230769230769231,0.7768595041322314,0.749003984063745,0.9148333527334809,0.8930652731541688
0.8263473053892215,0.7560975609756098,0.768595041322314,0.7622950819672131,0.8844139215458038,0.8772669712741864
0.8323353293413174,0.722972972972973,0.8770491803278688,0.7925925925925926,0.9460253634395299,0.9355030640344678
0.8023952095808383,0.6696428571428571,0.7211538461538461,0.6944444444444444,0.8788879598662207,0.8399197241047547
0.8203592814371258,0.675,0.7941176470588235,0.7297297297297297,0.9015804597701149,0.8629854971899931
0.811377245508982,0.6557377049180327,0.7920792079207921,0.7174887892376681,0.9025623592402158,0.8633144968014334
0.8353293413173652,0.725,0.7981651376146789,0.759825327510917,0.9181243628950052,0.8987283262759733
0.8562874251497006,0.7142857142857143,0.8585858585858586,0.7798165137614679,0.9411132602621965,0.907884746198104
0.8682634730538922,0.788135593220339,0.8303571428571429,0.808695652173913,0.9356901544401544,0.9189224307589127
0.8053892215568862,0.6086956521739131,0.7777777777777778,0.6829268292682927,0.9047358834244079,0.8519197768901355
0.8083832335329342,0.6666666666666666,0.72,0.6923076923076923,0.8923504273504274,0.8473617790693408
0.8353293413173652,0.7314814814814815,0.7523809523809524,0.7417840375586855,0.9238927011852777,0.8857032585511544
0.8323353293413174,0.6942148760330579,0.8155339805825242,0.75,0.9025343588450385,0.8770616910637716
0.8023952095808383,0.6727272727272727,0.7115384615384616,0.6915887850467289,0.8883361204013379,0.8419845291272767
0.874251497005988,0.7567567567567568,0.8484848484848485,0.8,0.9566301310982164,0.9321078683390631
0.8143712574850299,0.6336633663366337,0.7191011235955056,0.6736842105263158,0.8836046778261866,0.8368734435721922
0.844311377245509,0.7247706422018348,0.7821782178217822,0.7523809523809524,0.8995878128585391,0.8714467698073906
0.8383233532934131,0.7459016393442623,0.7982456140350878,0.7711864406779662,0.9231658692185009,0.9067605331611456
0.8263473053892215,0.7083333333333334,0.7870370370370371,0.7456140350877193,0.9114224844313341,0.883317568943237
0.8383233532934131,0.7054263565891473,0.8504672897196262,0.7711864406779662,0.9092181646012598,0.8879470650567507
0.8143712574850299,0.7401574803149606,0.7642276422764228,0.752,0.9056756444341695,0.8923544041395607
0.8413173652694611,0.7542372881355932,0.7876106194690266,0.7705627705627706,0.9064990189404557,0.896441342714526
0.8682634730538922,0.7815126050420168,0.8378378378378378,0.808695652173913,0.9460267442330224,0.9276894978145347
0.8353293413173652,0.6884057971014492,0.8878504672897196,0.7755102040816326,0.9430606447363004,0.9189122988126082
0.8353293413173652,0.7321428571428571,0.7663551401869159,0.7488584474885844,0.9160525340689201,0.8843198886878806
0.8562874251497006,0.7456140350877193,0.8173076923076923,0.7798165137614679,0.9297240802675587,0.9080353003731223
0.8143712574850299,0.7022900763358778,0.8,0.7479674796747967,0.8937859837204685,0.8826366126475282
0.8622754491017964,0.7647058823529411,0.8348623853211009,0.7982456140350878,0.9432415902140674,0.9219341638706416
0.844311377245509,0.6634615384615384,0.8023255813953488,0.7263157894736842,0.9399849962490623,0.881529956072491
0.811377245508982,0.6821705426356589,0.8,0.7364016736401674,0.9078733766233765,0.882585879518738
0.8083832335329342,0.6347826086956522,0.7684210526315789,0.6952380952380952,0.8962783527857301,0.8499300110672827
0.8263473053892215,0.6893939393939394,0.8425925925925926,0.7583333333333333,0.9120780072107505,0.8949164497385779
0.8293413173652695,0.6974789915966386,0.7980769230769231,0.7443946188340808,0.9280100334448161,0.8878131691753224
0.8383233532934131,0.6935483870967742,0.8431372549019608,0.7610619469026548,0.9112576064908722,0.8946803266958592
0.8502994011976048,0.7363636363636363,0.7941176470588235,0.7641509433962265,0.9162440838404328,0.8938923215806702
0.8083832335329342,0.6833333333333333,0.7592592592592593,0.7192982456140351,0.9011389708292363,0.8724899347000227
0.8173652694610778,0.6691729323308271,0.839622641509434,0.7447698744769874,0.9229973518702416,0.8930671072541526
0.8233532934131736,0.7647058823529411,0.7459016393442623,0.7551867219917012,0.8956077946180019,0.8846322309364636
0.8293413173652695,0.7659574468085106,0.8181818181818182,0.7912087912087912,0.9323807380738075,0.920859889230119
0.8053892215568862,0.6554621848739496,0.7647058823529411,0.7058823529411765,0.8923681541582149,0.8658932580258696
0.8323353293413174,0.7053571428571429,0.7745098039215687,0.7383177570093458,0.9169624746450304,0.8840027635205744
0.8143712574850299,0.696969696969697,0.8070175438596491,0.7479674796747967,0.9190590111642742,0.900992206540994
0.8293413173652695,0.6991150442477876,0.7745098039215687,0.7348837209302326,0.9113421230561192,0.8748620056945668
0.8233532934131736,0.706766917293233,0.8245614035087719,0.7611336032388664,0.9155502392344498,0.9082726755350415
0.874251497005988,0.7478991596638656,0.8811881188118812,0.8090909090909091,0.9521098032550036,0.9243458599709293
0.874251497005988,0.7768595041322314,0.8623853211009175,0.8173913043478261,0.9409582059123345,0.9214251721019713
0.8293413173652695,0.6583333333333333,0.8315789473684211,0.7348837209302326,0.9228804228143581,0.8873664786273071
0.8203592814371258,0.6666666666666666,0.8,0.7272727272727273,0.9282905982905983,0.8924166058883463
0.8173652694610778,0.7076923076923077,0.8,0.7510204081632653,0.9111375818939846,0.9028171246949469
0.8413173652694611,0.7419354838709677,0.8141592920353983,0.7763713080168776,0.9266407720337966,0.9031788423473044
0.8473053892215568,0.7313432835820896,0.8672566371681416,0.7935222672064778,0.924518479958355,0.910216461547239
0.8263473053892215,0.6475409836065574,0.8404255319148937,0.7314814814814815,0.925354609929078,0.8998726038688508
0.8413173652694611,0.7580645161290323,0.8034188034188035,0.7800829875518672,0.9235101815746978,0.9121137479970597
0.8502994011976048,0.7967479674796748,0.7967479674796748,0.7967479674796748,0.9087196085230995,0.8971677852028186
0.8383233532934131,0.7102803738317757,0.7676767676767676,0.7378640776699029,0.9082742316784871,0.8692268282703529
0.8323353293413174,0.680327868852459,0.83,0.7477477477477478,0.9263247863247863,0.8969060381691724
0.8293413173652695,0.7203389830508474,0.7798165137614679,0.748898678414097,0.909683995922528,0.8771710701770415
0.7934131736526946,0.7107438016528925,0.7166666666666667,0.7136929460580913,0.8843457943925233,0.8667057411233403
0.8203592814371258,0.6695652173913044,0.7777777777777778,0.719626168224299,0.9246937459703417,0.8822188430067222
0.8952095808383234,0.7984496124031008,0.9196428571428571,0.8547717842323651,0.9630389317889317,0.9519327937381967
0.8263473053892215,0.7024793388429752,0.794392523364486,0.7456140350877193,0.9096710445057434,0.892980280429872
0.7964071856287425,0.6333333333333333,0.76,0.6909090909090909,0.9001709401709401,0.8499888971827958
0.8323353293413174,0.7117117117117117,0.7669902912621359,0.7383177570093458,0.9174967427394611,0.8721779602163083
0.8502994011976048,0.743801652892562,0.8256880733944955,0.782608695652174,0.9269317023445465,0.9060840517620713
0.8473053892215568,0.7358490566037735,0.7722772277227723,0.7536231884057971,0.932520290655675,0.8941735743825932
0.8323353293413174,0.7033898305084746,0.7980769230769231,0.7477477477477478,0.9266304347826086,0.899952380387851
0.844311377245509,0.7777777777777778,0.7777777777777778,0.7777777777777778,0.9196502422308874,0.9033494696857217
0.8353293413173652,0.7301587301587301,0.8141592920353983,0.7698744769874477,0.9103031273775678,0.8944039876685805
0.8682634730538922,0.7207207207207207,0.8602150537634409,0.7843137254901961,0.9420425645830545,0.9075832697808525
0.874251497005988,0.7563025210084033,0.8737864077669902,0.8108108108108109,0.9593157651410078,0.9417832513023822
0.844311377245509,0.7317073170731707,0.8256880733944955,0.7758620689655172,0.9387971457696228,0.9216943555677024
0.8173652694610778,0.7222222222222222,0.7777777777777778,0.7489711934156379,0.903225806451613,0.8904915910052733
0.8203592814371258,0.7017543859649122,0.7547169811320755,0.7272727272727273,0.9031363786825555,0.8663331824452947
0.8293413173652695,0.717741935483871,0.8018018018018018,0.7574468085106383,0.9053448066900981,0.893857522284575
0.8383233532934131,0.7518796992481203,0.8264462809917356,0.7874015748031497,0.9209637993248748,0.9156110245899348
0.8083832335329342,0.712,0.7606837606837606,0.7355371900826446,0.8890858245696955,0.8757800879539489
0.8622754491017964,0.7966101694915254,0.8103448275862069,0.8034188034188035,0.9305994938310662,0.9141954640558998
0.8083832335329342,0.6515151515151515,0.8269230769230769,0.7288135593220338,0.9086538461538461,0.8803766785720557
0.844311377245509,0.7322834645669292,0.8378378378378378,0.7815126050420168,0.9151213994263321,0.8935877606967937
0.8532934131736527,0.744,0.8454545454545455,0.7914893617021277,0.9500811688311689,0.9259155727308204
0.8413173652694611,0.7478260869565218,0.7818181818181819,0.7644444444444445,0.9335633116883116,0.9084364109162978
0.8592814371257484,0.775,0.8230088495575221,0.7982832618025751,0.9294037560565411,0.913471089758998
0.8532934131736527,0.7037037037037037,0.8172043010752689,0.7562189054726368,0.9307098558872084,0.8926716244984845
0.8173652694610778,0.6829268292682927,0.7924528301886793,0.7336244541484717,0.9143909301555775,0.884319237414894
0.8143712574850299,0.6991869918699187,0.7747747747747747,0.7350427350427351,0.9168585625984729,0.8880686261144097
0.8502994011976048,0.7461538461538462,0.8508771929824561,0.7950819672131147,0.9441387559808613,0.9224566057169624
0.8143712574850299,0.6774193548387096,0.7924528301886793,0.7304347826086957,0.8795100959947038,0.852649618179566
0.8173652694610778,0.6545454545454545,0.7578947368421053,0.7024390243902439,0.9172428980400793,0.8659455953242193
0.8592814371257484,0.7368421052631579,0.8909090909090909,0.8065843621399177,0.9510551948051948,0.9391594226277966
0.8532934131736527,0.7580645161290323,0.831858407079646,0.7932489451476793,0.9336082969607176,0.9155925743509972
0.8263473053892215,0.7008547008547008,0.780952380952381,0.7387387387387387,0.9113329174464545,0.8908101755368975
0.8502994011976048,0.6666666666666666,0.8235294117647058,0.7368421052631579,0.9175053153791637,0.8836532959947107
0.8622754491017964,0.7641509433962265,0.7941176470588235,0.7788461538461539,0.941260987153482,0.9085632790540229
0.8263473053892215,0.7222222222222222,0.7982456140350878,0.7583333333333333,0.9141547049441787,0.9020835703942255
0.8173652694610778,0.6940298507462687,0.8230088495575221,0.7530364372469636,0.9034156889440597,0.8951231998979585
0.8233532934131736,0.6495726495726496,0.8085106382978723,0.7203791469194313,0.9103280141843972,0.891099473361773
0.8173652694610778,0.6470588235294118,0.8020833333333334,0.7162790697674418,0.9136904761904763,0.8778621544175317
0.8383233532934131,0.7586206896551724,0.7719298245614035,0.7652173913043478,0.9142344497607654,0.8879254705529559
0.8473053892215568,0.7452830188679245,0.7669902912621359,0.7559808612440191,0.8832429706216115,0.8566476053179114
0.8622754491017964,0.7521367521367521,0.8380952380952381,0.7927927927927928,0.9253483052609691,0.8961103742647786
0.8293413173652695,0.7286821705426356,0.8103448275862069,0.7673469387755102,0.920278392913635,0.8965006577400341
0.8323353293413174,0.6854838709677419,0.8333333333333334,0.7522123893805309,0.920977011494253,0.8962564963560233
0.8502994011976048,0.7295081967213115,0.839622641509434,0.7807017543859649,0.934045018205892,0.9057499970432078
0.8383233532934131,0.7222222222222222,0.8272727272727273,0.7711864406779662,0.9119318181818181,0.8943264923021694
0.8233532934131736,0.7355371900826446,0.7672413793103449,0.7510548523206751,0.9137140145523568,0.8964105426915523
0.8562874251497006,0.7348484848484849,0.8818181818181818,0.8016528925619835,0.953327922077922,0.9367714142533817
0.7724550898203593,0.6764705882352942,0.7419354838709677,0.7076923076923077,0.8777265745007681,0.8671972141548534
0.8413173652694611,0.6363636363636364,0.7875,0.7039106145251397,0.9239173228346456,0.8633699096628845
0.8502994011976048,0.7435897435897436,0.8130841121495327,0.7767857142857143,0.9423607394293714,0.9174454579871876
0.8473053892215568,0.7916666666666666,0.7851239669421488,0.7883817427385892,0.9149109533232452,0.8973529478050761
0.844311377245509,0.7226890756302521,0.819047619047619,0.7678571428571429,0.9267623206487836,0.9075635185111698
0.8413173652694611,0.7317073170731707,0.8181818181818182,0.7725321888412017,0.9224837662337663,0.9074086839027262
0.844311377245509,0.8,0.8120300751879699,0.8059701492537313,0.9176298956346088,0.9186092876168795
0.844311377245509,0.7213114754098361,0.8301886792452831,0.7719298245614035,0.9083912611717974,0.8966287928455177
0.8353293413173652,0.7552447552447552,0.84375,0.7970479704797048,0.9070843446601943,0.9018536344913951
0.7964071856287425,0.6212121212121212,0.82,0.7068965517241379,0.8966666666666667,0.8638230657137607
0.8323353293413174,0.7043478260869566,0.7864077669902912,0.7431192660550459,0.9183373261043164,0.8895360734835631
0.8562874251497006,0.7008547008547008,0.8631578947368421,0.7735849056603774,0.9402774719224841,0.9089258552607155
0.8173652694610778,0.7073170731707317,0.7767857142857143,0.7404255319148936,0.90492277992278,0.8905224562972837
0.8862275449101796,0.8301886792452831,0.8148148148148148,0.822429906542056,0.9367830219600131,0.9163854979237637
0.8502994011976048,0.7603305785123967,0.8141592920353983,0.7863247863247863,0.9203139390541786,0.9033094105527566
0.8562874251497006,0.743801652892562,0.8411214953271028,0.7894736842105263,0.929680102103833,0.9094511524399723
0.781437125748503,0.631578947368421,0.6990291262135923,0.663594470046083,0.8618921531542891,0.824728419648351
0.8293413173652695,0.6893939393939394,0.8504672897196262,0.7615062761506276,0.9354028572604882,0.9089081932983456
0.8173652694610778,0.7016129032258065,0.7837837837837838,0.7404255319148936,0.9057487981254797,0.8825503595868531
0.8173652694610778,0.6984126984126984,0.7927927927927928,0.7426160337552743,0.8975073728436957,0.8792916499929253
0.8143712574850299,0.6486486486486487,0.7578947368421053,0.6990291262135923,0.8835498788813038,0.8489568173587071
0.8323353293413174,0.6896551724137931,0.8,0.7407407407407407,0.9136324786324787,0.8850673496032327
0.844311377245509,0.71875,0.8518518518518519,0.7796610169491526,0.938462799082268,0.915351269137219
0.8682634730538922,0.7889908256880734,0.8037383177570093,0.7962962962962963,0.9376260858824983,0.9122017760353569
0.844311377245509,0.768,0.8067226890756303,0.7868852459016393,0.9435215946843855,0.9261609595187575
0.8562874251497006,0.7606837606837606,0.8165137614678899,0.7876106194690266,0.929908256880734,0.9129196393791054
0.8502994011976048,0.7256637168141593,0.8118811881188119,0.7663551401869159,0.9113585178260315,0.8926438091767737
0.8233532934131736,0.711864406779661,0.7706422018348624,0.7400881057268722,0.9007135575942915,0.8805494096333822
0.8173652694610778,0.7,0.8053097345132744,0.7489711934156379,0.900012012974012,0.8833805676441238
0.8233532934131736,0.7299270072992701,0.819672131147541,0.7722007722007722,0.9245669656665637,0.9060089489493179
0.8532934131736527,0.7377049180327869,0.8411214953271028,0.7860262008733624,0.9389847255959487,0.9287267393246946
0.8293413173652695,0.7068965517241379,0.780952380952381,0.7420814479638009,0.9035142441255979,0.8826057053701805
0.8383233532934131,0.7043478260869566,0.801980198019802,0.75,0.9269111460502273,0.8939707675417431
0.8233532934131736,0.7109375,0.8053097345132744,0.7551867219917012,0.905537981019501,0.8831947328814912
0.8263473053892215,0.6885245901639344,0.8076923076923077,0.7433628318584071,0.9281354515050166,0.9024731336096236
0.8233532934131736,0.6727272727272727,0.7628865979381443,0.714975845410628,0.8824655269911696,0.8370735302515026
0.8353293413173652,0.7603305785123967,0.7796610169491526,0.7698744769874477,0.9199623352165726,0.9052132859194442
0.7994011976047904,0.7307692307692307,0.7480314960629921,0.7392996108949417,0.8908288637833315,0.8721097277089949
0.8502994011976048,0.7068965517241379,0.8367346938775511,0.7663551401869159,0.9364406779661018,0.9018159601542626
0.8293413173652695,0.7129629629629629,0.7475728155339806,0.7298578199052133,0.8932879418316312,0.8689673708414594
0.8622754491017964,0.7657657657657657,0.8095238095238095,0.7870370370370371,0.9197754210854647,0.8983552406869623
0.844311377245509,0.7192982456140351,0.803921568627451,0.7592592592592593,0.9119759972954699,0.8829915943175544
0.8173652694610778,0.732824427480916,0.7868852459016393,0.758893280632411,0.8822301268171977,0.8863016815522305
0.844311377245509,0.7633587786259542,0.8264462809917356,0.7936507936507936,0.9151437550925388,0.9002537136888341
0.8622754491017964,0.775,0.8303571428571429,0.8017241379310345,0.9414414414414415,0.92165580627352
0.8323353293413174,0.7364341085271318,0.811965811965812,0.7723577235772358,0.9011382882350625,0.8920583691342706
0.8532934131736527,0.7428571428571429,0.78,0.7609756097560976,0.9283760683760683,0.8955945373334181
0.8263473053892215,0.703125,0.8181818181818182,0.7563025210084033,0.9232954545454546,0.8964303955848307
0.8143712574850299,0.671875,0.8113207547169812,0.7350427350427351,0.9250662032439589,0.8953278720471333
0.8622754491017964,0.775,0.8303571428571429,0.8017241379310345,0.9099099099099099,0.9040074899814836
0.8143712574850299,0.6587301587301587,0.8137254901960784,0.7280701754385965,0.8977772143340095,0.8750991791747027
0.8592814371257484,0.7542372881355932,0.8317757009345794,0.7911111111111111,0.9291448803985343,0.9101910789442321
0.8383233532934131,0.768595041322314,0.7815126050420168,0.775,0.9027946062145789,0.8934916920495998
0.8622754491017964,0.7424242424242424,0.8909090909090909,0.8099173553719008,0.9496347402597403,0.9359344425991979
0.8233532934131736,0.6666666666666666,0.7835051546391752,0.7203791469194313,0.8942102744790986,0.8498862425704108
0.8173652694610778,0.6904761904761905,0.7981651376146789,0.7404255319148936,0.9142099898063201,0.8906555084356064
0.874251497005988,0.7592592592592593,0.8367346938775511,0.7961165048543689,0.9328519543410585,0.9026067533503889
0.8203592814371258,0.7073170731707317,0.7837837837837838,0.7435897435897436,0.9085363390296126,0.8871480334614206
0.8173652694610778,0.7433628318584071,0.7241379310344828,0.7336244541484717,0.8923600126542233,0.8752109702282399
0.8233532934131736,0.7317073170731707,0.7758620689655172,0.7531380753138075,0.9011388801012337,0.8777992265455414
0.8353293413173652,0.7166666666666667,0.8037383177570093,0.7577092511013216,0.9163819012721808,0.8978668257635203
0.8413173652694611,0.7333333333333333,0.8073394495412844,0.7685589519650655,0.9157186544342508,0.8933445136956809
0.8323353293413174,0.6608695652173913,0.8172043010752689,0.7307692307692307,0.9162539597554991,0.8808033192592726
0.8263473053892215,0.6637931034482759,0.8020833333333334,0.7264150943396226,0.922575280112045,0.8841466790920491
0.8053892215568862,0.676923076923077,0.7927927927927928,0.7302904564315352,0.9172625540338544,0.8865735026476761
0.8173652694610778,0.7213114754098361,0.7652173913043478,0.7426160337552743,0.895096287472702,0.8731486130521471
0.8353293413173652,0.6779661016949152,0.8247422680412371,0.7441860465116279,0.9220061768671973,0.8818998925721213
0.8622754491017964,0.7804878048780488,0.8347826086956521,0.8067226890756303,0.932817153067302,0.9161074433567126
0.8263473053892215,0.7657657657657657,0.7264957264957265,0.7456140350877193,0.8953483792193471,0.8798431097567054
0.8293413173652695,0.7751937984496124,0.78125,0.7782101167315175,0.9069705703883495,0.909421021515521
0.8473053892215568,0.7586206896551724,0.7927927927927928,0.775330396475771,0.9241708075788793,0.9003935349859316
0.8023952095808383,0.65625,0.7924528301886793,0.717948717948718,0.9126117179741807,0.8736301382923745
0.844311377245509,0.6491228070175439,0.8604651162790697,0.74,0.9284508627156789,0.8795476089774998
0.8532934131736527,0.753731343283582,0.8632478632478633,0.8047808764940239,0.9400527787624563,0.9243153943709136
0.8473053892215568,0.7079646017699115,0.8163265306122449,0.7582938388625592,0.9085524040124524,0.8912277358511619
0.8083832335329342,0.7165354330708661,0.7647058823529411,0.7398373983739838,0.9029900332225914,0.8870822446839607
0.8293413173652695,0.7540983606557377,0.773109243697479,0.7634854771784232,0.9138557748680868,0.8935550041688703
0.8263473053892215,0.6902654867256637,0.7722772277227723,0.7289719626168224,0.919772234734203,0.8828446074768782
0.8562874251497006,0.7454545454545455,0.803921568627451,0.7735849056603774,0.9443881000676132,0.9013203851330178
0.8473053892215568,0.7413793103448276,0.8037383177570093,0.7713004484304933,0.9183992753921528,0.9039199373249456
0.8502994011976048,0.7401574803149606,0.8468468468468469,0.7899159663865546,0.9335838080232699,0.9234134095165083
0.8532934131736527,0.7796610169491526,0.8,0.7896995708154506,0.9145523128846536,0.8981680537720409
0.8323353293413174,0.7166666666666667,0.7962962962962963,0.7543859649122807,0.9274418223533268,0.8977168544705987
0.811377245508982,0.6779661016949152,0.7619047619047619,0.7174887892376681,0.8822624246205032,0.8594543308923545
0.844311377245509,0.6936936936936937,0.8105263157894737,0.7475728155339806,0.9157894736842105,0.8876574863887876
0.8353293413173652,0.7777777777777778,0.784,0.7808764940239044,0.9144880382775119,0.901718738248639
0.8293413173652695,0.7014925373134329,0.8468468468468469,0.7673469387755102,0.909182725326223,0.8911261699656585
0.8712574850299402,0.7350427350427351,0.8775510204081632,0.8,0.9496713939813213,0.9205272918415505
0.8592814371257484,0.71900826446281,0.87,0.7873303167420814,0.9554273504273505,0.9304993496200027
0.8263473053892215,0.672566371681416,0.7835051546391752,0.7238095238095238,0.9047370481534647,0.8724022648290127
0.8353293413173652,0.7247706422018348,0.7596153846153846,0.7417840375586855,0.9122073578595318,0.884025424104988
0.8263473053892215,0.6929133858267716,0.822429906542056,0.7521367521367521,0.932315039729919,0.9021379983701847
0.8532934131736527,0.7142857142857143,0.8247422680412371,0.7655502392344498,0.9373178476662751,0.9062918731014316
0.7964071856287425,0.6829268292682927,0.7433628318584071,0.711864406779661,0.8890401633764464,0.8610958709952985
0.8383233532934131,0.6902654867256637,0.8041237113402062,0.7428571428571429,0.9051285397363955,0.873552893614819
0.8353293413173652,0.7394957983193278,0.7857142857142857,0.7619047619047619,0.8976833976833977,0.8817447974181878
0.844311377245509,0.7739130434782608,0.7739130434782608,0.7739130434782608,0.9114155251141552,0.8965284518385072
0.8413173652694611,0.7168141592920354,0.7941176470588235,0.7534883720930232,0.9278651115618662,0.8926707415471948
0.8502994011976048,0.6829268292682927,0.8842105263157894,0.7706422018348624,0.9430962343096234,0.9102556946433927
0.8143712574850299,0.6788990825688074,0.7326732673267327,0.7047619047619048,0.8752815195682658,0.8459829410298435
0.8083832335329342,0.7163120567375887,0.808,0.7593984962406015,0.9177416267942584,0.9019401300308528
0.8772455089820359,0.7870370370370371,0.8252427184466019,0.8056872037914692,0.9182952969360737,0.8932661939736297
0.8053892215568862,0.5714285714285714,0.8292682926829268,0.6766169154228856,0.9344270228416569,0.8863555127570669
0.8772455089820359,0.7786885245901639,0.8715596330275229,0.8225108225108225,0.9432008154943934,0.9253084356495708
0.8323353293413174,0.7235772357723578,0.8018018018018018,0.7606837606837606,0.9036884418050337,0.8856889820558879
0.8323353293413174,0.7008547008547008,0.7961165048543689,0.7454545454545455,0.9120749800361451,0.8868575436323244
0.8532934131736527,0.7314814814814815,0.797979797979798,0.7632850241545893,0.9302385557704707,0.9068173415442404
0.8143712574850299,0.7068965517241379,0.7454545454545455,0.7256637168141593,0.896469155844156,0.8618411234810244
0.8383233532934131,0.717948717948718,0.8,0.7567567567567568,0.8923684757745893,0.8722897390828035
0.8023952095808383,0.6592592592592592,0.8165137614678899,0.7295081967213115,0.9107441386340469,0.8895821887262397
0.8383233532934131,0.6666666666666666,0.8,0.7272727272727273,0.9126593806921677,0.8747072265561985
0.8323353293413174,0.6637931034482759,0.8191489361702128,0.7333333333333333,0.9260195035460992,0.8873223237857766
0.8023952095808383,0.6754385964912281,0.7264150943396226,0.7,0.8731380337636544,0.8467868554098447
0.8413173652694611,0.7815126050420168,0.775,0.7782426778242678,0.9122663551401868,0.8924970992149385
0.8263473053892215,0.696969696969697,0.8363636363636363,0.7603305785123967,0.9315340909090909,0.9127683280791746
0.7994011976047904,0.6504065040650406,0.7692307692307693,0.7048458149779736,0.9005852842809364,0.8735241515014032
0.8203592814371258,0.711864406779661,0.7636363636363637,0.7368421052631579,0.8987012987012986,0.882406355855711
0.8562874251497006,0.7821782178217822,0.7523809523809524,0.7669902912621359,0.9217300894156789,0.8907111002155423
0.7754491017964071,0.6691176470588235,0.7520661157024794,0.708171206225681,0.891863578163194,0.8812340715611274
0.8562874251497006,0.7459016393442623,0.8425925925925926,0.7913043478260869,0.9207227138643068,0.8995078956474819
0.8652694610778443,0.7818181818181819,0.8037383177570093,0.7926267281105991,0.9420725431265182,0.9170030123850612
0.8173652694610778,0.725,0.7565217391304347,0.7404255319148936,0.911336112765535,0.886587055711732
0.8712574850299402,0.7117117117117117,0.8777777777777778,0.7860696517412935,0.9385245901639344,0.9181399446559938
0.8413173652694611,0.7391304347826086,0.7870370370370371,0.7623318385650224,0.9393641429039661,0.9011890792472668
0.7724550898203593,0.6335877862595419,0.7477477477477478,0.6859504132231405,0.8800549428352119,0.8521450653287959
0.8263473053892215,0.7230769230769231,0.8103448275862069,0.7642276422764228,0.9056469471686175,0.8939431549124975
0.874251497005988,0.7777777777777778,0.875,0.8235294117647058,0.9361727799227799,0.9222346925721665
0.8622754491017964,0.7560975609756098,0.8532110091743119,0.8017241379310345,0.9344750254841999,0.9074043176014364
0.8682634730538922,0.7777777777777778,0.8596491228070176,0.8166666666666667,0.9567783094098884,0.9418035935437471
0.8413173652694611,0.7142857142857143,0.8173076923076923,0.7623318385650224,0.9308528428093645,0.8954207602164644
0.8502994011976048,0.8189655172413793,0.7661290322580645,0.7916666666666666,0.9336789554531489,0.9162666078310429
0.8173652694610778,0.7464788732394366,0.8091603053435115,0.7765567765567766,0.9309216711164592,0.9223925803259955
0.8053892215568862,0.7272727272727273,0.768,0.7470817120622568,0.8902200956937798,0.8827399286794823
0.8203592814371258,0.7286821705426356,0.7899159663865546,0.7580645161290323,0.8999804572991987,0.8843177507916115
0.8473053892215568,0.7258064516129032,0.8411214953271028,0.7792207792207793,0.9053892708633537,0.8812312429466835
0.8502994011976048,0.6885245901639344,0.875,0.7706422018348624,0.9305847338935576,0.8872836491086152
0.8502994011976048,0.7079646017699115,0.8247422680412371,0.7619047619047619,0.9199617208230022,0.9023215024499063
0.874251497005988,0.7716535433070866,0.8828828828828829,0.8235294117647058,0.946188340807175,0.9261190471915463
0.811377245508982,0.6850393700787402,0.7909090909090909,0.7341772151898734,0.9017045454545455,0.8779012521133961
0.8083832335329342,0.6984126984126984,0.7719298245614035,0.7333333333333333,0.9098883572567782,0.8877133460138947
0.8023952095808383,0.7181818181818181,0.6929824561403509,0.7053571428571429,0.8972886762360447,0.8594973950620113
0.8562874251497006,0.6942148760330579,0.8842105263157894,0.7777777777777778,0.9550759744549657,0.930168440354076
0.8413173652694611,0.7322834645669292,0.8303571428571429,0.7782426778242678,0.9314671814671815,0.9077386504500738
0.844311377245509,0.7217391304347827,0.8058252427184466,0.7614678899082569,0.9181692094313454,0.8841990012328721
0.8592814371257484,0.7767857142857143,0.7981651376146789,0.7873303167420814,0.9216717635066259,0.9086904685156992
0.8413173652694611,0.7416666666666667,0.8018018018018018,0.7705627705627706,0.922272047832586,0.8974091376992368
0.8203592814371258,0.7222222222222222,0.7844827586206896,0.7520661157024794,0.9108668142992724,0.8949717109127217
0.8652694610778443,0.7980769230769231,0.7757009345794392,0.7867298578199052,0.9306682037136152,0.8940973911840558
0.844311377245509,0.75,0.8035714285714286,0.7758620689655172,0.9134089446589447,0.9041704529196873
0.8502994011976048,0.7586206896551724,0.8,0.7787610619469026,0.924025974025974,0.9047227379746933
0.8652694610778443,0.7981651376146789,0.7909090909090909,0.7945205479452054,0.904383116883117,0.8888366790499846
0.844311377245509,0.7571428571428571,0.8548387096774194,0.803030303030303,0.9251920122887864,0.92069170121255
0.8413173652694611,0.7121212121212122,0.8623853211009175,0.7800829875518672,0.9458511722731907,0.9275352260209779
0.874251497005988,0.7741935483870968,0.8727272727272727,0.8205128205128205,0.9560064935064936,0.9238330595585139
0.8383233532934131,0.7244094488188977,0.8288288288288288,0.773109243697479,0.9388356966832303,0.9085634800093659
0.8353293413173652,0.7244094488188977,0.8214285714285714,0.7698744769874477,0.9253137065637065,0.9160749343367892
0.8173652694610778,0.7377049180327869,0.7563025210084033,0.7468879668049793,0.879734219269103,0.8718331496717101
0.7844311377245509,0.6574074074074074,0.6698113207547169,0.6635514018691588,0.8662280701754386,0.83348326871447
0.8562874251497006,0.7786885245901639,0.8189655172413793,0.7983193277310925,0.9168380259411579,0.9036811864681279
0.8143712574850299,0.7,0.7982456140350878,0.7459016393442623,0.913237639553429,0.8923549246029934
0.8173652694610778,0.6747967479674797,0.7980769230769231,0.7312775330396476,0.9072742474916387,0.8841710639750441
0.8203592814371258,0.6974789915966386,0.7757009345794392,0.7345132743362832,0.9081888920910701,0.8864673884681592
0.8562874251497006,0.7441860465116279,0.8648648648648649,0.8,0.9389972932573829,0.9265122749090955
0.8293413173652695,0.7391304347826086,0.7589285714285714,0.748898678414097,0.906853281853282,0.8781338966629241
0.7874251497005988,0.64,0.7547169811320755,0.6926406926406926,0.9121151936444886,0.8835499215265017
0.7934131736526946,0.6904761904761905,0.7435897435897436,0.7160493827160493,0.896411831895703,0.8702743773780207
0.8233532934131736,0.6935483870967742,0.8037383177570093,0.7445887445887446,0.9099592408085964,0.8833423312123918
0.8263473053892215,0.7413793103448276,0.7543859649122807,0.7478260869565218,0.9179425837320575,0.8994862278552646
0.8263473053892215,0.7272727272727273,0.8455284552845529,0.7819548872180451,0.9272145802026741,0.9104854638672818
0.8143712574850299,0.6962962962962963,0.8173913043478261,0.752,0.9138376017470717,0.8957595123148145
0.8353293413173652,0.725,0.7981651376146789,0.759825327510917,0.9241182466870539,0.9068435195319704
0.8802395209580839,0.7815126050420168,0.8691588785046729,0.8230088495575221,0.9547531804520564,0.934419283697837
0.8293413173652695,0.7155172413793104,0.7757009345794392,0.7443946188340808,0.912223640331014,0.875778086511931
0.8712574850299402,0.8018018018018018,0.8090909090909091,0.8054298642533937,0.940340909090909,0.9258935412077516
0.8233532934131736,0.7033898305084746,0.7757009345794392,0.7377777777777778,0.8948906912594178,0.8750410752118338
0.8383233532934131,0.7063492063492064,0.839622641509434,0.7672413793103449,0.9283349884144323,0.9012746600270164
0.8712574850299402,0.7870370370370371,0.8095238095238095,0.7981220657276995,0.9107090871283011,0.8967841977937003
0.7934131736526946,0.6666666666666666,0.7678571428571429,0.7136929460580913,0.8998954311454312,0.8646920772457126
0.8383233532934131,0.7293233082706767,0.8434782608695652,0.782258064516129,0.9208655945999604,0.9135492808420804
0.8083832335329342,0.6859504132231405,0.7614678899082569,0.7217391304347827,0.9028338430173293,0.8869336039091255
0.8383233532934131,0.7272727272727273,0.7692307692307693,0.7476635514018691,0.9164297658862877,0.8771512587214609
0.8592814371257484,0.8181818181818182,0.8244274809160306,0.8212927756653993,0.924228180348212,0.9226714665409279
0.8502994011976048,0.7846153846153846,0.8225806451612904,0.8031496062992126,0.9357910906298004,0.9253387832494403
0.8473053892215568,0.7192982456140351,0.8118811881188119,0.7627906976744186,0.9179450133854588,0.886017071265695
0.8083832335329342,0.6538461538461539,0.8173076923076923,0.7264957264957265,0.8934782608695653,0.8820181708755006
0.8263473053892215,0.7058823529411765,0.72,0.7128712871287128,0.9000854700854701,0.8678555244458727
0.8562874251497006,0.7073170731707317,0.8787878787878788,0.7837837837837838,0.9310982162045992,0.9075779491282877
0.8383233532934131,0.781021897810219,0.816793893129771,0.7985074626865671,0.9039220847591471,0.905133135006023
0.8293413173652695,0.6637168141592921,0.7978723404255319,0.7246376811594203,0.9028368794326243,0.8716150238565071
0.8502994011976048,0.728,0.8504672897196262,0.7844827586206896,0.9378319403845361,0.9199369807332015
0.8413173652694611,0.7372881355932204,0.7981651376146789,0.7665198237885462,0.9255453618756371,0.9036384309056156
0.8532934131736527,0.71875,0.8761904761904762,0.7896995708154506,0.9428571428571428,0.928174640912542
0.8532934131736527,0.7522123893805309,0.8018867924528302,0.776255707762557,0.9043363124793116,0.8781636357543484
0.8263473053892215,0.711864406779661,0.7777777777777778,0.7433628318584071,0.9148230088495576,0.8898690249915213
0.8233532934131736,0.676923076923077,0.8380952380952381,0.7489361702127659,0.9154501975462674,0.8938800598099047
0.8682634730538922,0.7931034482758621,0.8214285714285714,0.8070175438596491,0.9347249034749036,0.9131669171965437
0.8293413173652695,0.7058823529411765,0.7924528301886793,0.7466666666666667,0.9140599139357828,0.887022410777795
0.8413173652694611,0.7368421052631579,0.8448275862068966,0.7871485943775101,0.9267241379310346,0.9089964522055887
0.8293413173652695,0.6949152542372882,0.7961165048543689,0.7420814479638009,0.9199344344975413,0.894663146886793
0.8023952095808383,0.64,0.7920792079207921,0.7079646017699115,0.8983130072663918,0.871417722870411
0.8323353293413174,0.7096774193548387,0.8148148148148148,0.7586206896551724,0.9232218944608326,0.8972415412361135
0.8473053892215568,0.7008547008547008,0.8367346938775511,0.7627906976744186,0.9224316845382221,0.8957137887397995
0.8323353293413174,0.732824427480916,0.8205128205128205,0.7741935483870968,0.9297333490881878,0.9072307494550714
0.8203592814371258,0.6991869918699187,0.7889908256880734,0.7413793103448276,0.9107033639143731,0.8853647291447556
0.8203592814371258,0.6859504132231405,0.7904761904761904,0.7345132743362832,0.9065502183406113,0.8665538912315608
0.8383233532934131,0.7058823529411765,0.8155339805825242,0.7567567567567568,0.9193039969738999,0.893284700271523
0.8293413173652695,0.7165354330708661,0.8125,0.7615062761506276,0.9129263191763193,0.892709564138788
0.8413173652694611,0.7142857142857143,0.8173076923076923,0.7623318385650224,0.9222826086956523,0.8999170595539414
0.844311377245509,0.6915887850467289,0.7956989247311828,0.74,0.9183063400704947,0.8831069266219307
0.8173652694610778,0.7142857142857143,0.782608695652174,0.7468879668049793,0.8948183442525313,0.8790063547533542
0.8083832335329342,0.7218045112781954,0.7804878048780488,0.75,0.8979694062343467,0.8825029550450019
0.8143712574850299,0.6341463414634146,0.8210526315789474,0.7155963302752294,0.9108125963444176,0.8736279504321325
0.8502994011976048,0.7256637168141593,0.8118811881188119,0.7663551401869159,0.9001402286151363,0.8859891541258641
0.8233532934131736,0.6638655462184874,0.8061224489795918,0.728110599078341,0.9070823244552058,0.875776550614308
0.8353293413173652,0.6666666666666666,0.7640449438202247,0.7120418848167539,0.91034166475579,0.869553003826312
0.8353293413173652,0.782258064516129,0.776,0.7791164658634538,0.9268516746411484,0.915009915545935
0.8233532934131736,0.6949152542372882,0.780952380952381,0.7354260089686099,0.9327095030151799,0.8959648993017398
0.8652694610778443,0.7560975609756098,0.8611111111111112,0.8051948051948052,0.9553834808259587,0.9328396391189622
0.8323353293413174,0.75,0.788135593220339,0.768595041322314,0.9068581293157564,0.8862896852956259
0.8532934131736527,0.7559055118110236,0.8421052631578947,0.7966804979253111,0.9162280701754386,0.9012878580137963
0.8562874251497006,0.7052631578947368,0.7701149425287356,0.7362637362637363,0.91167574107683,0.8719482095521662
0.8473053892215568,0.75,0.7981651376146789,0.7733333333333333,0.9178389398572886,0.8933120058111582
0.8353293413173652,0.7247706422018348,0.7596153846153846,0.7417840375586855,0.9025919732441471,0.8742536076525157
0.8293413173652695,0.7636363636363637,0.7304347826086957,0.7466666666666667,0.8942624578121898,0.8659269091775085
0.8143712574850299,0.6589147286821705,0.8252427184466019,0.7327586206896551,0.9131677384104568,0.8906248138142298
0.8383233532934131,0.6859504132231405,0.8383838383838383,0.7545454545454545,0.9194928003438643,0.8988298535530941
0.8712574850299402,0.7931034482758621,0.8288288288288288,0.8105726872246696,0.9337454045974227,0.9198658241250782
0.8473053892215568,0.7413793103448276,0.8037383177570093,0.7713004484304933,0.9192638643007123,0.8835178950917001
0.8802395209580839,0.7982456140350878,0.8425925925925926,0.8198198198198198,0.9445263847918716,0.9271178077494575
0.8413173652694611,0.6724137931034483,0.8387096774193549,0.7464114832535885,0.9380716548431715,0.8996169912846361
0.8712574850299402,0.7674418604651163,0.8839285714285714,0.8215767634854771,0.9533462033462033,0.9383837962370964
0.8383233532934131,0.6535433070866141,0.8924731182795699,0.7545454545454545,0.9390086110739303,0.9057339045172386
0.8682634730538922,0.7631578947368421,0.8365384615384616,0.7981651376146789,0.9212792642140468,0.9044668856903564
0.8592814371257484,0.7567567567567568,0.8076923076923077,0.7813953488372093,0.9154264214046823,0.8876103803856452
0.8173652694610778,0.732824427480916,0.7868852459016393,0.758893280632411,0.9125425301577482,0.8993284505389775
0.8383233532934131,0.7115384615384616,0.7551020408163265,0.7326732673267327,0.9039259771705292,0.8587461833520019
0.7934131736526946,0.6583333333333333,0.7383177570093458,0.6960352422907489,0.8883033471942031,0.8555229911329031
0.8173652694610778,0.7007874015748031,0.7946428571428571,0.7447698744769874,0.9194417631917632,0.8937288529548513
0.8143712574850299,0.7165354330708661,0.7777777777777778,0.7459016393442623,0.9138997203513333,0.8918994799129303
0.8562874251497006,0.7982456140350878,0.7844827586206896,0.7913043478260869,0.9251028155646948,0.9084918526580117
0.8413173652694611,0.6936936936936937,0.8020833333333334,0.7439613526570048,0.926514355742297,0.8869609423490671
0.8233532934131736,0.6854838709677419,0.8095238095238095,0.74235807860262,0.905053025577043,0.8791934766014836
0.8233532934131736,0.7130434782608696,0.7592592592592593,0.7354260089686099,0.8830711242215668,0.869083535471847
0.8592814371257484,0.75,0.801980198019802,0.7751196172248804,0.9445884502613351,0.9148950373561148
0.8083832335329342,0.6615384615384615,0.8113207547169812,0.7288135593220338,0.9185700099304865,0.8828907348247577
0.8053892215568862,0.7073170731707317,0.75,0.7280334728033473,0.9077823473584309,0.885974535622726
0.8383233532934131,0.6984126984126984,0.8461538461538461,0.7652173913043478,0.937123745819398,0.9082428531852231
0.8263473053892215,0.7459016393442623,0.7711864406779662,0.7583333333333333,0.9202762084118016,0.9017181763733324
0.8323353293413174,0.7079646017699115,0.7766990291262136,0.7407407407407407,0.8961038961038962,0.8713601633335544
0.7994011976047904,0.6752136752136753,0.7314814814814815,0.7022222222222222,0.8976155358898721,0.8638163829271799
0.8862275449101796,0.7758620689655172,0.8823529411764706,0.8256880733944955,0.9570233265720081,0.9318652586189294
0.8263473053892215,0.7203389830508474,0.7727272727272727,0.7456140350877193,0.9198457792207793,0.8896211569885034
0.8652694610778443,0.7868852459016393,0.8347826086956521,0.810126582278481,0.9192773476275561,0.9069673645390001
0.8532934131736527,0.7368421052631579,0.8155339805825242,0.7741935483870968,0.9402765519270375,0.9000838991068546
0.8502994011976048,0.7910447761194029,0.828125,0.8091603053435115,0.9194478155339805,0.9168889005512064
0.8502994011976048,0.768,0.8205128205128205,0.7933884297520661,0.9186655638268542,0.9041751659615895
0.8353293413173652,0.7426470588235294,0.8347107438016529,0.7859922178988327,0.9239514220308074,0.9033499989343594
0.8203592814371258,0.6991869918699187,0.7889908256880734,0.7413793103448276,0.9114373088685016,0.8888830887562741
0.8263473053892215,0.6779661016949152,0.8,0.7339449541284404,0.9183333333333334,0.8909667793162339
0.8263473053892215,0.7280701754385965,0.7545454545454545,0.7410714285714286,0.9079951298701298,0.8840706616739957
0.8203592814371258,0.7299270072992701,0.8130081300813008,0.7692307692307693,0.9324933533695526,0.9198641492817216
0.8083832335329342,0.6377952755905512,0.8181818181818182,0.7168141592920354,0.9110251450676983,0.8760127191768651
0.844311377245509,0.7008547008547008,0.8282828282828283,0.7592592592592593,0.940769396088545,0.9094318830080746
0.8263473053892215,0.7522123893805309,0.7391304347826086,0.7456140350877193,0.8926345046654756,0.873582420437011
0.8203592814371258,0.6911764705882353,0.8392857142857143,0.7580645161290323,0.9196428571428571,0.9016117263034296
0.8383233532934131,0.7619047619047619,0.8,0.7804878048780488,0.8964953271028038,0.8913243664583033
0.7904191616766467,0.6277372262773723,0.819047619047619,0.7107438016528925,0.8938656685381576,0.8705282971247352
0.8622754491017964,0.7829457364341085,0.8487394957983193,0.8145161290322581,0.9378151260504202,0.9301425896451907
0.844311377245509,0.7477477477477478,0.7757009345794392,0.7614678899082569,0.9381613075877969,0.9135959368181916
0.8263473053892215,0.7099236641221374,0.8230088495575221,0.7622950819672131,0.9078204460817684,0.885729978572008
0.8502994011976048,0.75,0.7924528301886793,0.7706422018348624,0.935700099304866,0.9078466394122395
0.7994011976047904,0.6495726495726496,0.7450980392156863,0.6940639269406392,0.9052991886409737,0.8724275848988935
0.8622754491017964,0.7603305785123967,0.8440366972477065,0.8,0.9453211009174313,0.9204239542407269
0.8143712574850299,0.6910569105691057,0.7798165137614679,0.7327586206896551,0.8966360856269113,0.8768575315098674
0.8053892215568862,0.680672268907563,0.75,0.7136563876651982,0.8790560471976401,0.8580202647526686
0.844311377245509,0.7622950819672131,0.8017241379310345,0.7815126050420168,0.9288199936728884,0.906427398072668
0.7934131736526946,0.6190476190476191,0.7878787878787878,0.6933333333333334,0.9024285407264132,0.8656245141216763
0.8143712574850299,0.6115702479338843,0.8314606741573034,0.7047619047619048,0.9106168310020637,0.8677238620782612
0.8383233532934131,0.6829268292682927,0.8484848484848485,0.7567567567567568,0.9395658714807651,0.9091641709989525
0.8413173652694611,0.7681159420289855,0.8346456692913385,0.8,0.9306934459279547,0.919148838487605
0.8473053892215568,0.7222222222222222,0.7878787878787878,0.7536231884057971,0.8874274661508705,0.8655301553993244
0.8473053892215568,0.7543859649122807,0.7889908256880734,0.7713004484304933,0.9158002038735983,0.8907552156458157
0.8293413173652695,0.7218045112781954,0.8275862068965517,0.7710843373493976,0.9169171148370768,0.8892186095487444
0.8203592814371258,0.7246376811594203,0.819672131147541,0.7692307692307693,0.9249536034642747,0.9059088078936577
0.8293413173652695,0.6759259259259259,0.7684210526315789,0.7192118226600985,0.9035454745650738,0.8634970174811606
0.8413173652694611,0.7058823529411765,0.8235294117647058,0.7601809954751131,0.9184415145368492,0.8951265347667059
0.8023952095808383,0.6893939393939394,0.7844827586206896,0.7338709677419355,0.9186175260993357,0.8968835148947046
0.8263473053892215,0.6982758620689655,0.7788461538461539,0.7363636363636363,0.8839882943143813,0.8575112948565461
0.844311377245509,0.6916666666666667,0.8469387755102041,0.7614678899082569,0.937175717744725,0.8995355537303106
0.8173652694610778,0.6865671641791045,0.8288288288288288,0.7510204081632653,0.9194037086413768,0.8996014008623108
0.8413173652694611,0.7272727272727273,0.8148148148148148,0.7685589519650655,0.9135119632907244,0.8949076004937118
0.8053892215568862,0.6946564885496184,0.7844827586206896,0.7368421052631579,0.9086918696614996,0.8940726336348893
0.8413173652694611,0.7203389830508474,0.8095238095238095,0.7623318385650224,0.9283011021002288,0.8962239096985359
0.8502994011976048,0.7345132743362832,0.8058252427184466,0.7685185185185185,0.9273735972765099,0.8967786227413286
0.7904191616766467,0.6296296296296297,0.6938775510204082,0.6601941747572816,0.8652715323417504,0.8173862914622144
0.8502994011976048,0.7804878048780488,0.8067226890756303,0.7933884297520661,0.9172562048075045,0.8976425786006164
0.8083832335329342,0.7181818181818181,0.7053571428571429,0.7117117117117117,0.8923342985842987,0.866077865017088
0.8233532934131736,0.6779661016949152,0.7920792079207921,0.730593607305936,0.9010750860493775,0.8757415322239646
0.8203592814371258,0.6422764227642277,0.8315789473684211,0.7247706422018348,0.9116934595903985,0.8819533398808107
0.8383233532934131,0.7053571428571429,0.79,0.7452830188679245,0.9018376068376068,0.878789836621298
0.8263473053892215,0.7043478260869566,0.7714285714285715,0.7363636363636363,0.9132875857766688,0.8819952630272211
0.8353293413173652,0.7647058823529411,0.7711864406779662,0.7679324894514767,0.9136848713119899,0.9033865503391714
0.7844311377245509,0.680672268907563,0.7043478260869566,0.6923076923076923,0.8616239825292833,0.8450023664380982
0.8353293413173652,0.7213114754098361,0.8073394495412844,0.7619047619047619,0.9131498470948012,0.8749516247482936
0.8143712574850299,0.6967213114754098,0.7727272727272727,0.7327586206896551,0.9248376623376624,0.8901360669039183
0.8263473053892215,0.7131147540983607,0.7909090909090909,0.75,0.8988636363636364,0.8762979741266703
0.8173652694610778,0.7083333333333334,0.7657657657657657,0.7359307359307359,0.9088191330343798,0.8893916470714699
0.8263473053892215,0.7213114754098361,0.7857142857142857,0.7521367521367521,0.9150176962676964,0.8927470681892654
0.8383233532934131,0.6810344827586207,0.8229166666666666,0.7452830188679245,0.9111081932773109,0.8869520525486864
0.8413173652694611,0.7723577235772358,0.7916666666666666,0.7818930041152263,0.9116043613707165,0.9002389558499045
0.8263473053892215,0.6666666666666666,0.8514851485148515,0.7478260869565218,0.9340500573662516,0.8957603861949658
0.8323353293413174,0.7073170731707317,0.8130841121495327,0.7565217391304347,0.9229280744369879,0.8877662632562461
0.8293413173652695,0.6666666666666666,0.7472527472527473,0.7046632124352331,0.9048975715642382,0.8665910811102185
0.8413173652694611,0.7217391304347827,0.7980769230769231,0.7579908675799086,0.9198160535117057,0.8888755330111011
0.8203592814371258,0.6036036036036037,0.8072289156626506,0.6907216494845361,0.9122545960735371,0.8505366725660879
0.8592814371257484,0.8050847457627118,0.7983193277310925,0.8016877637130801,0.9291772522962674,0.9134451728850108
0.8203592814371258,0.7076923076923077,0.8070175438596491,0.7540983606557377,0.8960526315789474,0.8772052404395043
0.8383233532934131,0.7217391304347827,0.7904761904761904,0.7545454545454545,0.9084632979829486,0.892516960376053
0.8562874251497006,0.7672413793103449,0.8090909090909091,0.7876106194690266,0.9237418831168831,0.906562681638365
0.7904191616766467,0.6451612903225806,0.7547169811320755,0.6956521739130435,0.8939920556107249,0.8486714381297644
0.8862275449101796,0.8151260504201681,0.8584070796460177,0.8362068965517241,0.9182717334721499,0.9043119507848466
0.8592814371257484,0.78125,0.8403361344537815,0.8097165991902834,0.9380887238616377,0.9208621758468667
0.8233532934131736,0.7244094488188977,0.7931034482758621,0.757201646090535,0.9213856374565013,0.8985095424589353
0.8083832335329342,0.7166666666666667,0.7413793103448276,0.7288135593220338,0.884134767478646,0.8599336867594373
0.811377245508982,0.6861313868613139,0.8245614035087719,0.749003984063745,0.9198963317384371,0.9000878256004131
0.8652694610778443,0.765625,0.8672566371681416,0.8132780082987552,0.9403355624074,0.9254856977212976
0.8293413173652695,0.6521739130434783,0.8152173913043478,0.7246376811594203,0.9151545095220983,0.8818878971828275
0.8353293413173652,0.7627118644067796,0.7692307692307693,0.7659574468085106,0.91173342786246,0.8935119868199128
0.8622754491017964,0.7522935779816514,0.8118811881188119,0.780952380952381,0.9114010113457698,0.8901147121398585
0.8502994011976048,0.7933884297520661,0.7933884297520661,0.7933884297520661,0.930469871571024,0.9139128065477959
0.7994011976047904,0.6953125,0.7606837606837606,0.726530612244898,0.8784906849422978,0.8650207749312392
0.8562874251497006,0.7322834645669292,0.8691588785046729,0.7948717948717948,0.9398081436041006,0.9213546555910682
0.8173652694610778,0.7421875,0.7723577235772358,0.7569721115537849,0.9164643779139214,0.8988666207493323
0.8473053892215568,0.6991150442477876,0.8229166666666666,0.7559808612440191,0.9219625350140056,0.8866182632354973
0.8473053892215568,0.7605633802816901,0.864,0.8089887640449438,0.9457224880382775,0.9312189705972148
0.8323353293413174,0.6826923076923077,0.7553191489361702,0.7171717171717171,0.9099734042553193,0.8661433008435553
0.7934131736526946,0.6583333333333333,0.7383177570093458,0.6960352422907489,0.894478982255342,0.8579104606927923
0.8353293413173652,0.7518796992481203,0.819672131147541,0.7843137254901961,0.9281626971852767,0.9195112251330114
0.874251497005988,0.7766990291262136,0.8080808080808081,0.7920792079207921,0.9169568020631851,0.9011845030747427
0.8173652694610778,0.68,0.8018867924528302,0.7359307359307359,0.9189424031777557,0.8894056556524715
0.8413173652694611,0.6890756302521008,0.8367346938775511,0.7557603686635944,0.947379799377378,0.9098427474665233
0.8203592814371258,0.7720588235294118,0.7835820895522388,0.7777777777777778,0.9253358208955225,0.9193545852406753
0.8353293413173652,0.6495726495726496,0.8444444444444444,0.7342995169082126,0.9134335154826958,0.8695709074148513
0.7964071856287425,0.7153284671532847,0.7716535433070866,0.7424242424242424,0.9089352961314617,0.8909467352375504
0.7934131736526946,0.7,0.7520661157024794,0.7250996015936255,0.8981880262289994,0.8804695251258834
0.8682634730538922,0.782608695652174,0.8256880733944955,0.8035714285714286,0.9438532110091744,0.9257899393611799
0.8383233532934131,0.7606837606837606,0.7739130434782608,0.7672413793103449,0.9199523525908279,0.8927438867475906
0.8173652694610778,0.7109375,0.7913043478260869,0.7489711934156379,0.9110581695453643,0.8941673374983684
0.8473053892215568,0.7398373983739838,0.8272727272727273,0.7811158798283262,0.9306412337662338,0.9166856217910532
0.8383233532934131,0.734375,0.8245614035087719,0.7768595041322314,0.9294258373205742,0.919537830507975
0.8562874251497006,0.6666666666666666,0.8837209302325582,0.76,0.9452363090772693,0.8992602289483353
0.844311377245509,0.7017543859649122,0.8163265306122449,0.7547169811320755,0.9413697682462816,0.9027371410236523
0.8293413173652695,0.717948717948718,0.7777777777777778,0.7466666666666667,0.9000327761389708,0.8781025178009241
0.8413173652694611,0.751937984496124,0.8220338983050848,0.7854251012145749,0.9265144381669805,0.909569728804076
0.8173652694610778,0.6481481481481481,0.7526881720430108,0.6965174129353234,0.8930977557667426,0.8553466575047198
0.8952095808383234,0.8429752066115702,0.864406779661017,0.8535564853556485,0.9433066541117388,0.9349862781558355
0.8323353293413174,0.7238805970149254,0.8362068965517241,0.776,0.920199304017716,0.9008035743026159
0.8203592814371258,0.7435897435897436,0.7435897435897436,0.7435897435897436,0.9150813344361731,0.896809574986384
0.781437125748503,0.6923076923076923,0.8120300751879699,0.7474048442906575,0.9040137657576778,0.9030940135591208
0.811377245508982,0.7107438016528925,0.7543859649122807,0.7319148936170212,0.9045454545454545,0.8791720502165117
0.8143712574850299,0.6171875,0.8586956521739131,0.7181818181818181,0.9470445562342795,0.9143035143405627
0.811377245508982,0.6666666666666666,0.7884615384615384,0.7224669603524229,0.8989966555183947,0.8651137087179331
0.8652694610778443,0.7936507936507936,0.8403361344537815,0.8163265306122449,0.9456322063709205,0.9264882417845779
0.8173652694610778,0.7226890756302521,0.7543859649122807,0.7381974248927039,0.8845693779904307,0.8672502325196131
0.8502994011976048,0.725,0.8365384615384616,0.7767857142857143,0.9260033444816054,0.905931838681677
0.8323353293413174,0.7413793103448276,0.7678571428571429,0.7543859649122807,0.933478120978121,0.9014233005336666
0.811377245508982,0.6640625,0.8095238095238095,0.7296137339055794,0.9003950925348306,0.8772401397531273
0.8592814371257484,0.7913043478260869,0.7982456140350878,0.7947598253275109,0.9344497607655502,0.9246484003910379
0.8562874251497006,0.8,0.7567567567567568,0.7777777777777778,0.9264331596170161,0.8965796271201378
0.7994011976047904,0.6782608695652174,0.7222222222222222,0.6995515695067265,0.8972058341527369,0.8570316032936347
0.8383233532934131,0.7416666666666667,0.7946428571428571,0.7672413793103449,0.9143339768339769,0.8894423867340848
0.8323353293413174,0.7079646017699115,0.7766990291262136,0.7407407407407407,0.9014836296389693,0.8773633595961041
0.8203592814371258,0.6666666666666666,0.723404255319149,0.6938775510204082,0.8945478723404255,0.8394341721734832
0.8263473053892215,0.7105263157894737,0.7641509433962265,0.7363636363636363,0.9082671300893744,0.8821847107300854
0.8233532934131736,0.717741935483871,0.7876106194690266,0.7510548523206751,0.9134665438673768,0.8833914430045654
0.8353293413173652,0.75,0.8181818181818182,0.782608695652174,0.9088581073216158,0.9008372243195892
0.8293413173652695,0.6581196581196581,0.8191489361702128,0.7298578199052133,0.9343528368794325,0.8803505728503748
0.8203592814371258,0.6884057971014492,0.8482142857142857,0.76,0.9303008365508366,0.9099908508871318
0.8173652694610778,0.7131782945736435,0.7931034482758621,0.7510204081632653,0.9155726036064536,0.887168846503197
0.8293413173652695,0.72,0.8035714285714286,0.759493670886076,0.9095479407979408,0.8909506570036916
0.8233532934131736,0.688,0.8113207547169812,0.7445887445887446,0.9122393247269116,0.8874486933763932
0.8263473053892215,0.7086614173228346,0.8108108108108109,0.7563025210084033,0.927160344200703,0.9055242994465208
0.8233532934131736,0.7265625,0.7948717948717948,0.7591836734693878,0.9044468076726142,0.8845629126011932
0.8502994011976048,0.7293233082706767,0.8738738738738738,0.7950819672131147,0.9483698945582354,0.9270811223396601
0.8263473053892215,0.6976744186046512,0.8256880733944955,0.7563025210084033,0.9151070336391438,0.8928832749831579
0.8532934131736527,0.7217391304347827,0.83,0.772093023255814,0.9363247863247862,0.9044093156556091
0.8413173652694611,0.6724137931034483,0.8387096774193549,0.7464114832535885,0.9242850131620042,0.8769490112319043
0.8862275449101796,0.7692307692307693,0.8045977011494253,0.7865168539325843,0.9301037740239193,0.9000379030064579
0.8473053892215568,0.7413793103448276,0.8037383177570093,0.7713004484304933,0.9273745316810078,0.8960465575375482
0.8353293413173652,0.6923076923076923,0.81,0.7465437788018433,0.9079059829059829,0.8824078815106996
0.8203592814371258,0.753968253968254,0.7661290322580645,0.76,0.9035714285714286,0.8887294093166002
0.8323353293413174,0.717741935483871,0.8090909090909091,0.7606837606837606,0.9172483766233767,0.9015844709500171
0.8413173652694611,0.7457627118644068,0.7927927927927928,0.7685589519650655,0.925867571607482,0.9056684266363786
0.811377245508982,0.7196969696969697,0.7851239669421488,0.7509881422924901,0.8978776238699415,0.8762726658749335
0.8592814371257484,0.7403846153846154,0.7938144329896907,0.7661691542288557,0.9288790291008744,0.8993249022297383
0.8652694610778443,0.7476635514018691,0.8163265306122449,0.7804878048780488,0.9234693877551021,0.8882519106496415
0.8293413173652695,0.7844827586206896,0.7398373983739838,0.7615062761506276,0.9117250414210303,0.8948397455612564
0.8502994011976048,0.7203389830508474,0.8333333333333334,0.7727272727272727,0.9392325895875592,0.9186809415763992
0.8502994011976048,0.7681159420289855,0.8548387096774194,0.8091603053435115,0.9239247311827957,0.9165612225412404
0.8353293413173652,0.7321428571428571,0.7663551401869159,0.7488584474885844,0.9030013586397134,0.8756696576344741
0.8413173652694611,0.7181818181818181,0.7821782178217822,0.7488151658767772,0.9403390982875112,0.9088439473449071
0.844311377245509,0.7363636363636363,0.7788461538461539,0.7570093457943925,0.9130434782608695,0.8901401424322579
0.8502994011976048,0.7403846153846154,0.77,0.7549019607843137,0.9104273504273503,0.8754487622237197
0.8473053892215568,0.7130434782608696,0.82,0.7627906976744186,0.9088461538461539,0.8786604257962705
0.8562874251497006,0.7796610169491526,0.8070175438596491,0.7931034482758621,0.9118022328548644,0.8987669178441638
0.8203592814371258,0.6774193548387096,0.8076923076923077,0.7368421052631579,0.9153010033444816,0.8878303245322205
0.811377245508982,0.6608695652173913,0.76,0.7069767441860465,0.901068376068376,0.8670917239660583
0.8053892215568862,0.6370967741935484,0.797979797979798,0.7085201793721974,0.9101225016118633,0.858790629440176
0.8203592814371258,0.7107438016528925,0.7747747747747747,0.7413793103448276,0.8846200460550238,0.8703889948704544
0.8862275449101796,0.8235294117647058,0.8076923076923077,0.8155339805825242,0.9273411371237459,0.9095061265839548
0.8263473053892215,0.6810344827586207,0.79,0.7314814814814815,0.9252564102564103,0.894947118179178
0.8023952095808383,0.7165354330708661,0.7520661157024794,0.7338709677419355,0.8853451286229775,0.8754688075251551
0.8413173652694611,0.7154471544715447,0.8301886792452831,0.7685589519650655,0.9236593843098311,0.8997322609498271
0.811377245508982,0.603448275862069,0.8045977011494253,0.6896551724137931,0.9117688119503002,0.8544436757286547
0.844311377245509,0.773109243697479,0.7863247863247863,0.7796610169491526,0.9046043562172594,0.8869529221073769
0.8353293413173652,0.751937984496124,0.8083333333333333,0.7791164658634538,0.9281542056074767,0.9080072058046382
0.8502994011976048,0.7214285714285714,0.9017857142857143,0.8015873015873016,0.9454633204633206,0.9340926467361876
0.8712574850299402,0.7723577235772358,0.8636363636363636,0.8154506437768241,0.9358766233766235,0.9253803187612186
0.8383233532934131,0.7256637168141593,0.780952380952381,0.7522935779816514,0.9095030151798711,0.8791211797546994
0.8053892215568862,0.6587301587301587,0.7904761904761904,0.7186147186147186,0.9149511332917447,0.8879062934228433
0.8413173652694611,0.7540983606557377,0.8,0.7763713080168776,0.9121699424260473,0.895034042530221
0.8173652694610778,0.6982758620689655,0.7570093457943925,0.726457399103139,0.8799456544114619,0.8543469893906317
0.8682634730538922,0.8181818181818182,0.7894736842105263,0.8035714285714286,0.9200558213716108,0.8966153779950711
0.7994011976047904,0.6861313868613139,0.7966101694915254,0.7372549019607844,0.8763339610797237,0.8734205487598768
0.8652694610778443,0.7981651376146789,0.7909090909090909,0.7945205479452054,0.9229301948051949,0.9037307781949614
0.8862275449101796,0.8073394495412844,0.8380952380952381,0.822429906542056,0.945227698066126,0.9204619456991597
0.8473053892215568,0.7297297297297297,0.7941176470588235,0.7605633802816901,0.9213150777552401,0.8945460785885911
0.8652694610778443,0.7704918032786885,0.8468468468468469,0.8068669527896996,0.9398456752716843,0.9233983184129302
0.8532934131736527,0.7142857142857143,0.85,0.776255707762557,0.9377777777777778,0.907555937921058
0.8233532934131736,0.6976744186046512,0.8181818181818182,0.7531380753138075,0.9187094155844157,0.9001319644631521
0.8682634730538922,0.7950819672131147,0.8362068965517241,0.8151260504201681,0.9337630496678266,0.9172126527834985
0.7994011976047904,0.6415094339622641,0.7010309278350515,0.6699507389162561,0.8927748053416851,0.8286861111075986
0.8413173652694611,0.7107438016528925,0.8269230769230769,0.7644444444444445,0.9042642140468227,0.8867965460772412
0.8233532934131736,0.7207207207207207,0.7407407407407407,0.730593607305936,0.8880694854146182,0.8694077395777587
0.8682634730538922,0.7952755905511811,0.8487394957983193,0.8211382113821138,0.9548954465507132,0.9400587656815049
0.8173652694610778,0.7016129032258065,0.7837837837837838,0.7404255319148936,0.9234032238516544,0.8957695068398859
0.8233532934131736,0.7142857142857143,0.7727272727272727,0.74235807860262,0.9025162337662338,0.8786110029704043
0.8473053892215568,0.717741935483871,0.8476190476190476,0.777292576419214,0.9337076315242254,0.910045607203267
0.8293413173652695,0.6942148760330579,0.8076923076923077,0.7466666666666667,0.9236204013377926,0.8938297092485846
0.844311377245509,0.7586206896551724,0.7857142857142857,0.7719298245614035,0.9088240025740026,0.886815117178318
0.8203592814371258,0.6782608695652174,0.7722772277227723,0.7222222222222222,0.9021799175625718,0.8657061435210619
0.8473053892215568,0.7073170731707317,0.8529411764705882,0.7733333333333333,0.937922582826234,0.910921197573691
0.874251497005988,0.7647058823529411,0.8666666666666667,0.8125,0.9427323767935121,0.9188508638263211
0.8383233532934131,0.680672268907563,0.8350515463917526,0.75,0.9196137283048414,0.9034743603265042
0.8682634730538922,0.743801652892562,0.8737864077669902,0.8035714285714286,0.9501954356323288,0.9279160635730144
0.8353293413173652,0.6742424242424242,0.8811881188118812,0.7639484978540773,0.9380444482216461,0.9170513387147861
0.844311377245509,0.7058823529411765,0.8316831683168316,0.7636363636363637,0.9363022139123784,0.8975998531567172
0.8293413173652695,0.7416666666666667,0.7739130434782608,0.7574468085106383,0.9117728806829464,0.892458932978862
0.8532934131736527,0.7456140350877193,0.8095238095238095,0.776255707762557,0.9138698274069453,0.8975871459785087
0.8772455089820359,0.8141592920353983,0.8214285714285714,0.8177777777777778,0.9310649935649936,0.9144583437965365
0.8323353293413174,0.7073170731707317,0.8130841121495327,0.7565217391304347,0.9107414879163407,0.8782536051678298
0.8263473053892215,0.7421875,0.7916666666666666,0.7661290322580645,0.931113707165109,0.9208987376057566
0.8592814371257484,0.7547169811320755,0.7920792079207921,0.7729468599033816,0.9404665788467258,0.9037401817413216
0.8502994011976048,0.7241379310344828,0.8235294117647058,0.7706422018348624,0.9394861392832996,0.909036542573045
0.8562874251497006,0.784,0.8235294117647058,0.8032786885245902,0.9468047684189955,0.9363645738562967
0.8592814371257484,0.8,0.8549618320610687,0.8265682656826568,0.9329898845560861,0.926302684652863
0.8383233532934131,0.7192982456140351,0.7884615384615384,0.7522935779816514,0.9058528428093646,0.8759419095910912
0.8383233532934131,0.7033898305084746,0.8137254901960784,0.7545454545454545,0.9110463150777552,0.8783072206897576
0.8562874251497006,0.7672413793103449,0.8090909090909091,0.7876106194690266,0.9213474025974027,0.9094940679594197
0.8413173652694611,0.7016129032258065,0.8446601941747572,0.7665198237885462,0.9251880805278863,0.8952450450303076
0.8323353293413174,0.6788990825688074,0.7789473684210526,0.7254901960784313,0.9013433164501212,0.8617058422684724
0.8383233532934131,0.7596899224806202,0.8099173553719008,0.784,0.9384627323167656,0.9220018454916636
0.844311377245509,0.7058823529411765,0.7659574468085106,0.7346938775510204,0.8951241134751773,0.8636089077487163
0.8233532934131736,0.7222222222222222,0.7289719626168224,0.7255813953488373,0.9242043723496233,0.8824101145603402
0.7784431137724551,0.6611570247933884,0.7079646017699115,0.6837606837606838,0.8638129179513875,0.8435543958073447
0.8083832335329342,0.6535433070866141,0.8058252427184466,0.7217391304347827,0.9161518093556927,0.889624503408026
0.8203592814371258,0.7086614173228346,0.7964601769911505,0.75,0.911864813999119,0.8908694503812894
0.8502994011976048,0.7130434782608696,0.8282828282828283,0.7663551401869159,0.939737803567591,0.9028387372950665
0.8473053892215568,0.7586206896551724,0.7927927927927928,0.775330396475771,0.9255443784591767,0.9006913820050388
0.8263473053892215,0.7175572519083969,0.8173913043478261,0.7642276422764228,0.9235259082787374,0.8957282809317028
0.8473053892215568,0.7454545454545455,0.780952380952381,0.7627906976744186,0.9364940736119776,0.8987385728318997
0.8473053892215568,0.6846153846153846,0.898989898989899,0.777292576419214,0.9629916183107673,0.9362016119503187
0.8892215568862275,0.7894736842105263,0.8737864077669902,0.8294930875576036,0.9355692850838482,0.9216328146850343
0.8413173652694611,0.7235772357723578,0.8240740740740741,0.7705627705627706,0.9180186823992134,0.9037714394770407
0.8622754491017964,0.751937984496124,0.8738738738738738,0.8083333333333333,0.9404920615682948,0.9223261095127924
0.8353293413173652,0.7203389830508474,0.794392523364486,0.7555555555555555,0.9104944625138952,0.8889425316976046
0.8622754491017964,0.7622950819672131,0.8454545454545455,0.8017241379310345,0.9568181818181819,0.9366902565224494
0.8323353293413174,0.688,0.8349514563106796,0.7543859649122807,0.9114865716807464,0.8927892154969255
0.8203592814371258,0.6942148760330579,0.7850467289719626,0.7368421052631579,0.9117707604265306,0.8869826161831783
0.8772455089820359,0.7523809523809524,0.8404255319148937,0.7939698492462312,0.9417996453900709,0.917690657272236
0.8173652694610778,0.6666666666666666,0.7422680412371134,0.7024390243902439,0.9026490930444995,0.8573309377213982
0.811377245508982,0.6666666666666666,0.8,0.7272727272727273,0.9160324391765441,0.8877188522121693
0.8203592814371258,0.6967213114754098,0.7870370370370371,0.7391304347826086,0.8997050147492626,0.8746818293991016
0.8383233532934131,0.71900826446281,0.8130841121495327,0.7631578947368421,0.9231339289390259,0.9010778029197379
0.8293413173652695,0.6850393700787402,0.8365384615384616,0.7532467532467533,0.9160535117056856,0.9016626565963549
0.811377245508982,0.6377952755905512,0.826530612244898,0.72,0.9101954341058458,0.8625512727226781
0.8173652694610778,0.7,0.7706422018348624,0.7336244541484717,0.89651376146789,0.8701542322585868
0.811377245508982,0.744,0.75,0.7469879518072289,0.8958141321044547,0.8817999060267397
0.844311377245509,0.7102803738317757,0.7835051546391752,0.7450980392156863,0.9223106703205881,0.8780822397675566
0.8293413173652695,0.7286821705426356,0.8103448275862069,0.7673469387755102,0.9202783929136349,0.9091947877328991
0.7964071856287425,0.626984126984127,0.79,0.6991150442477876,0.8713247863247864,0.8235535643733454
0.8592814371257484,0.7559055118110236,0.8571428571428571,0.803347280334728,0.9498873873873873,0.9324938495541066
0.8203592814371258,0.6904761904761905,0.8055555555555556,0.7435897435897436,0.9232628646345461,0.8935562575468051
0.8682634730538922,0.7734375,0.868421052631579,0.8181818181818182,0.9343700159489634,0.927591216040958
0.874251497005988,0.7850467289719626,0.8155339805825242,0.8,0.9335518850081956,0.9115390469279202
0.7994011976047904,0.6715328467153284,0.8070175438596491,0.7330677290836654,0.9085725677830943,0.8910119891749315
0.8293413173652695,0.6821705426356589,0.8461538461538461,0.7553648068669528,0.9262123745819397,0.9058782039700092
0.874251497005988,0.7459016393442623,0.8921568627450981,0.8125,0.9516565246788371,0.9246097058123063
0.8682634730538922,0.8099173553719008,0.8235294117647058,0.8166666666666667,0.9519640414305257,0.9411966013433648
0.7964071856287425,0.6544117647058824,0.8090909090909091,0.7235772357723578,0.9056006493506494,0.8751972959506804
0.8323353293413174,0.7213114754098361,0.8,0.7586206896551724,0.9245535714285713,0.8971000434826585
0.8473053892215568,0.7217391304347827,0.8137254901960784,0.7649769585253456,0.9353448275862069,0.9083737502679283
0.8323353293413174,0.725,0.7909090909090909,0.7565217391304347,0.921387987012987,0.8976240787816361
0.8083832335329342,0.6879432624113475,0.8290598290598291,0.751937984496124,0.9130725904919454,0.8860059155027781
0.8622754491017964,0.7652173913043478,0.822429906542056,0.7927927927927928,0.9186463007945983,0.8941918944560275
0.8383233532934131,0.75,0.8017241379310345,0.775,0.9187361594432142,0.8942058204637499
0.8562874251497006,0.7606837606837606,0.8165137614678899,0.7876106194690266,0.934026503567788,0.9062735333241749
0.844311377245509,0.7364341085271318,0.8407079646017699,0.7851239669421488,0.9310455291715052,0.9061614233477733
0.8143712574850299,0.6771653543307087,0.8037383177570093,0.7350427350427351,0.8918440446292561,0.8774051024768911
0.8323353293413174,0.725,0.7909090909090909,0.7565217391304347,0.9255681818181818,0.898655331920083
0.8413173652694611,0.6785714285714286,0.8172043010752689,0.7414634146341463,0.9201356355686432,0.8911022259719681
0.8952095808383234,0.7745098039215687,0.8681318681318682,0.8186528497409327,0.9389951612173835,0.9150700621009349
0.8203592814371258,0.68,0.8095238095238095,0.7391304347826086,0.9220627989186941,0.8906427731853485
0.8682634730538922,0.7851239669421488,0.8407079646017699,0.811965811965812,0.9424978977295478,0.9171042323019886
0.8383233532934131,0.6880733944954128,0.7894736842105263,0.7352941176470589,0.9148205241136314,0.8735290459305229
0.8173652694610778,0.7063492063492064,0.7876106194690266,0.7447698744769874,0.9264405558002643,0.9017202441276839
0.8323353293413174,0.7168141592920354,0.7714285714285715,0.7431192660550459,0.9118735703888542,0.8743158032309978
0.8203592814371258,0.6917293233082706,0.8288288288288288,0.7540983606557377,0.9219488546842807,0.897555594035138
0.811377245508982,0.6875,0.7927927927927928,0.7364016736401674,0.9064759827091666,0.8885959341089621
0.8323353293413174,0.7131147540983607,0.8055555555555556,0.7565217391304347,0.9092100950508031,0.8886095777677172
0.8323353293413174,0.6814159292035398,0.7938144329896907,0.7333333333333333,0.9079994780112227,0.8784268195851462
0.8802395209580839,0.7815126050420168,0.8691588785046729,0.8230088495575221,0.9434311828399686,0.919467695399323
0.8413173652694611,0.6984126984126984,0.8543689320388349,0.7685589519650655,0.9203967553482117,0.8981793291023178
0.8473053892215568,0.7520661157024794,0.8125,0.7811158798283262,0.9309443371943373,0.9076408148155315
0.8083832335329342,0.68,0.7798165137614679,0.7264957264957265,0.9027115188583079,0.8779406780808173
0.844311377245509,0.7295081967213115,0.8240740740740741,0.7739130434782608,0.9045804654211733,0.8845746484167517
0.8323353293413174,0.6825396825396826,0.8431372549019608,0.7543859649122807,0.9170892494929006,0.8926973966994578
0.8502994011976048,0.7307692307692307,0.8636363636363636,0.7916666666666666,0.9447240259740259,0.9254559143758994
0.8652694610778443,0.7479674796747967,0.8679245283018868,0.8034934497816594,0.9578781860311155,0.9363724776361178
0.8203592814371258,0.7016129032258065,0.7909090909090909,0.7435897435897436,0.9170454545454546,0.8948336833030186
0.8473053892215568,0.7404580152671756,0.8508771929824561,0.7918367346938775,0.9279904306220096,0.9189433281828107
0.8562874251497006,0.76,0.8407079646017699,0.7983193277310925,0.9298041885236055,0.9167774064979287
0.8263473053892215,0.7062937062937062,0.8632478632478633,0.7769230769230769,0.9298515104966718,0.9148898038144556
0.8203592814371258,0.7166666666666667,0.7678571428571429,0.7413793103448276,0.8828024453024452,0.8645575128559226
0.8562874251497006,0.7894736842105263,0.7894736842105263,0.7894736842105263,0.929066985645933,0.9112348295176715
0.8263473053892215,0.7,0.7924528301886793,0.7433628318584071,0.8997020854021847,0.8757427443172279
0.8233532934131736,0.6428571428571429,0.7912087912087912,0.7093596059113301,0.9067516845294623,0.8691639922631706
0.8323353293413174,0.7401574803149606,0.8034188034188035,0.7704918032786885,0.9186261766906929,0.9019729921924138
0.844311377245509,0.7355371900826446,0.8165137614678899,0.7739130434782608,0.9279102956167177,0.9079413105799942
0.8263473053892215,0.75,0.75,0.75,0.8982521354001899,0.8727236347531424
0.8293413173652695,0.712,0.8090909090909091,0.7574468085106383,0.9195616883116883,0.8908119271374935
0.844311377245509,0.7611940298507462,0.8360655737704918,0.796875,0.9341942468295701,0.9204665116908883
0.8532934131736527,0.7818181818181819,0.7747747747747747,0.7782805429864253,0.9345937866117239,0.9164938388502192
0.8353293413173652,0.7317073170731707,0.8035714285714286,0.7659574468085106,0.9142937580437581,0.892903153191712
0.8173652694610778,0.6810344827586207,0.7669902912621359,0.7214611872146118,0.9023662421720674,0.8602343110647933
0.8502994011976048,0.7391304347826086,0.8793103448275862,0.8031496062992126,0.9453891173679215,0.9308161184895597
0.8263473053892215,0.7142857142857143,0.7798165137614679,0.7456140350877193,0.9106625891946993,0.8852020930230943
0.8353293413173652,0.7203389830508474,0.794392523364486,0.7555555555555555,0.9186874716950059,0.8861474212596446
0.811377245508982,0.6833333333333333,0.7663551401869159,0.7224669603524229,0.8835275227469226,0.8603439852285971
0.8802395209580839,0.7706422018348624,0.8484848484848485,0.8076923076923077,0.9425316999785085,0.9250119253195822
0.8263473053892215,0.6854838709677419,0.8173076923076923,0.7456140350877193,0.9106605351170569,0.8817079618256802
0.8592814371257484,0.7672413793103449,0.8165137614678899,0.7911111111111111,0.9130682976554536,0.8955754665540921
0.8353293413173652,0.7130434782608696,0.7884615384615384,0.7488584474885844,0.9385451505016722,0.9108753056316758
0.8592814371257484,0.7368421052631579,0.8316831683168316,0.7813953488372093,0.9362597203926402,0.9101660986983027
0.8233532934131736,0.712,0.7946428571428571,0.7510548523206751,0.9056869369369369,0.8873298854500858
0.8532934131736527,0.7642276422764228,0.8245614035087719,0.7932489451476793,0.9285486443381179,0.9090059602207354
0.7934131736526946,0.6311475409836066,0.7623762376237624,0.6905829596412556,0.8646156461139676,0.826430197980402
0.8323353293413174,0.7033898305084746,0.7980769230769231,0.7477477477477478,0.9264214046822742,0.8873576416867573
0.8532934131736527,0.7704918032786885,0.8173913043478261,0.7932489451476793,0.9175302759579114,0.8928539522940949
0.8023952095808383,0.6428571428571429,0.7941176470588235,0.7105263157894737,0.8904665314401622,0.8550465733540715
0.8592814371257484,0.8067226890756303,0.8,0.803347280334728,0.9170171339563863,0.9132893234874758
0.8502994011976048,0.7589285714285714,0.7870370370370371,0.7727272727272727,0.9162979351032448,0.891114345851678
0.8053892215568862,0.6879432624113475,0.8220338983050848,0.749034749034749,0.9184714375392341,0.8947890046938888
0.8652694610778443,0.7672413793103449,0.8317757009345794,0.7982062780269058,0.9181110790892997,0.9054438339396063
0.8263473053892215,0.7096774193548387,0.8,0.7521367521367521,0.8893262987012988,0.8680006945361689
0.8323353293413174,0.7053571428571429,0.7745098039215687,0.7383177570093458,0.9134972954699121,0.878843997445998
0.8083832335329342,0.6554621848739496,0.7722772277227723,0.7090909090909091,0.9111460502273403,0.8634629714307098
0.8413173652694611,0.7478260869565218,0.7818181818181819,0.7644444444444445,0.9073863636363636,0.8783842724994715
0.8143712574850299,0.7014925373134329,0.8103448275862069,0.752,0.9006248022777602,0.8870818793275563
0.8473053892215568,0.7542372881355932,0.8018018018018018,0.777292576419214,0.9275643356360845,0.9069184429658284
0.811377245508982,0.6805555555555556,0.8521739130434782,0.7567567567567568,0.9322215604526505,0.9180303956695907
0.7964071856287425,0.6439393939393939,0.8018867924528302,0.7142857142857143,0.900446871896723,0.8486368034737671
0.8023952095808383,0.696,0.7565217391304347,0.725,0.9083978558665873,0.8903105864610814
0.7994011976047904,0.6370967741935484,0.7821782178217822,0.7022222222222222,0.9049844898652956,0.8713437923923986
0.8323353293413174,0.7407407407407407,0.8264462809917356,0.78125,0.9378419275986498,0.9220198764249761
0.8413173652694611,0.7394957983193278,0.8,0.7685589519650655,0.9275162337662337,0.9052729252066986
0.844311377245509,0.7288135593220338,0.8113207547169812,0.7678571428571429,0.9271350546176762,0.9002451001012225
0.811377245508982,0.7164179104477612,0.7933884297520661,0.7529411764705882,0.9073448958212083,0.8928601268787059
0.8832335329341318,0.7603305785123967,0.9019607843137255,0.8251121076233184,0.9534736308316429,0.9334933106847262
0.8233532934131736,0.675,0.801980198019802,0.7330316742081447,0.900097735095398,0.8793860410418055
0.8502994011976048,0.7637795275590551,0.8290598290598291,0.7950819672131147,0.9401315530347789,0.9193432766912615
0.8532934131736527,0.7165354330708661,0.875,0.7878787878787878,0.9527173913043478,0.9251147247737578
0.8233532934131736,0.6727272727272727,0.7628865979381443,0.714975845410628,0.9069555004567401,0.8711079202635376
0.7904191616766467,0.6517857142857143,0.7019230769230769,0.6759259259259259,0.89247491638796,0.8436938905926954
0.844311377245509,0.725,0.8207547169811321,0.7699115044247787,0.9311072492552135,0.9043191469772563
0.8143712574850299,0.648,0.8181818181818182,0.7232142857142857,0.9147646679561573,0.888420056655902
0.8562874251497006,0.7543859649122807,0.8113207547169812,0.7818181818181819,0.9316865276398545,0.9071163546266168
0.8652694610778443,0.7346938775510204,0.7912087912087912,0.7619047619047619,0.9195948084836975,0.8883373709223138
0.8263473053892215,0.7317073170731707,0.782608695652174,0.7563025210084033,0.9176891006551519,0.8952517463819087
0.8562874251497006,0.7387387387387387,0.8118811881188119,0.7735849056603774,0.9328602388135809,0.9018932371703567
0.8083832335329342,0.6515151515151515,0.8269230769230769,0.7288135593220338,0.8926839464882943,0.8653903976931318
0.8383233532934131,0.7007874015748031,0.8476190476190476,0.7672413793103449,0.9345809939696402,0.9119154654881485
0.8383233532934131,0.7355371900826446,0.8018018018018018,0.7672413793103449,0.9268775501959359,0.9073956822185021
0.8413173652694611,0.7734375,0.8048780487804879,0.7888446215139442,0.913998381689978,0.9010769252911438
0.8323353293413174,0.7596899224806202,0.7967479674796748,0.7777777777777778,0.9181982815088815,0.9044544872488505
0.8263473053892215,0.7205882352941176,0.8305084745762712,0.7716535433070866,0.9107423101067169,0.8958320407382759
0.8203592814371258,0.6666666666666666,0.8118811881188119,0.7321428571428571,0.9209620532868737,0.8851296467670733
0.7934131736526946,0.6694915254237288,0.7247706422018348,0.6960352422907489,0.8669520897043833,0.8478899710987531
0.8263473053892215,0.672,0.8316831683168316,0.7433628318584071,0.9428887094718056,0.9143188414029595
0.8413173652694611,0.6949152542372882,0.8282828282828283,0.7557603686635944,0.9412851923490222,0.906123705490809
0.8532934131736527,0.752,0.8392857142857143,0.7932489451476793,0.9371782496782497,0.915504518531691
0.8323353293413174,0.6454545454545455,0.8068181818181818,0.7171717171717171,0.9208240946045824,0.8650936428572834
0.8263473053892215,0.6929824561403509,0.7745098039215687,0.7314814814814815,0.9202586206896551,0.8859989060829989
0.8562874251497006,0.7410714285714286,0.8137254901960784,0.7757009345794392,0.9235125084516564,0.8890446694949897
0.811377245508982,0.7175572519083969,0.7833333333333333,0.749003984063745,0.9159267912772587,0.8996734917665482
0.8473053892215568,0.7230769230769231,0.8623853211009175,0.7866108786610879,0.932354740061162,0.9188929241299746
0.8592814371257484,0.7727272727272727,0.8571428571428571,0.8127490039840638,0.9430916552667579,0.9317965982957721
0.8023952095808383,0.6747967479674797,0.7614678899082569,0.7155172413793104,0.8846075433231397,0.8622926463515818
0.8622754491017964,0.7768595041322314,0.831858407079646,0.8034188034188035,0.9236375285308134,0.9130758608765536
0.8413173652694611,0.7142857142857143,0.8173076923076923,0.7623318385650224,0.9325250836120401,0.8929322928688446
0.8233532934131736,0.6992481203007519,0.8303571428571429,0.7591836734693878,0.9192808880308881,0.9030396329695944
0.8173652694610778,0.6923076923076923,0.853448275862069,0.7644787644787645,0.9214647263524203,0.9135451855897402
0.8772455089820359,0.7523809523809524,0.8404255319148937,0.7939698492462312,0.9222960992907802,0.8892230518517391
0.8353293413173652,0.725925925925926,0.8448275862068966,0.7808764940239044,0.9215438152483392,0.9144949123767366
0.8173652694610778,0.7162162162162162,0.848,0.7765567765567766,0.9089760765550239,0.9021828461243195
0.8502994011976048,0.6818181818181818,0.8333333333333334,0.75,0.9179417122040072,0.8891683319367082
0.8592814371257484,0.7631578947368421,0.8130841121495327,0.7873303167420814,0.9109473424183787,0.8916376281045936
0.8293413173652695,0.7313432835820896,0.8235294117647058,0.7747035573122529,0.9128395544264217,0.8962547386953983
0.7964071856287425,0.6610169491525424,0.7358490566037735,0.6964285714285714,0.8865855676928169,0.8473138364541777
0.8473053892215568,0.7129629629629629,0.7938144329896907,0.751219512195122,0.9227021619035191,0.8912544744172743
0.8383233532934131,0.752,0.8034188034188035,0.7768595041322314,0.9059041317105834,0.889778239786195
0.8143712574850299,0.6111111111111112,0.7674418604651163,0.6804123711340206,0.9131657914478619,0.8664006260586236
0.8233532934131736,0.6936936936936937,0.7549019607843137,0.7230046948356808,0.8925794455713321,0.8598212144999753
0.811377245508982,0.6904761904761905,0.7837837837837838,0.7341772151898734,0.8970225831212378,0.8875201299106404
0.8173652694610778,0.7301587301587301,0.773109243697479,0.7510204081632653,0.9034590580418214,0.883792910558934
0.8532934131736527,0.8064516129032258,0.8,0.8032128514056225,0.9224880382775119,0.9102268387410997
0.8652694610778443,0.7844827586206896,0.8198198198198198,0.801762114537445,0.9267563527653214,0.9100197843008243
0.7874251497005988,0.635036496350365,0.8055555555555556,0.710204081632653,0.9072435267125533,0.8844906798167599
0.7994011976047904,0.6666666666666666,0.7706422018348624,0.7148936170212766,0.8899082568807339,0.8636300498854163
0.8562874251497006,0.8085106382978723,0.8444444444444444,0.8260869565217391,0.9309882747068677,0.9303715859931618
0.844311377245509,0.7235772357723578,0.8317757009345794,0.7739130434782608,0.9332619704392936,0.9018206630623744
0.8413173652694611,0.7398373983739838,0.8125,0.774468085106383,0.9243082368082368,0.9105252518249718
0.8383233532934131,0.7363636363636363,0.7641509433962265,0.75,0.8935369083085071,0.8692842583790221
0.8203592814371258,0.7222222222222222,0.7222222222222222,0.7222222222222222,0.8813503769255981,0.8562143511453619
0.8383233532934131,0.7207207207207207,0.7766990291262136,0.7476635514018691,0.9023242130038247,0.8720782755395421
0.8562874251497006,0.7751937984496124,0.8403361344537815,0.8064516129032258,0.9479382450654681,0.9323039566722197
0.8173652694610778,0.7109375,0.7913043478260869,0.7489711934156379,0.9116934683343261,0.8919093579008988
0.8293413173652695,0.7264150943396226,0.7333333333333333,0.7298578199052133,0.9007278020378457,0.8703368008214182
0.8323353293413174,0.712,0.8165137614678899,0.7606837606837606,0.9265239551478085,0.9023774251508389
0.8143712574850299,0.6388888888888888,0.75,0.69,0.8762127200862377,0.8331924117644073
0.8473053892215568,0.7477477477477478,0.7830188679245284,0.7649769585253456,0.9227077126779212,0.8965491565390203
0.8473053892215568,0.6814159292035398,0.8369565217391305,0.751219512195122,0.9173553719008265,0.8852683026768513
0.8233532934131736,0.6774193548387096,0.8155339805825242,0.7400881057268722,0.9149329634766529,0.8902749942315576
0.8263473053892215,0.7053571428571429,0.7596153846153846,0.7314814814814815,0.9229096989966555,0.8873073210692684
0.8173652694610778,0.6542056074766355,0.7446808510638298,0.6965174129353234,0.8763297872340425,0.8403178575646798
0.8413173652694611,0.7317073170731707,0.8181818181818182,0.7725321888412017,0.9114042207792208,0.8986365080955852
0.8173652694610778,0.6846846846846847,0.7450980392156863,0.7136150234741784,0.8871281271129142,0.8512836443243706
0.8473053892215568,0.7394957983193278,0.8148148148148148,0.775330396475771,0.9408800393313669,0.9177259676117843
0.8802395209580839,0.7803030303030303,0.9035087719298246,0.8373983739837398,0.9470893141945773,0.9320131547872088
0.8502994011976048,0.6513761467889908,0.8554216867469879,0.7395833333333334,0.9448471175538808,0.8971597842187865
0.8532934131736527,0.753731343283582,0.8632478632478633,0.8047808764940239,0.9411950057111347,0.9237427837727715
0.7994011976047904,0.6864406779661016,0.7297297297297297,0.7074235807860262,0.8918110936048156,0.8630168557824534
0.8263473053892215,0.7043478260869566,0.7714285714285715,0.7363636363636363,0.8991474318985238,0.8820576844449335
0.8413173652694611,0.7181818181818181,0.7821782178217822,0.7488151658767772,0.9038796583521013,0.8746257827031962
0.8502994011976048,0.7037037037037037,0.8085106382978723,0.7524752475247525,0.9323581560283687,0.8985791402817395
0.8203592814371258,0.689922480620155,0.8165137614678899,0.7478991596638656,0.907033639143731,0.8826768886798786
0.8233532934131736,0.725,0.7699115044247787,0.7467811158798283,0.8776278380651104,0.8486178857787277
0.844311377245509,0.7413793103448276,0.7962962962962963,0.7678571428571429,0.9154785316289741,0.8858254832501665
0.8353293413173652,0.71900826446281,0.8055555555555556,0.759825327510917,0.9087184529662407,0.8872624038317908
0.844311377245509,0.6904761904761905,0.87,0.7699115044247787,0.9459829059829061,0.9093344059785987
0.8233532934131736,0.6949152542372882,0.780952380952381,0.7354260089686099,0.9098357246828863,0.8778078600485689
0.8413173652694611,0.7265625,0.8378378378378378,0.7782426778242678,0.9196865026461439,0.904022696070519
0.8473053892215568,0.7043478260869566,0.826530612244898,0.7605633802816901,0.925025942580422,0.898960038554996
0.8233532934131736,0.6728971962616822,0.75,0.7093596059113301,0.9045868347338937,0.8575869916307961
0.8083832335329342,0.6296296296296297,0.7391304347826086,0.68,0.8911246855910887,0.8463067806806358
0.8413173652694611,0.6896551724137931,0.8247422680412371,0.7511737089201878,0.9075209882987516,0.8739081316868813
0.811377245508982,0.6782608695652174,0.75,0.7123287671232876,0.8939381270903011,0.8564556215650714
0.8263473053892215,0.6776859504132231,0.8118811881188119,0.7387387387387387,0.9154378957209025,0.8892735713901275
0.8353293413173652,0.7310924369747899,0.7909090909090909,0.759825327510917,0.8934659090909092,0.8843150998841858
0.8323353293413174,0.7560975609756098,0.7815126050420168,0.768595041322314,0.8984561266367012,0.8928315651827237
0.8592814371257484,0.7419354838709677,0.8598130841121495,0.7965367965367965,0.9218988019267981,0.9029184873458797
0.8173652694610778,0.706766917293233,0.8103448275862069,0.7550200803212851,0.9174707371085099,0.8954530333408267
0.8502994011976048,0.7596899224806202,0.8376068376068376,0.7967479674796748,0.9427704911575879,0.9292945538014044
0.8143712574850299,0.7345132743362832,0.7217391304347827,0.7280701754385965,0.8792535239229701,0.8659161299096283
0.8562874251497006,0.7363636363636363,0.81,0.7714285714285715,0.9362393162393161,0.9017246511954297
0.8173652694610778,0.6893939393939394,0.8198198198198198,0.7489711934156379,0.9110410859289784,0.8883207210541597
0.8293413173652695,0.7426470588235294,0.8211382113821138,0.7799227799227799,0.9175047200708973,0.9149545211783051
0.8173652694610778,0.7345132743362832,0.7280701754385965,0.7312775330396476,0.9072169059011165,0.8821142681756056
0.8562874251497006,0.773109243697479,0.8141592920353983,0.7931034482758621,0.9295639290433668,0.9178333568226525
0.8203592814371258,0.7054794520547946,0.8583333333333333,0.7744360902255639,0.9268691588785046,0.9169405232217059
0.8293413173652695,0.7222222222222222,0.8053097345132744,0.7615062761506276,0.9152684899691668,0.9014236834393032
0.8682634730538922,0.7410714285714286,0.8469387755102041,0.7904761904761904,0.9435316499481148,0.9104835490626365
0.8323353293413174,0.7457627118644068,0.7719298245614035,0.7586206896551724,0.8894736842105264,0.8749737429264649
0.8383233532934131,0.7241379310344828,0.7924528301886793,0.7567567567567568,0.9160046342270771,0.8823806771243622
0.8532934131736527,0.782258064516129,0.8151260504201681,0.7983539094650206,0.9252687121360172,0.909138480257684
0.8383233532934131,0.7521367521367521,0.7787610619469026,0.7652173913043478,0.9300444480038442,0.9021392688491237
0.8263473053892215,0.7049180327868853,0.7962962962962963,0.7478260869565218,0.9173221894460832,0.8920682032544023
0.8502994011976048,0.7454545454545455,0.7884615384615384,0.7663551401869159,0.8963628762541807,0.8760519486640171
0.8293413173652695,0.7142857142857143,0.8108108108108109,0.759493670886076,0.9156869874358664,0.8869088780386498
0.8353293413173652,0.7155172413793104,0.7904761904761904,0.751131221719457,0.9340403410272407,0.9027459276081548
0.8562874251497006,0.7678571428571429,0.7962962962962963,0.7818181818181819,0.9296951819075712,0.9112390532050844
0.8473053892215568,0.7317073170731707,0.8333333333333334,0.7792207792207793,0.9335054080629301,0.9060279370328627
0.8173652694610778,0.6850393700787402,0.8055555555555556,0.7404255319148936,0.9175270403146509,0.8898912865336612
0.8053892215568862,0.6551724137931034,0.7524752475247525,0.7004608294930875,0.8997152934177538,0.8602258890078227
0.8293413173652695,0.7394366197183099,0.84,0.7865168539325843,0.9280765550239234,0.9209270944019313
0.8323353293413174,0.706766917293233,0.8468468468468469,0.7704918032786885,0.9306346705449844,0.9100181508537598
0.844311377245509,0.7631578947368421,0.7767857142857143,0.7699115044247787,0.9050032175032174,0.8886245481467366
0.8263473053892215,0.7117117117117117,0.7523809523809524,0.7314814814814815,0.9003950925348305,0.872531753380004
0.8323353293413174,0.7521367521367521,0.7652173913043478,0.7586206896551724,0.926384752829065,0.8964059632472485
0.8532934131736527,0.7435897435897436,0.8207547169811321,0.7802690582959642,0.9098394571333996,0.8927229781107303
0.8562874251497006,0.7876106194690266,0.7876106194690266,0.7876106194690266,0.9114643815320544,0.9006532835560063
0.8143712574850299,0.7258064516129032,0.7627118644067796,0.743801652892562,0.9156465787821719,0.8990130313634718
0.844311377245509,0.7155172413793104,0.8137254901960784,0.7614678899082569,0.9256676808654496,0.8961376975111963
0.8892215568862275,0.8220338983050848,0.8584070796460177,0.8398268398268398,0.9553517799223161,0.9446751172548438
0.8233532934131736,0.7075471698113207,0.7281553398058253,0.7177033492822966,0.9183793552725592,0.8726647158102323
0.8233532934131736,0.7073170731707317,0.7909090909090909,0.7467811158798283,0.9251623376623377,0.8966211243435647
0.8023952095808383,0.7016129032258065,0.75,0.725,0.9058842138563745,0.8819097535056382
0.811377245508982,0.6796875,0.7981651376146789,0.7341772151898734,0.9013251783893985,0.8763328315169434
0.8293413173652695,0.6746031746031746,0.8415841584158416,0.748898678414097,0.9146730123656142,0.900229896746402
0.8353293413173652,0.7047619047619048,0.7551020408163265,0.729064039408867,0.8967917675544794,0.8669827474581208
0.8353293413173652,0.71,0.7319587628865979,0.7208121827411168,0.900778633259385,0.8558776248246078
0.8353293413173652,0.7540983606557377,0.7863247863247863,0.7698744769874477,0.916971916971917,0.8942830726922799
0.8023952095808383,0.6771653543307087,0.7747747747747747,0.7226890756302521,0.8815497111461237,0.8650740728442424
0.7694610778443114,0.6222222222222222,0.7636363636363637,0.6857142857142857,0.8929788961038961,0.852689698078387
0.8233532934131736,0.6810344827586207,0.7821782178217822,0.728110599078341,0.9170951429906941,0.8655618965803883
0.8502994011976048,0.7213114754098361,0.8461538461538461,0.7787610619469026,0.9352842809364548,0.9180776217861326
0.8383233532934131,0.7931034482758621,0.7540983606557377,0.773109243697479,0.9224404577791524,0.9100382072794787
0.8203592814371258,0.6587301587301587,0.83,0.7345132743362832,0.9175213675213676,0.8897152448687451
0.8293413173652695,0.7272727272727273,0.6597938144329897,0.6918918918918919,0.8586715385619208,0.8156837653473821
0.8353293413173652,0.71900826446281,0.8055555555555556,0.759825327510917,0.9279744346116028,0.9017381909047054
0.8413173652694611,0.7222222222222222,0.8348623853211009,0.774468085106383,0.9383893985728848,0.9154758252907527
0.8413173652694611,0.7333333333333333,0.8073394495412844,0.7685589519650655,0.9322731906218145,0.9073272521134811
0.7964071856287425,0.625,0.7653061224489796,0.6880733944954128,0.8935489450017297,0.8413913042858586
0.8143712574850299,0.7299270072992701,0.8,0.7633587786259542,0.915712918660287,0.9061237443869221
0.8233532934131736,0.6791044776119403,0.8504672897196262,0.7551867219917012,0.914652723455062,0.8998302058717543
0.8532934131736527,0.7407407407407407,0.7920792079207921,0.7655502392344498,0.9173501041091233,0.8919254857833084
0.8532934131736527,0.7543859649122807,0.8037383177570093,0.7782805429864253,0.9131294001399811,0.8976292487857789
0.8203592814371258,0.6640625,0.8333333333333334,0.7391304347826086,0.9164131169709262,0.8884055231162118
0.8233532934131736,0.6916666666666667,0.7904761904761904,0.7377777777777778,0.9263464337700146,0.896509636665214
0.8053892215568862,0.7017543859649122,0.7207207207207207,0.7111111111111111,0.8824384923039632,0.8625122909183779
0.8383233532934131,0.7264957264957265,0.794392523364486,0.7589285714285714,0.91827576269093,0.8827599257769538
0.8263473053892215,0.6869565217391305,0.7821782178217822,0.7314814814814815,0.9031997620362895,0.8779088172944306
0.8622754491017964,0.7580645161290323,0.8545454545454545,0.8034188034188035,0.9301948051948051,0.9082023773990116
0.8532934131736527,0.734375,0.8623853211009175,0.7932489451476793,0.9306014271151886,0.9097760462669523
0.811377245508982,0.680327868852459,0.7757009345794392,0.7248908296943232,0.8987607558977314,0.8669835247002506
0.8263473053892215,0.7307692307692307,0.8050847457627118,0.7661290322580645,0.9314187068424357,0.918922695023254
0.8263473053892215,0.6764705882352942,0.7340425531914894,0.7040816326530612,0.8948138297872341,0.8404800908697062
0.8383233532934131,0.7480314960629921,0.811965811965812,0.7786885245901639,0.9076765528378432,0.9012390914351674
0.8592814371257484,0.7289719626168224,0.8125,0.7684729064039408,0.9245885854341738,0.8862067785132539
0.8263473053892215,0.7181208053691275,0.8699186991869918,0.7867647058823529,0.931568604785574,0.9264876063031875
0.8413173652694611,0.7295081967213115,0.8165137614678899,0.7705627705627706,0.9175942915392457,0.8975264396866232
0.8023952095808383,0.6640625,0.7870370370370371,0.7203389830508474,0.898434939364143,0.8722536471646539
0.8263473053892215,0.7521367521367521,0.7521367521367521,0.7521367521367521,0.8958997991256057,0.8744327540710604
0.811377245508982,0.6991869918699187,0.7678571428571429,0.7319148936170212,0.9123632561132561,0.879273322401761
0.8353293413173652,0.703125,0.8411214953271028,0.7659574468085106,0.9253983284614434,0.8891539224292679
0.8383233532934131,0.7265625,0.8303571428571429,0.775,0.9316682754182753,0.9098802575235588
0.8233532934131736,0.688,0.8113207547169812,0.7445887445887446,0.9148874544852698,0.8947357747847684
0.8383233532934131,0.7540983606557377,0.7931034482758621,0.773109243697479,0.9283850047453338,0.9134238101385218
0.8502994011976048,0.7768595041322314,0.8034188034188035,0.7899159663865546,0.9276064437354761,0.9124212904134903
0.8652694610778443,0.7304347826086957,0.8571428571428571,0.7887323943661971,0.9393808370805949,0.9122860385881048
0.8143712574850299,0.6611570247933884,0.7920792079207921,0.7207207207207207,0.9195597671355118,0.8868713869279754
0.811377245508982,0.7083333333333334,0.7522123893805309,0.7296137339055794,0.9083009650422457,0.8793658061453165
0.8562874251497006,0.7450980392156863,0.7755102040816326,0.76,0.9342355586302318,0.9002960307177481
